repository_name,github_url
00george/Driverless-Sim,https://github.com/00george/Driverless-Sim
0426orange/Apollo-Project,https://github.com/0426orange/Apollo-Project
0chonko/HPC-net-bench,https://github.com/0chonko/HPC-net-bench
0xMaka/barraCUDA,https://github.com/0xMaka/barraCUDA
11011010/BFA-Frankenstein-Core,https://github.com/11011010/BFA-Frankenstein-Core
1180779/SpheresRaycasting,https://github.com/1180779/SpheresRaycasting
11thmeu/comp,https://github.com/11thmeu/comp
130120013/MathExprParser,https://github.com/130120013/MathExprParser
1337bowen/TitanSoftwareArchive,https://github.com/1337bowen/TitanSoftwareArchive
13Karl/CUDA-Image-and-Video-codec,https://github.com/13Karl/CUDA-Image-and-Video-codec
1581304415qq/BetaFlight-ESP32,https://github.com/1581304415qq/BetaFlight-ESP32
2000gmod/ProyectoSoftcomputing,https://github.com/2000gmod/ProyectoSoftcomputing
2005HAK/Terra,https://github.com/2005HAK/Terra
216k155/ccminer-phi-anxmod,https://github.com/216k155/ccminer-phi-anxmod
2656657838/live-face-detection,https://github.com/2656657838/live-face-detection
2bite/ARK-SDK,https://github.com/2bite/ARK-SDK
2lian/Legged-Robot-Movability-Cuda,https://github.com/2lian/Legged-Robot-Movability-Cuda
34th-Arma-Company/Phantom-Company-Aux-Mod,https://github.com/34th-Arma-Company/Phantom-Company-Aux-Mod
3drobotics/PX4Firmware-solo,https://github.com/3drobotics/PX4Firmware-solo
3drobotics/ardupilot-solo-rebase,https://github.com/3drobotics/ardupilot-solo-rebase
3noix/UJPS,https://github.com/3noix/UJPS
44697665727365/ASA,https://github.com/44697665727365/ASA
4dmud/mud,https://github.com/4dmud/mud
565353780/chamfer-distance,https://github.com/565353780/chamfer-distance
686879/Myardupilot-4.5.5,https://github.com/686879/Myardupilot-4.5.5
8fm/openw3,https://github.com/8fm/openw3
95616ARG/SyReNN_GPU,https://github.com/95616ARG/SyReNN_GPU
95A31/MDD-LNS,https://github.com/95A31/MDD-LNS
96lives/ssen,https://github.com/96lives/ssen
9woods123/Airsim_faster_rgbd,https://github.com/9woods123/Airsim_faster_rgbd
A-006/lcao,https://github.com/A-006/lcao
ABCnutter/Deploy,https://github.com/ABCnutter/Deploy
AFMartinezF/mfem_prueba,https://github.com/AFMartinezF/mfem_prueba
AFei19911012/PythonSamples,https://github.com/AFei19911012/PythonSamples
AHAEIVA/DFKI_tests,https://github.com/AHAEIVA/DFKI_tests
AIS-SNU/PathWeaver,https://github.com/AIS-SNU/PathWeaver
AMS21/PreyRun,https://github.com/AMS21/PreyRun
ANCL/UAV_DOBBS,https://github.com/ANCL/UAV_DOBBS
ANCL/UAV_DOBIBS,https://github.com/ANCL/UAV_DOBIBS
ANCL/UAV_DOBIBS_DRAG,https://github.com/ANCL/UAV_DOBIBS_DRAG
ANCL/UAV_DOBIBS_V2,https://github.com/ANCL/UAV_DOBIBS_V2
ANL-CESAR/RSBench,https://github.com/ANL-CESAR/RSBench
AOSPA/android_kernel_xiaomi_msm8953,https://github.com/AOSPA/android_kernel_xiaomi_msm8953
AOSPA/android_kernel_xiaomi_msm8998,https://github.com/AOSPA/android_kernel_xiaomi_msm8998
APM602/APM602,https://github.com/APM602/APM602
ARG-NCTU/seadrone_ros,https://github.com/ARG-NCTU/seadrone_ros
ASA-Simulation/mixr,https://github.com/ASA-Simulation/mixr
ASKSAP/android_kernel_samsung_a12,https://github.com/ASKSAP/android_kernel_samsung_a12
ATLFlight/snav_fci,https://github.com/ATLFlight/snav_fci
AUV-IITK/Varun-Software,https://github.com/AUV-IITK/Varun-Software
AUVL/ardupilot-origin,https://github.com/AUVL/ardupilot-origin
AVSLab/basilisk,https://github.com/AVSLab/basilisk
AXIHIXA/CudaDemo,https://github.com/AXIHIXA/CudaDemo
AXIHIXA/McInt,https://github.com/AXIHIXA/McInt
AXIHIXA/Memo,https://github.com/AXIHIXA/Memo
Aang1214/MultiplayerGame,https://github.com/Aang1214/MultiplayerGame
AcnodeLabs/AlgeSDK,https://github.com/AcnodeLabs/AlgeSDK
Adam27X/graph-utils,https://github.com/Adam27X/graph-utils
Adam27X/hybrid_BC,https://github.com/Adam27X/hybrid_BC
AdelSaidani/mini_girona_adel,https://github.com/AdelSaidani/mini_girona_adel
AdelaideAuto-IDLab/Megopolis,https://github.com/AdelaideAuto-IDLab/Megopolis
Adem-Cehajic/adem_c,https://github.com/Adem-Cehajic/adem_c
Adibprak0911/automated_planogram_compliance,https://github.com/Adibprak0911/automated_planogram_compliance
AdityaAndaluri/Brooruvka-MST,https://github.com/AdityaAndaluri/Brooruvka-MST
AdnanJaljuli/KAUST-Hierarchical-Matrices,https://github.com/AdnanJaljuli/KAUST-Hierarchical-Matrices
Adrian-Diaz/Temporary_CAC,https://github.com/Adrian-Diaz/Temporary_CAC
AdvancedPhotonSource/ptychopy,https://github.com/AdvancedPhotonSource/ptychopy
Aeneas137/starflight-tlc,https://github.com/Aeneas137/starflight-tlc
AeonLucid/SDK-DarwinProject,https://github.com/AeonLucid/SDK-DarwinProject
AerospaceVillage/avBadge_2023,https://github.com/AerospaceVillage/avBadge_2023
Aerotenna/APM_OcPoC_Zynq,https://github.com/Aerotenna/APM_OcPoC_Zynq
Agade09/CSB-Runner-Arena,https://github.com/Agade09/CSB-Runner-Arena
AgastyaKro/Rocket-Simulator,https://github.com/AgastyaKro/Rocket-Simulator
Ahdhn/EEC289Q,https://github.com/Ahdhn/EEC289Q
AhmedHumais/USVFirmware,https://github.com/AhmedHumais/USVFirmware
Akaito/reassembly-ai-mod-example,https://github.com/Akaito/reassembly-ai-mod-example
AkellaSummerResearch/mav_trajectory_generation,https://github.com/AkellaSummerResearch/mav_trajectory_generation
Aki78/FlightAI,https://github.com/Aki78/FlightAI
Aklice-new/CUDAKernels,https://github.com/Aklice-new/CUDAKernels
Akodiat/oxDNA_torsion,https://github.com/Akodiat/oxDNA_torsion
Al0ha0e/gpu_cc_tb,https://github.com/Al0ha0e/gpu_cc_tb
Alan-Leo-Wong/CPPToyDemo,https://github.com/Alan-Leo-Wong/CPPToyDemo
Alansi775/ROS2_UAV_PX4,https://github.com/Alansi775/ROS2_UAV_PX4
AleGB29/uav_sim,https://github.com/AleGB29/uav_sim
AlecAivazis/condorBatch,https://github.com/AlecAivazis/condorBatch
AlecAivazis/susy,https://github.com/AlecAivazis/susy
AlexDev404/RetardGameServer,https://github.com/AlexDev404/RetardGameServer
AlexanderDzhoganov/mame-netplay,https://github.com/AlexanderDzhoganov/mame-netplay
AlexandreCA/Vanadiel_XI,https://github.com/AlexandreCA/Vanadiel_XI
Alexey-T/lexer_tests,https://github.com/Alexey-T/lexer_tests
Alfaj10408/stable-fast-3d-main-alfaj,https://github.com/Alfaj10408/stable-fast-3d-main-alfaj
AlirezaAbrishami/rocketTVCSimulation,https://github.com/AlirezaAbrishami/rocketTVCSimulation
Alone0316/kernel_mido,https://github.com/Alone0316/kernel_mido
AmberELEC/kernel_rg353,https://github.com/AmberELEC/kernel_rg353
AmpereComputingAI/Paddle,https://github.com/AmpereComputingAI/Paddle
AmritaMaitra/spark,https://github.com/AmritaMaitra/spark
Andeshog/thrust_allocation_methods,https://github.com/Andeshog/thrust_allocation_methods
AndiH/CUDA-course,https://github.com/AndiH/CUDA-course
AndreSlavescu/EasyAI,https://github.com/AndreSlavescu/EasyAI
Andrettin/Wyrmgus,https://github.com/Andrettin/Wyrmgus
AndruGomes13/agilicious_internal_mine,https://github.com/AndruGomes13/agilicious_internal_mine
AngelTs/vanitygen-plusplus-ported-for-VS2019,https://github.com/AngelTs/vanitygen-plusplus-ported-for-VS2019
Angelosef/tank_0_0_0,https://github.com/Angelosef/tank_0_0_0
Aniesh04/AI-Powered-Document-Insights,https://github.com/Aniesh04/AI-Powered-Document-Insights
AnkaChan/Gaia,https://github.com/AnkaChan/Gaia
AnkaChan/Glider-A-High-Performance-GPU-Collision-Detector,https://github.com/AnkaChan/Glider-A-High-Performance-GPU-Collision-Detector
Ankush0903/Indoor-Mapping-Using-Semantic-3D-SLAM-in-ROS,https://github.com/Ankush0903/Indoor-Mapping-Using-Semantic-3D-SLAM-in-ROS
AnnaTrainingG/cudaTest,https://github.com/AnnaTrainingG/cudaTest
AntaresAlice/RTScan,https://github.com/AntaresAlice/RTScan
AnthIste/Asteroids,https://github.com/AnthIste/Asteroids
Anthonyl14201/CADAC-Testing,https://github.com/Anthonyl14201/CADAC-Testing
Appa002/halitBot,https://github.com/Appa002/halitBot
Appendme/kernel_4.9,https://github.com/Appendme/kernel_4.9
Aqua12138/FluidRobotLab,https://github.com/Aqua12138/FluidRobotLab
Arc816/Ardupolit-ADRC,https://github.com/Arc816/Ardupolit-ADRC
ArchaeaSoftware/cudahandbook,https://github.com/ArchaeaSoftware/cudahandbook
Archive-42/Learning-Assets,https://github.com/Archive-42/Learning-Assets
ArduPilot/ardupilot,https://github.com/ArduPilot/ardupilot
AreyanR/ML-Agents-Racing-Simulation,https://github.com/AreyanR/ML-Agents-Racing-Simulation
AreyanR/ML-Ecosystem,https://github.com/AreyanR/ML-Ecosystem
AroundPeking/PM_abacus,https://github.com/AroundPeking/PM_abacus
ArtBot2023/openmw,https://github.com/ArtBot2023/openmw
ArtificialZeng/pytorch-explained,https://github.com/ArtificialZeng/pytorch-explained
Artoria2e5/obtr,https://github.com/Artoria2e5/obtr
ArtyZe/yolo_segmentation,https://github.com/ArtyZe/yolo_segmentation
AsTonyshment/ABACUS_MC,https://github.com/AsTonyshment/ABACUS_MC
AscEmu/AscEmu_TBC,https://github.com/AscEmu/AscEmu_TBC
Ascend/mindspore,https://github.com/Ascend/mindspore
Ash-Zheng/SC_artifacts_eval,https://github.com/Ash-Zheng/SC_artifacts_eval
Ashley65/SpaceEnvir,https://github.com/Ashley65/SpaceEnvir
Assaker21/nxp-cup-adastra,https://github.com/Assaker21/nxp-cup-adastra
Astro-Coco/Drone-Sim,https://github.com/Astro-Coco/Drone-Sim
AstroColony-Modding/CPP-Headers,https://github.com/AstroColony-Modding/CPP-Headers
AstroGPU/ExofastGpu,https://github.com/AstroGPU/ExofastGpu
AudacySpace/quindar-gmat,https://github.com/AudacySpace/quindar-gmat
AustinSnyd3r/FlockingProject,https://github.com/AustinSnyd3r/FlockingProject
Auterion/px4-ros2-interface-lib,https://github.com/Auterion/px4-ros2-interface-lib
AveryMadness/raider,https://github.com/AveryMadness/raider
Axtal/mechsys,https://github.com/Axtal/mechsys
Aymccar/Underwater_OptFlw,https://github.com/Aymccar/Underwater_OptFlw
Ayush-Zone/Betaflight-ESP-Port,https://github.com/Ayush-Zone/Betaflight-ESP-Port
AzuxDario/Marsy,https://github.com/AzuxDario/Marsy
BHSPitMonkey/Helii-Arduboy,https://github.com/BHSPitMonkey/Helii-Arduboy
BHavikJ12/ardupilot_gazebo,https://github.com/BHavikJ12/ardupilot_gazebo
BMCDad/orbiter-sr71r,https://github.com/BMCDad/orbiter-sr71r
BUZZ-Blimps/BlimpCore,https://github.com/BUZZ-Blimps/BlimpCore
BachiLi/redner,https://github.com/BachiLi/redner
BaileySri/Practical-Software-Defense-for-GPS-Spoofing-on-a-Hobby-UAV,https://github.com/BaileySri/Practical-Software-Defense-for-GPS-Spoofing-on-a-Hobby-UAV
Baizx98/BCGraph,https://github.com/Baizx98/BCGraph
Balavarun5/heterogeneous_mst,https://github.com/Balavarun5/heterogeneous_mst
BangRocket/netdoom,https://github.com/BangRocket/netdoom
Baowen648/github-cbdb,https://github.com/Baowen648/github-cbdb
Bariumoxid/lander,https://github.com/Bariumoxid/lander
Basher4/LearningCuda,https://github.com/Basher4/LearningCuda
BavoLesy/ASVSim,https://github.com/BavoLesy/ASVSim
Bayhaqieee/MoU_LoA_Extractor,https://github.com/Bayhaqieee/MoU_LoA_Extractor
BearBiscuit05/capsule_dgl_0.9,https://github.com/BearBiscuit05/capsule_dgl_0.9
BearIvan/Stalker,https://github.com/BearIvan/Stalker
BearOwner/bearmod,https://github.com/BearOwner/bearmod
BenMcLean/WOLF3D,https://github.com/BenMcLean/WOLF3D
BenbenIO/simple-Mavlink-C-rover,https://github.com/BenbenIO/simple-Mavlink-C-rover
BenjaminTrapani/gpu-no-sql,https://github.com/BenjaminTrapani/gpu-no-sql
BestLoveForYou/AstralPathCuda,https://github.com/BestLoveForYou/AstralPathCuda
BigBrotherHui/MITK_THA,https://github.com/BigBrotherHui/MITK_THA
BigDinky420/FanEdit,https://github.com/BigDinky420/FanEdit
BirchJD/AsteroidsSDL,https://github.com/BirchJD/AsteroidsSDL
Biu-G/hip_relion,https://github.com/Biu-G/hip_relion
Biu-G/libtorch_source,https://github.com/Biu-G/libtorch_source
BlackStormDSW/ShipControl3D,https://github.com/BlackStormDSW/ShipControl3D
Bloodication/5.4.7-Community-Source,https://github.com/Bloodication/5.4.7-Community-Source
BluRosie/hg-engine,https://github.com/BluRosie/hg-engine
BoXHED/BoXHED2.0-source-code,https://github.com/BoXHED/BoXHED2.0-source-code
BonexGoo/Blik2D-SDK,https://github.com/BonexGoo/Blik2D-SDK
BorisLestsov/BoxBlurGPU,https://github.com/BorisLestsov/BoxBlurGPU
Born2Potato/H1,https://github.com/Born2Potato/H1
Brabb3l/UtilityMod,https://github.com/Brabb3l/UtilityMod
BrightenWu/Qt-BgMatte,https://github.com/BrightenWu/Qt-BgMatte
BruJu/AdventOfCode,https://github.com/BruJu/AdventOfCode
Buanderie/gpufrustum,https://github.com/Buanderie/gpufrustum
Bufffer/Emerald,https://github.com/Bufffer/Emerald
BulletGG/fatality-source-code,https://github.com/BulletGG/fatality-source-code
BuptCIAGroup/SpecSeqPlusPlus,https://github.com/BuptCIAGroup/SpecSeqPlusPlus
ByteHamster/alias-table-gpu,https://github.com/ByteHamster/alias-table-gpu
CASR-HKU/ESDA,https://github.com/CASR-HKU/ESDA
CENOS-Platform/third-party,https://github.com/CENOS-Platform/third-party
CIS565-Fall-2013/Project4-Rasterizer,https://github.com/CIS565-Fall-2013/Project4-Rasterizer
CJHMPower/A-simple-cuda-render,https://github.com/CJHMPower/A-simple-cuda-render
CODARcode/MGARD,https://github.com/CODARcode/MGARD
CRAFT-THU/RoDe,https://github.com/CRAFT-THU/RoDe
CSD-AI/Integrated-detection-and-pedestrian-re-identification-system,https://github.com/CSD-AI/Integrated-detection-and-pedestrian-re-identification-system
CSNetGhost/hello,https://github.com/CSNetGhost/hello
CT-Hung/moos-ntu-heron,https://github.com/CT-Hung/moos-ntu-heron
CTLab-ITMO/LIVBOC,https://github.com/CTLab-ITMO/LIVBOC
CUDAPerf/CUDAPerf,https://github.com/CUDAPerf/CUDAPerf
CVMI-Lab/Deformable-Radial-Kernel-Splatting,https://github.com/CVMI-Lab/Deformable-Radial-Kernel-Splatting
Cabbott118/pokeemerald-expansion-master,https://github.com/Cabbott118/pokeemerald-expansion-master
CalvinStudio/domain-decomposition-release,https://github.com/CalvinStudio/domain-decomposition-release
CamRW/CalPoly_AGV,https://github.com/CamRW/CalPoly_AGV
CarbonixUAV/cxpilot-core,https://github.com/CarbonixUAV/cxpilot-core
Carlreedme/Sakray,https://github.com/Carlreedme/Sakray
CelestialLemon/Asteroids,https://github.com/CelestialLemon/Asteroids
CengizPoyraz/ParallelProcessing,https://github.com/CengizPoyraz/ParallelProcessing
CertiKOS/ardupilot-xor,https://github.com/CertiKOS/ardupilot-xor
Cesea/Portfolio,https://github.com/Cesea/Portfolio
Cevheri-Software/Cevheri_sim,https://github.com/Cevheri-Software/Cevheri_sim
ChArLiEdance/P0lina,https://github.com/ChArLiEdance/P0lina
ChenJiahao031008/Numerical_Optimization,https://github.com/ChenJiahao031008/Numerical_Optimization
ChenXJ295/UAVCombat,https://github.com/ChenXJ295/UAVCombat
ChenhanYu/hmlp,https://github.com/ChenhanYu/hmlp
Chenjq-99/Numerical_Optimization_In_Robots,https://github.com/Chenjq-99/Numerical_Optimization_In_Robots
Chenmop/JadeCore547,https://github.com/Chenmop/JadeCore547
Cherryblossomnight/jsk_aerial_robot_dev,https://github.com/Cherryblossomnight/jsk_aerial_robot_dev
Chia-Network/bladebit,https://github.com/Chia-Network/bladebit
ChinYing-Li/CUDA-kdtree,https://github.com/ChinYing-Li/CUDA-kdtree
Chris-AC9KH/HeliPilot,https://github.com/Chris-AC9KH/HeliPilot
ChristopherRabotin/GMAT,https://github.com/ChristopherRabotin/GMAT
CiciKusRC/CiciPilot,https://github.com/CiciKusRC/CiciPilot
Cindytb/Convolution-Reverb-Benchmarks,https://github.com/Cindytb/Convolution-Reverb-Benchmarks
Cindytb/Jefferson-2.0,https://github.com/Cindytb/Jefferson-2.0
Cleanwn/Stand,https://github.com/Cleanwn/Stand
Cleanwn/YimMenuV2-Enhanced,https://github.com/Cleanwn/YimMenuV2-Enhanced
Clocktown/CUDA-Dune-Simulation,https://github.com/Clocktown/CUDA-Dune-Simulation
ClowReed32/Cthugha-Engine-Demos,https://github.com/ClowReed32/Cthugha-Engine-Demos
Codeant-GitHub/ChronixV2-enhanced,https://github.com/Codeant-GitHub/ChronixV2-enhanced
Codeant-GitHub/YimMenuV2-enhanced,https://github.com/Codeant-GitHub/YimMenuV2-enhanced
CodingAnarchy/athens,https://github.com/CodingAnarchy/athens
CoinCheung/pytorch-loss,https://github.com/CoinCheung/pytorch-loss
ColfaxResearch/cutlass-kernels,https://github.com/ColfaxResearch/cutlass-kernels
CommediaJW/GPU-Feature-Quantization,https://github.com/CommediaJW/GPU-Feature-Quantization
ComputationalRadiationPhysics/QonGPU,https://github.com/ComputationalRadiationPhysics/QonGPU
ComputerGraphicsGroup-CityUEE/OptixDenoiser,https://github.com/ComputerGraphicsGroup-CityUEE/OptixDenoiser
ComputerGraphicsGroup-CityUEE/TempVisibilityGen,https://github.com/ComputerGraphicsGroup-CityUEE/TempVisibilityGen
ConorHetland/asteroids,https://github.com/ConorHetland/asteroids
ConstanceDev/book_projector,https://github.com/ConstanceDev/book_projector
CornellDataScience/self-driving-car,https://github.com/CornellDataScience/self-driving-car
CrazyTrain2022/CrazyTrain2022,https://github.com/CrazyTrain2022/CrazyTrain2022
CrimsonDespair/BFA,https://github.com/CrimsonDespair/BFA
Cronus-Emulator/-SOCERO-emulador,https://github.com/Cronus-Emulator/-SOCERO-emulador
CrowEater/Selaco,https://github.com/CrowEater/Selaco
Cryptum169/another-cuda-sift,https://github.com/Cryptum169/another-cuda-sift
CyanogenMod/android_kernel_samsung_jf,https://github.com/CyanogenMod/android_kernel_samsung_jf
Cybeaster/Renderer,https://github.com/Cybeaster/Renderer
Cybertwip/magnos,https://github.com/Cybertwip/magnos
Cyclone-Robosub/Command_Interpreter,https://github.com/Cyclone-Robosub/Command_Interpreter
Cypall/OpenAthena,https://github.com/Cypall/OpenAthena
Cypall/bAthena,https://github.com/Cypall/bAthena
Cypall/cAthena,https://github.com/Cypall/cAthena
DKrasauskas/3D-CFD,https://github.com/DKrasauskas/3D-CFD
DKrasauskas/Barnes-Hut-Gravity-Sim,https://github.com/DKrasauskas/Barnes-Hut-Gravity-Sim
DPCT-Companion/racon_dpcpp,https://github.com/DPCT-Companion/racon_dpcpp
DREAMS-lab/Firmware,https://github.com/DREAMS-lab/Firmware
DSPii/AirshipArdupilot,https://github.com/DSPii/AirshipArdupilot
DaanWoltgens/CompactCuckoo,https://github.com/DaanWoltgens/CompactCuckoo
Daivuk/wolf3d-shaders,https://github.com/Daivuk/wolf3d-shaders
DanNegrut/ME759-2023,https://github.com/DanNegrut/ME759-2023
DanilishinArtem/mavlink,https://github.com/DanilishinArtem/mavlink
Darksonn/newton-riemann,https://github.com/Darksonn/newton-riemann
DavidToneian/OpenMPCD,https://github.com/DavidToneian/OpenMPCD
Davis-Fan/X-TED,https://github.com/Davis-Fan/X-TED
DawyD/bm3d-gpu,https://github.com/DawyD/bm3d-gpu
Daydream0929/MNN_RV,https://github.com/Daydream0929/MNN_RV
DeLightCMU/MAL,https://github.com/DeLightCMU/MAL
DeadAt0m/LSQFakeQuantize-PyTorch,https://github.com/DeadAt0m/LSQFakeQuantize-PyTorch
Deadlineem/ChronixV2,https://github.com/Deadlineem/ChronixV2
Deadlineem/GTAV-Classes,https://github.com/Deadlineem/GTAV-Classes
Debian/pytorch,https://github.com/Debian/pytorch
DeepWok/mase-cuda,https://github.com/DeepWok/mase-cuda
DenisPGH/hades,https://github.com/DenisPGH/hades
DependableSystemsLab/pid-piper,https://github.com/DependableSystemsLab/pid-piper
DependableSystemsLab/stealthy-attacks,https://github.com/DependableSystemsLab/stealthy-attacks
DescentNetwork/Descent3,https://github.com/DescentNetwork/Descent3
Destroyerrrocket/doomseeker-unofficial,https://github.com/Destroyerrrocket/doomseeker-unofficial
Devanand2501/JuristAI,https://github.com/Devanand2501/JuristAI
Digital1O1/VirtueXRGlasses,https://github.com/Digital1O1/VirtueXRGlasses
DigitalHolography/Holovibes-API,https://github.com/DigitalHolography/Holovibes-API
Diksha-agg/Firmware_val,https://github.com/Diksha-agg/Firmware_val
DikuMUDOmnibus/OmegaMUD,https://github.com/DikuMUDOmnibus/OmegaMUD
DimaKuzmin/SDK,https://github.com/DimaKuzmin/SDK
DimaTrushin/TypingAnalysis,https://github.com/DimaTrushin/TypingAnalysis
DipuYadav5253/GeoLocalization-App,https://github.com/DipuYadav5253/GeoLocalization-App
Doctor-Proton/USB_to_RC,https://github.com/Doctor-Proton/USB_to_RC
DoglasRocha/no-johnson-adventures,https://github.com/DoglasRocha/no-johnson-adventures
Dolphiniac/Asteroids,https://github.com/Dolphiniac/Asteroids
Doom-modding-and-etc/Wolf4SDL-CPP,https://github.com/Doom-modding-and-etc/Wolf4SDL-CPP
Dotachuan/tvm_code,https://github.com/Dotachuan/tvm_code
DrLea/ROS3_BURGER_NOETIC,https://github.com/DrLea/ROS3_BURGER_NOETIC
DrThugster/Arogo,https://github.com/DrThugster/Arogo
Dracks/crrcsim,https://github.com/Dracks/crrcsim
DragonMyth/PyFlexControl,https://github.com/DragonMyth/PyFlexControl
Dreadnought-Robotics/Project-Mira,https://github.com/Dreadnought-Robotics/Project-Mira
Drona-Org/Drona-DMR,https://github.com/Drona-Org/Drona-DMR
Dropter/CC3Dropter,https://github.com/Dropter/CC3Dropter
DusteDdk/Osgg,https://github.com/DusteDdk/Osgg
DvDC13/IRGPUA,https://github.com/DvDC13/IRGPUA
EBD-CREST/nsparse,https://github.com/EBD-CREST/nsparse
EC-AI/halite2,https://github.com/EC-AI/halite2
ECP-ExaGraph/grappolo,https://github.com/ECP-ExaGraph/grappolo
EXP-code/EXP,https://github.com/EXP-code/EXP
Eaglewzw/Light_DT,https://github.com/Eaglewzw/Light_DT
EatAllBugs/autonomous_learning,https://github.com/EatAllBugs/autonomous_learning
Edwardius/nerf-optimization,https://github.com/Edwardius/nerf-optimization
EelKor/ROS2_Foxy_AE_AnomalyDetection,https://github.com/EelKor/ROS2_Foxy_AE_AnomalyDetection
EggAgainstStone/PX4_ZK,https://github.com/EggAgainstStone/PX4_ZK
Eggy115/CUDA,https://github.com/Eggy115/CUDA
Elad73/PythonTutorials,https://github.com/Elad73/PythonTutorials
Elchanz3/android_kernel_samsung_exynos2400,https://github.com/Elchanz3/android_kernel_samsung_exynos2400
EldarMuradov/OpenPS,https://github.com/EldarMuradov/OpenPS
EldenRingQuestGiver/EldenRingQuestLog,https://github.com/EldenRingQuestGiver/EldenRingQuestLog
ElsevierSoftwareX/SOFTX-D-15-00085,https://github.com/ElsevierSoftwareX/SOFTX-D-15-00085
ElsevierSoftwareX/SOFTX-D-16-00025,https://github.com/ElsevierSoftwareX/SOFTX-D-16-00025
Enigmatisms/cuda-pt,https://github.com/Enigmatisms/cuda-pt
EnjoyLifeFund/macHighSierra-py36-pkgs,https://github.com/EnjoyLifeFund/macHighSierra-py36-pkgs
EnnSou/ooss-paddle2.3,https://github.com/EnnSou/ooss-paddle2.3
EntityErrorr/ImageSense,https://github.com/EntityErrorr/ImageSense
EquipeTerra/Yvy,https://github.com/EquipeTerra/Yvy
ErayEroglu/CMPE-478-Parallel-Processing,https://github.com/ErayEroglu/CMPE-478-Parallel-Processing
Ericzhaoforu/B_Sim,https://github.com/Ericzhaoforu/B_Sim
Erkey830/Volt,https://github.com/Erkey830/Volt
ErnestF22/cudars,https://github.com/ErnestF22/cudars
Evervolv/android_kernel_hardkernel_odroidn2,https://github.com/Evervolv/android_kernel_hardkernel_odroidn2
FALL1N1/Leak547,https://github.com/FALL1N1/Leak547
FALL1N1/WoWCircle-5.4.7,https://github.com/FALL1N1/WoWCircle-5.4.7
FSC-Lab/fsc_autopilot,https://github.com/FSC-Lab/fsc_autopilot
FWGS/NS,https://github.com/FWGS/NS
FXIhub/spsim,https://github.com/FXIhub/spsim
FaithZL/LumiRender,https://github.com/FaithZL/LumiRender
FakePsyho/halite2,https://github.com/FakePsyho/halite2
FattahHanafi/autonomous_excavation,https://github.com/FattahHanafi/autonomous_excavation
FattahHanafi/marching_cubes,https://github.com/FattahHanafi/marching_cubes
Fedesky25/HPC-project-2024,https://github.com/Fedesky25/HPC-project-2024
Feng-Jiang28/partitioned_join,https://github.com/Feng-Jiang28/partitioned_join
Feng1909/CRAIC_Real,https://github.com/Feng1909/CRAIC_Real
FerdinandHu99/MultiUAVSim_Qt,https://github.com/FerdinandHu99/MultiUAVSim_Qt
Fexty12573/mhst2-save-editor,https://github.com/Fexty12573/mhst2-save-editor
FinModA3/development,https://github.com/FinModA3/development
Firojpaudel/100_days_of_CUDA,https://github.com/Firojpaudel/100_days_of_CUDA
FlagBrew/PKSM-Core,https://github.com/FlagBrew/PKSM-Core
FlightGear/flightgear,https://github.com/FlightGear/flightgear
FloresAlex/6DOF_hexa-rotor,https://github.com/FloresAlex/6DOF_hexa-rotor
FloresAlex/fully_actuated_quadrotor,https://github.com/FloresAlex/fully_actuated_quadrotor
Forcecaster/LouvainGPU,https://github.com/Forcecaster/LouvainGPU
FormulasAndVehicles/PX4-Autopilot,https://github.com/FormulasAndVehicles/PX4-Autopilot
Forrest-Z/ASV-1,https://github.com/Forrest-Z/ASV-1
Fran2789/TG862_9.1.93D,https://github.com/Fran2789/TG862_9.1.93D
FranckRICHARD01/RbowtieCuda,https://github.com/FranckRICHARD01/RbowtieCuda
Frank1eJohnson/ShipBuilder,https://github.com/Frank1eJohnson/ShipBuilder
FrederickWatkins/lander,https://github.com/FrederickWatkins/lander
FredrikAleksander/mame,https://github.com/FredrikAleksander/mame
Friend-Peng/ADArduPilot,https://github.com/Friend-Peng/ADArduPilot
FriskTheFallenHuman/Prey2006,https://github.com/FriskTheFallenHuman/Prey2006
FriskTheFallenHuman/etqw-sdk,https://github.com/FriskTheFallenHuman/etqw-sdk
FriskTheFallenHuman/prey-sdk,https://github.com/FriskTheFallenHuman/prey-sdk
FriskTheFallenHuman/psyched_src,https://github.com/FriskTheFallenHuman/psyched_src
FriskTheFallenHuman/psyched_trunc,https://github.com/FriskTheFallenHuman/psyched_trunc
Fuad-HH/omega_h,https://github.com/Fuad-HH/omega_h
Fxy2021201516/ACORN_baseline,https://github.com/Fxy2021201516/ACORN_baseline
Fxy2021201516/ACORN_required_optional_attr,https://github.com/Fxy2021201516/ACORN_required_optional_attr
Fxy2021201516/FilterVectorCode,https://github.com/Fxy2021201516/FilterVectorCode
GPUPeople/ACSpGEMM,https://github.com/GPUPeople/ACSpGEMM
GPUPeople/faimGraph,https://github.com/GPUPeople/faimGraph
GPUPeople/ouroGraph,https://github.com/GPUPeople/ouroGraph
GPUSPH/gpusph,https://github.com/GPUSPH/gpusph
GSO-soslab/micro_uuv,https://github.com/GSO-soslab/micro_uuv
GTANetworkDev/platform,https://github.com/GTANetworkDev/platform
Gabinou/Codename_FireSaga,https://github.com/Gabinou/Codename_FireSaga
Gaborita13/SpaceGame,https://github.com/Gaborita13/SpaceGame
Gagiwoo/BVRGym_award_sum,https://github.com/Gagiwoo/BVRGym_award_sum
GalaxyGrandPrime/android_kernel_samsung_msm8916,https://github.com/GalaxyGrandPrime/android_kernel_samsung_msm8916
Garuda-IIITH-RRC/Ewok-Planner,https://github.com/Garuda-IIITH-RRC/Ewok-Planner
Genomics-GPU/Genomics-GPU,https://github.com/Genomics-GPU/Genomics-GPU
Geof23/Gklee,https://github.com/Geof23/Gklee
Georacer/last_letter_lib,https://github.com/Georacer/last_letter_lib
Geranos-Drone/geranos_parameter_estimation,https://github.com/Geranos-Drone/geranos_parameter_estimation
GerryR/par2,https://github.com/GerryR/par2
GersonCavalheiro/OpenMPSnapshot,https://github.com/GersonCavalheiro/OpenMPSnapshot
Gfans/UnifiedParticleFrameworkCUDA,https://github.com/Gfans/UnifiedParticleFrameworkCUDA
Ghost---Shadow/near-duplicate-image-detector,https://github.com/Ghost---Shadow/near-duplicate-image-detector
Giallustio/FacesOfWar,https://github.com/Giallustio/FacesOfWar
Git-tjb/MyPytorch,https://github.com/Git-tjb/MyPytorch
Globulation2/glob2,https://github.com/Globulation2/glob2
GooFit/GooFit,https://github.com/GooFit/GooFit
GooFit/GooTorial,https://github.com/GooFit/GooTorial
Goubermouche/VFD,https://github.com/Goubermouche/VFD
GravisZro/postal,https://github.com/GravisZro/postal
GreatEagle-Tech/drone_ws,https://github.com/GreatEagle-Tech/drone_ws
GreengageDB/greengage,https://github.com/GreengageDB/greengage
GregorySchwing/MaxMatchingKececioglu,https://github.com/GregorySchwing/MaxMatchingKececioglu
GreyRaphael/futrader,https://github.com/GreyRaphael/futrader
Grifcc/radixtopk,https://github.com/Grifcc/radixtopk
GuangyanCai/isoext,https://github.com/GuangyanCai/isoext
Guilherme-Flach/INF01047-TrabalhoFinal,https://github.com/Guilherme-Flach/INF01047-TrabalhoFinal
HAND42/Polydog-Robotic_Project_2022-2023,https://github.com/HAND42/Polydog-Robotic_Project_2022-2023
HBRS-SDP/ss24-dodecacopter-dynamics-simulation,https://github.com/HBRS-SDP/ss24-dodecacopter-dynamics-simulation
HIPERT-SRL/gtsam_points_tk,https://github.com/HIPERT-SRL/gtsam_points_tk
HKUST-Aerial-Robotics/IMPACTOR,https://github.com/HKUST-Aerial-Robotics/IMPACTOR
HKUST-Swarm/coaxial_simulator,https://github.com/HKUST-Swarm/coaxial_simulator
HNU-CAT/mpc_ctrl_based_opt,https://github.com/HNU-CAT/mpc_ctrl_based_opt
HPAC/lammps-tersoff-vector,https://github.com/HPAC/lammps-tersoff-vector
HPCRL/SFT-CC2022-AE,https://github.com/HPCRL/SFT-CC2022-AE
Hadisalman/AirSim-robustness,https://github.com/Hadisalman/AirSim-robustness
HaiDongYYDS/drone-tracking,https://github.com/HaiDongYYDS/drone-tracking
Haiga/gbm,https://github.com/Haiga/gbm
HaliteChallenge/Halite-II,https://github.com/HaliteChallenge/Halite-II
HaliteTournaments/Engine,https://github.com/HaliteTournaments/Engine
HaliteTournaments/Tournament-Environment,https://github.com/HaliteTournaments/Tournament-Environment
HaloMods/OpenSauce,https://github.com/HaloMods/OpenSauce
Hao-Lion-ZJU/PixShark-V2,https://github.com/Hao-Lion-ZJU/PixShark-V2
Harekiet/open9x,https://github.com/Harekiet/open9x
Hatemsla/AuroraUtils,https://github.com/Hatemsla/AuroraUtils
Hatemsla/rtk_mavlink,https://github.com/Hatemsla/rtk_mavlink
HawieLong/sgx-pytorch,https://github.com/HawieLong/sgx-pytorch
HaydnTrigg/Liberty,https://github.com/HaydnTrigg/Liberty
Hdksg10/ptx-to-risc-v-translator,https://github.com/Hdksg10/ptx-to-risc-v-translator
HeineCantor/QSE,https://github.com/HeineCantor/QSE
Heliato/GameServer-8.51,https://github.com/Heliato/GameServer-8.51
HenryDzy/XGBoost-Dart-Buffer,https://github.com/HenryDzy/XGBoost-Dart-Buffer
HerKheeraKing/AI-Plane,https://github.com/HerKheeraKing/AI-Plane
Hersh500/flightmare,https://github.com/Hersh500/flightmare
HerveFrezza-Buet/gdyn,https://github.com/HerveFrezza-Buet/gdyn
Hexrin/Voidsinger,https://github.com/Hexrin/Voidsinger
Hfx-J/SGTD,https://github.com/Hfx-J/SGTD
HiLyapunov/Ardupilot_CodeLearning,https://github.com/HiLyapunov/Ardupilot_CodeLearning
HinaPE/HDK_DOP_samples,https://github.com/HinaPE/HDK_DOP_samples
HipGISAXS/HipRMC,https://github.com/HipGISAXS/HipRMC
HippoCampusRobotics/hippo_simulation,https://github.com/HippoCampusRobotics/hippo_simulation
HippoCampusRobotics/uvms,https://github.com/HippoCampusRobotics/uvms
Hopsan/hopsan,https://github.com/Hopsan/hopsan
HpWang-whu/RoReg,https://github.com/HpWang-whu/RoReg
HpWang-whu/YOHO,https://github.com/HpWang-whu/YOHO
HuangQiang/k-FreqItems,https://github.com/HuangQiang/k-FreqItems
Huangzizhou/openvdb,https://github.com/Huangzizhou/openvdb
Hugh-Randall/codas-hep-2025,https://github.com/Hugh-Randall/codas-hep-2025
Hukunaa/VEngine,https://github.com/Hukunaa/VEngine
HumanGamer/MB-Torque3D-4.0.1,https://github.com/HumanGamer/MB-Torque3D-4.0.1
HumanGamer/opentnl,https://github.com/HumanGamer/opentnl
Hy1ex/vance-src,https://github.com/Hy1ex/vance-src
HydroComplexity/Dhara,https://github.com/HydroComplexity/Dhara
HydrocontestEPFL/Prao_Firmware,https://github.com/HydrocontestEPFL/Prao_Firmware
IDEA-CUHK/GLARE,https://github.com/IDEA-CUHK/GLARE
IVEX-AI/airlib_catkin,https://github.com/IVEX-AI/airlib_catkin
IVEX-AI/mavlinkcom_catkin,https://github.com/IVEX-AI/mavlinkcom_catkin
IbbyHussain/Into_The_Abyss,https://github.com/IbbyHussain/Into_The_Abyss
Igauk/ZERG-CRUSH,https://github.com/Igauk/ZERG-CRUSH
IgeNiaI/Q-Zandronum,https://github.com/IgeNiaI/Q-Zandronum
Ilya246/orbitfight,https://github.com/Ilya246/orbitfight
InboraStudio/AMD-Architecture-Drivers-For-CUDA,https://github.com/InboraStudio/AMD-Architecture-Drivers-For-CUDA
Indie365/pytorch,https://github.com/Indie365/pytorch
InfOmics/cuRnet,https://github.com/InfOmics/cuRnet
InfinateXtremer/ReignitedTrilogyWorkspace,https://github.com/InfinateXtremer/ReignitedTrilogyWorkspace
InfiniTensor/RefactorGraph,https://github.com/InfiniTensor/RefactorGraph
Innovation-Cell/AeRoVe-IARC-Mission-9-2021,https://github.com/Innovation-Cell/AeRoVe-IARC-Mission-9-2021
InsanityBringer/ChocolateDescent,https://github.com/InsanityBringer/ChocolateDescent
InsanityBringer/ICDP,https://github.com/InsanityBringer/ICDP
IntelligentSoftwareSystems/Galois,https://github.com/IntelligentSoftwareSystems/Galois
Irome/SunwellCore,https://github.com/Irome/SunwellCore
Ivanlh20/multem,https://github.com/Ivanlh20/multem
IwakuraRein/Nagi,https://github.com/IwakuraRein/Nagi
Iximiel/cudaOnPlumed,https://github.com/Iximiel/cudaOnPlumed
J-Westin/td,https://github.com/J-Westin/td
JGomezPulido/TPV2,https://github.com/JGomezPulido/TPV2
JHU-DBF/ardupilot,https://github.com/JHU-DBF/ardupilot
JIAZM/MinGW,https://github.com/JIAZM/MinGW
JIBSIL/OpenAV,https://github.com/JIBSIL/OpenAV
JIESUN233/Legion,https://github.com/JIESUN233/Legion
JINXER000/FundamentalSimulatorPX4,https://github.com/JINXER000/FundamentalSimulatorPX4
JacobEnglander/EMTG,https://github.com/JacobEnglander/EMTG
JaimePSantos/Dissertation-Tex-Code,https://github.com/JaimePSantos/Dissertation-Tex-Code
Jaizu/good-emerald,https://github.com/Jaizu/good-emerald
JamesDunne/Wolf3D,https://github.com/JamesDunne/Wolf3D
JamesPerlman/TurboNeRF,https://github.com/JamesPerlman/TurboNeRF
Jangbao/TC-Compare,https://github.com/Jangbao/TC-Compare
Jannick-dotcom/RocketSim,https://github.com/Jannick-dotcom/RocketSim
JanuszBedkowski/gpu_computing_in_robotics,https://github.com/JanuszBedkowski/gpu_computing_in_robotics
JaromPD/orbital_simulator,https://github.com/JaromPD/orbital_simulator
Jarrome/IMT_Mapping,https://github.com/Jarrome/IMT_Mapping
Jarrome/NSLF-OL,https://github.com/Jarrome/NSLF-OL
Jarrome/SceneFactory-mvd,https://github.com/Jarrome/SceneFactory-mvd
Jarrome/SceneFactory-recon,https://github.com/Jarrome/SceneFactory-recon
Jarrome/Uni-Fusion,https://github.com/Jarrome/Uni-Fusion
Jash-Khatri/IJPP,https://github.com/Jash-Khatri/IJPP
JeffWang-zxw20/stm32_pid_closed_loop,https://github.com/JeffWang-zxw20/stm32_pid_closed_loop
JenifferWuUCLA/pulmonary-nodules-MaskRCNN,https://github.com/JenifferWuUCLA/pulmonary-nodules-MaskRCNN
JerryYouxin/relion-opt,https://github.com/JerryYouxin/relion-opt
JhonatanLa/Proyectos,https://github.com/JhonatanLa/Proyectos
JiashuLiang/GPUChem,https://github.com/JiashuLiang/GPUChem
JiaxiLi1/Lora-init,https://github.com/JiaxiLi1/Lora-init
JiazheYuan/flight_control,https://github.com/JiazheYuan/flight_control
Jiela42/amgx_expanded_for_HPCG,https://github.com/Jiela42/amgx_expanded_for_HPCG
JinZQ56/NumericalOptimization,https://github.com/JinZQ56/NumericalOptimization
Jirui-Wu/caffe2_fpga,https://github.com/Jirui-Wu/caffe2_fpga
JohanSmet/postal,https://github.com/JohanSmet/postal
JohnnyonFlame/odamex,https://github.com/JohnnyonFlame/odamex
Johnson336/swr,https://github.com/Johnson336/swr
Jojendersie/Monolith,https://github.com/Jojendersie/Monolith
JonathanCroenen/cuda-raytracer,https://github.com/JonathanCroenen/cuda-raytracer
JonnyPtn/SFML-DOOM,https://github.com/JonnyPtn/SFML-DOOM
JosefPelz/TDSortParticles,https://github.com/JosefPelz/TDSortParticles
Josh-w-Harrison/Mars-Lander,https://github.com/Josh-w-Harrison/Mars-Lander
JoshuaQSH/FALCON-TTDforGNNs,https://github.com/JoshuaQSH/FALCON-TTDforGNNs
Judder/arduino-mega-ict-atom,https://github.com/Judder/arduino-mega-ict-atom
JustinPinner/moolite,https://github.com/JustinPinner/moolite
K-Wu/HET,https://github.com/K-Wu/HET
KAIST-Visual-AI-Group/PartSTAD,https://github.com/KAIST-Visual-AI-Group/PartSTAD
KCL-Planning/strategic-tactical-pandora,https://github.com/KCL-Planning/strategic-tactical-pandora
KDE/qt,https://github.com/KDE/qt
KELECHIDAVIS/Drone-Evolution-Simulation,https://github.com/KELECHIDAVIS/Drone-Evolution-Simulation
KYLChiu/ExoticMonteCarloEngine,https://github.com/KYLChiu/ExoticMonteCarloEngine
KaanBahaSever/Rocket-Up,https://github.com/KaanBahaSever/Rocket-Up
Kaixhin/cuda-workshop,https://github.com/Kaixhin/cuda-workshop
KarolGutkowski/ElectronsAndProtons,https://github.com/KarolGutkowski/ElectronsAndProtons
KartKrewDev/RingRacers,https://github.com/KartKrewDev/RingRacers
Katharine/kittyviewer,https://github.com/Katharine/kittyviewer
KavinduSR/TTK22_Project1_ROS,https://github.com/KavinduSR/TTK22_Project1_ROS
Keeby-Astro/Space-Sciences-and-Astrodynamics,https://github.com/Keeby-Astro/Space-Sciences-and-Astrodynamics
KeitaTK/UMEMOTO2,https://github.com/KeitaTK/UMEMOTO2
KemengHuang/GPU_IPC,https://github.com/KemengHuang/GPU_IPC
KennyKangMPC/CS-759,https://github.com/KennyKangMPC/CS-759
Kev1n8088/TVCLander,https://github.com/Kev1n8088/TVCLander
Kevinx45/gMicroMC,https://github.com/Kevinx45/gMicroMC
Kheirouben/ardupilotdev,https://github.com/Kheirouben/ardupilotdev
KienTTran/ABMGPU,https://github.com/KienTTran/ABMGPU
Killer4563782/Lightning-X-Leak,https://github.com/Killer4563782/Lightning-X-Leak
KitPan/monster-truck,https://github.com/KitPan/monster-truck
Kittnz/Sunwell,https://github.com/Kittnz/Sunwell
KittyPBoxx/pokeemerald-net-demo,https://github.com/KittyPBoxx/pokeemerald-net-demo
Kitware/VTK-m,https://github.com/Kitware/VTK-m
KoffeinFlummi/AGM,https://github.com/KoffeinFlummi/AGM
KotFDevs/OpenJK-KotF,https://github.com/KotFDevs/OpenJK-KotF
Kratos-The-Rover/pointcloud_cuda_mapping,https://github.com/Kratos-The-Rover/pointcloud_cuda_mapping
Kruk939/NoPixel,https://github.com/Kruk939/NoPixel
KueskiEngineering/xgboost,https://github.com/KueskiEngineering/xgboost
KumarRobotics/kr_mav_control,https://github.com/KumarRobotics/kr_mav_control
Kunye-Wu/drone_control_nano,https://github.com/Kunye-Wu/drone_control_nano
L706077/CPU-GPU-Matrix-Tensor-Template-Library-in-C-CUDA,https://github.com/L706077/CPU-GPU-Matrix-Tensor-Template-Library-in-C-CUDA
LGQWakkk/EDF-Rocket-Control,https://github.com/LGQWakkk/EDF-Rocket-Control
LLNL/COGENT,https://github.com/LLNL/COGENT
LTU-RAI/px4_comm,https://github.com/LTU-RAI/px4_comm
Lakshayb143/Lakshay-Cuda,https://github.com/Lakshayb143/Lakshay-Cuda
LanceJZ/Asteroids-Reimagined,https://github.com/LanceJZ/Asteroids-Reimagined
LandSandBoat/server,https://github.com/LandSandBoat/server
LazieKat/YAPR,https://github.com/LazieKat/YAPR
Lcccc24/MC_simulation,https://github.com/Lcccc24/MC_simulation
Leegh2022/framework,https://github.com/Leegh2022/framework
Leftium/asteroid,https://github.com/Leftium/asteroid
LegacyProjectArchive/KyrianCORE-Benjamin,https://github.com/LegacyProjectArchive/KyrianCORE-Benjamin
Legion-Studios/LegionCore-Public,https://github.com/Legion-Studios/LegionCore-Public
LegoZeng/ComputerArchitectureFinal,https://github.com/LegoZeng/ComputerArchitectureFinal
LemonHaze420/DCMoHo,https://github.com/LemonHaze420/DCMoHo
Leopold2333/Bi-Mamba4TS,https://github.com/Leopold2333/Bi-Mamba4TS
LeviViana/torch_sampling,https://github.com/LeviViana/torch_sampling
LevinJ/Pedestrian-Detection-Project,https://github.com/LevinJ/Pedestrian-Detection-Project
LevinJ/Pedestrian-detection-and-tracking,https://github.com/LevinJ/Pedestrian-detection-and-tracking
LibreTuner/LibreTuner,https://github.com/LibreTuner/LibreTuner
Licht-T/Ant-Cuda,https://github.com/Licht-T/Ant-Cuda
LightShade12/KittlesPT,https://github.com/LightShade12/KittlesPT
Lihsayuri/ProjetoSupercomp,https://github.com/Lihsayuri/ProjetoSupercomp
Lihsayuri/Supercomp,https://github.com/Lihsayuri/Supercomp
Lillu70/Blasteroids,https://github.com/Lillu70/Blasteroids
LineageOS/android_kernel_samsung_p4,https://github.com/LineageOS/android_kernel_samsung_p4
LittlenineEnnea/android_kernel_samsung_sm8650_KSU,https://github.com/LittlenineEnnea/android_kernel_samsung_sm8650_KSU
Liulongge/studyML,https://github.com/Liulongge/studyML
LlemoningL/Mammalbehavior,https://github.com/LlemoningL/Mammalbehavior
LoftedAero/ardupilot,https://github.com/LoftedAero/ardupilot
Lokleee/PX4-fully-actuated-v1.11.3,https://github.com/Lokleee/PX4-fully-actuated-v1.11.3
LonghaoQian/px4_command,https://github.com/LonghaoQian/px4_command
LordFarquaadtheCreator/cuda,https://github.com/LordFarquaadtheCreator/cuda
LordOfDragons/openxr_oscclient,https://github.com/LordOfDragons/openxr_oscclient
Lqs66/PX4-1.15.2,https://github.com/Lqs66/PX4-1.15.2
Lqs66/arducopter-4.4,https://github.com/Lqs66/arducopter-4.4
LucasWilkinson/ASpT-mirror,https://github.com/LucasWilkinson/ASpT-mirror
LucioMarcenaro/AirSimCV,https://github.com/LucioMarcenaro/AirSimCV
Lucky1313/NearptD,https://github.com/Lucky1313/NearptD
LuisCorralR/InverseAcoustics,https://github.com/LuisCorralR/InverseAcoustics
LuisMi1245/QPath-and-Snakes,https://github.com/LuisMi1245/QPath-and-Snakes
Lumajord/DustSimulation,https://github.com/Lumajord/DustSimulation
Lumorti/asciiOrbits,https://github.com/Lumorti/asciiOrbits
Lunidep/PGP_POD,https://github.com/Lunidep/PGP_POD
Luomu/ssp,https://github.com/Luomu/ssp
LutzGross/esys-escript.github.io,https://github.com/LutzGross/esys-escript.github.io
Lyle-Tafoya/Omega,https://github.com/Lyle-Tafoya/Omega
LynkerIntel/DFlowFM_BMI,https://github.com/LynkerIntel/DFlowFM_BMI
MAAV-Software/mission8,https://github.com/MAAV-Software/mission8
MCMrARM/mbp2018-etc,https://github.com/MCMrARM/mbp2018-etc
MChehadeh/PX4-Autopilot,https://github.com/MChehadeh/PX4-Autopilot
MEAT-Inc/Fulcrum,https://github.com/MEAT-Inc/Fulcrum
MST-Robotics/MATE_June2018,https://github.com/MST-Robotics/MATE_June2018
MZayed47/SQIL_Immitation_Learning,https://github.com/MZayed47/SQIL_Immitation_Learning
MacSourcePorts/Maelstrom,https://github.com/MacSourcePorts/Maelstrom
MachineLearningSystem/Faiss-GPU,https://github.com/MachineLearningSystem/Faiss-GPU
MadBomber/nise,https://github.com/MadBomber/nise
MadDeCoDeR/Classic-RBDOOM-3-BFG,https://github.com/MadDeCoDeR/Classic-RBDOOM-3-BFG
Madhushree2000/Visual_Servoing,https://github.com/Madhushree2000/Visual_Servoing
MajorTom-1227/test,https://github.com/MajorTom-1227/test
Malhar618/thruststand,https://github.com/Malhar618/thruststand
Malpa73/kernel-wiko-lenny3,https://github.com/Malpa73/kernel-wiko-lenny3
MambaBlack29/FaultTolerantQuadrotorControl,https://github.com/MambaBlack29/FaultTolerantQuadrotorControl
Manciukic/postgres-gpuqo,https://github.com/Manciukic/postgres-gpuqo
MarcBook/AGM,https://github.com/MarcBook/AGM
MarcelRaschke/pytorch-1,https://github.com/MarcelRaschke/pytorch-1
MarceloJacinto/DroneControl,https://github.com/MarceloJacinto/DroneControl
MarcioCerqueira/RealTimeShadowDetection,https://github.com/MarcioCerqueira/RealTimeShadowDetection
Mareli/AzgathCore,https://github.com/Mareli/AzgathCore
MarinNikk/ros_project,https://github.com/MarinNikk/ros_project
MartinPlantinga/TomatoNet,https://github.com/MartinPlantinga/TomatoNet
Masudali23/Single-Motor-Failure-Control-INTER_IIT,https://github.com/Masudali23/Single-Motor-Failure-Control-INTER_IIT
MatCat960/docker_sim,https://github.com/MatCat960/docker_sim
Mathiasb17/Nereus,https://github.com/Mathiasb17/Nereus
MatrixAINetwork/MATRIX_AI,https://github.com/MatrixAINetwork/MATRIX_AI
MattePalte/Bugs-Quantum-Computing-Platforms,https://github.com/MattePalte/Bugs-Quantum-Computing-Platforms
MatthewOscar/Group-32-Senior-Design-Project,https://github.com/MatthewOscar/Group-32-Senior-Design-Project
Mattia-Colbertaldo/Nbody,https://github.com/Mattia-Colbertaldo/Nbody
MaxKarel/anderson,https://github.com/MaxKarel/anderson
MaxiM863/Animation_AAA,https://github.com/MaxiM863/Animation_AAA
McGill-AML/Spiri_recovery,https://github.com/McGill-AML/Spiri_recovery
McMullan-H/ai_gnn_uav,https://github.com/McMullan-H/ai_gnn_uav
MeJerry215/learning_repo,https://github.com/MeJerry215/learning_repo
Media-Smart/cheetahinfer,https://github.com/Media-Smart/cheetahinfer
MegEngine/MegEngine,https://github.com/MegEngine/MegEngine
Megaf/flightgear_mirror,https://github.com/Megaf/flightgear_mirror
MeluS/mop,https://github.com/MeluS/mop
Memorix101/postal-psp,https://github.com/Memorix101/postal-psp
MeteoSwiss-APN/dawn,https://github.com/MeteoSwiss-APN/dawn
Mewgood/qqbot,https://github.com/Mewgood/qqbot
Mf-ff99/px4-autopilot,https://github.com/Mf-ff99/px4-autopilot
Mgineer117/aeose,https://github.com/Mgineer117/aeose
MiSTer-devel/Main_MiSTer,https://github.com/MiSTer-devel/Main_MiSTer
MiaFoxcat/flightgear,https://github.com/MiaFoxcat/flightgear
Michaelgathara/GPU,https://github.com/Michaelgathara/GPU
Midgrad/libmavlinkcpp_v2,https://github.com/Midgrad/libmavlinkcpp_v2
Mihail-Constantin/Asteriods-Resit,https://github.com/Mihail-Constantin/Asteriods-Resit
Minerx117/ccmineralexis78,https://github.com/Minerx117/ccmineralexis78
Minerx117/ccmineryescryptr8g,https://github.com/Minerx117/ccmineryescryptr8g
MirisWisdom/OpenSauce,https://github.com/MirisWisdom/OpenSauce
MithkaReece/Asteroids-CPP,https://github.com/MithkaReece/Asteroids-CPP
MoRocety/NewFYP,https://github.com/MoRocety/NewFYP
Modding-Zaibatsu/Pre-Unreal-4.14,https://github.com/Modding-Zaibatsu/Pre-Unreal-4.14
ModelTC/LightKernel,https://github.com/ModelTC/LightKernel
MonsterDruide1/OdysseyDecomp,https://github.com/MonsterDruide1/OdysseyDecomp
MonsterDruide1/OdysseyHeaders,https://github.com/MonsterDruide1/OdysseyHeaders
Monstrofil/bigworld-2.0,https://github.com/Monstrofil/bigworld-2.0
MoseychukA/1-GIT-ReceiverRTL1090,https://github.com/MoseychukA/1-GIT-ReceiverRTL1090
MothershipAeronautics/Firmware_MA_Sentinel,https://github.com/MothershipAeronautics/Firmware_MA_Sentinel
Mr-ind1fferent/ccccAI,https://github.com/Mr-ind1fferent/ccccAI
MrHankey/CryGame,https://github.com/MrHankey/CryGame
MrMelon223/ZDproto,https://github.com/MrMelon223/ZDproto
MuddSub/controls,https://github.com/MuddSub/controls
Multi2Sim/m2s-bench-cudasdk-6.5,https://github.com/Multi2Sim/m2s-bench-cudasdk-6.5
MultithreadCorner/Hydra,https://github.com/MultithreadCorner/Hydra
NEU-GPU/dynamic-graph,https://github.com/NEU-GPU/dynamic-graph
NJU-yasuo/faiss_t,https://github.com/NJU-yasuo/faiss_t
NKU-EmbeddedSystem/Ascetic,https://github.com/NKU-EmbeddedSystem/Ascetic
NKU-EmbeddedSystem/Liberator,https://github.com/NKU-EmbeddedSystem/Liberator
NKU-MobFly-Robotics/GVP-MREP,https://github.com/NKU-MobFly-Robotics/GVP-MREP
NVIDIA-ISAAC-ROS/isaac_ros_nvblox,https://github.com/NVIDIA-ISAAC-ROS/isaac_ros_nvblox
NVIDIA-Merlin/HierarchicalKV,https://github.com/NVIDIA-Merlin/HierarchicalKV
NVIDIA-Merlin/HugeCTR,https://github.com/NVIDIA-Merlin/HugeCTR
NVIDIA/AMGX,https://github.com/NVIDIA/AMGX
NVIDIA/accelerated-computing-hub,https://github.com/NVIDIA/accelerated-computing-hub
NVIDIA/cccl,https://github.com/NVIDIA/cccl
NVIDIA/cuCollections,https://github.com/NVIDIA/cuCollections
NVIDIA/cuda-samples,https://github.com/NVIDIA/cuda-samples
NVIDIA/cuopt,https://github.com/NVIDIA/cuopt
NVIDIA/jitify,https://github.com/NVIDIA/jitify
NVIDIA/kmeans,https://github.com/NVIDIA/kmeans
NVIDIA/nvbench,https://github.com/NVIDIA/nvbench
NVIDIA/nvcomp,https://github.com/NVIDIA/nvcomp
NVIDIA/spark-rapids-jni,https://github.com/NVIDIA/spark-rapids-jni
NVlabs/nvbio,https://github.com/NVlabs/nvbio
NVlabs/nvbio-gpl,https://github.com/NVlabs/nvbio-gpl
NVlabs/tiny-cuda-nn,https://github.com/NVlabs/tiny-cuda-nn
Naautilus/new-engine,https://github.com/Naautilus/new-engine
Nagi-Research-Group/HyLAC,https://github.com/Nagi-Research-Group/HyLAC
Nathan-C-Wong/3D-Lander-Game,https://github.com/Nathan-C-Wong/3D-Lander-Game
NetEase-FuXi/EET,https://github.com/NetEase-FuXi/EET
NeuEIRG/EdgeComputerPlatform,https://github.com/NeuEIRG/EdgeComputerPlatform
Neural-Nova/18910-Attention-Analysis,https://github.com/Neural-Nova/18910-Attention-Analysis
NguyenBinhUET/MyGame,https://github.com/NguyenBinhUET/MyGame
Nheeboranga/OpenMPSnapshot,https://github.com/Nheeboranga/OpenMPSnapshot
Nic-Gould/killer_bees,https://github.com/Nic-Gould/killer_bees
NickMateus11/COMPENG-4DS4_Labs,https://github.com/NickMateus11/COMPENG-4DS4_Labs
Nicocroci/bump_tolerant_control,https://github.com/Nicocroci/bump_tolerant_control
NicolasAyllon/Kmeans-CUDA,https://github.com/NicolasAyllon/Kmeans-CUDA
Nidhood/Proppeller-Arm-Proyect,https://github.com/Nidhood/Proppeller-Arm-Proyect
NightDive-Studio/sin-ex-game,https://github.com/NightDive-Studio/sin-ex-game
NightFyre/CheatGear-SDKs,https://github.com/NightFyre/CheatGear-SDKs
Nix0712/TCPFileShare,https://github.com/Nix0712/TCPFileShare
Noardewyn/SpaceWarSDL,https://github.com/Noardewyn/SpaceWarSDL
NomadRagnarok/Server,https://github.com/NomadRagnarok/Server
NotToDisturb/pokeemerald,https://github.com/NotToDisturb/pokeemerald
NovaRain/Fallout2_Unofficial_Patch,https://github.com/NovaRain/Fallout2_Unofficial_Patch
Nunite/BH,https://github.com/Nunite/BH
OAID/MXNet-HRT,https://github.com/OAID/MXNet-HRT
OP-DSL/OP-PIC,https://github.com/OP-DSL/OP-PIC
ORNL-Fusion/kineticj,https://github.com/ORNL-Fusion/kineticj
OS2World/GAME-ACTION-Hexen2,https://github.com/OS2World/GAME-ACTION-Hexen2
OUIDEAS/PX4-AutopilotHeadingControl,https://github.com/OUIDEAS/PX4-AutopilotHeadingControl
OUXT-Polaris/robotx_workspace,https://github.com/OUXT-Polaris/robotx_workspace
Obikate/extlib,https://github.com/Obikate/extlib
OhArray/Cuda-G-DBSCAN,https://github.com/OhArray/Cuda-G-DBSCAN
Olvilock/pade-laplace,https://github.com/Olvilock/pade-laplace
Omar-Elmofty/vtr_in_airsim,https://github.com/Omar-Elmofty/vtr_in_airsim
OmkarV23/Beamformer-CUDA,https://github.com/OmkarV23/Beamformer-CUDA
OpenBlatam/TruthGPT-chatGPT,https://github.com/OpenBlatam/TruthGPT-chatGPT
OpenDigitalTwin-Dev/CFD,https://github.com/OpenDigitalTwin-Dev/CFD
OpenDigitalTwin-Dev/NLA,https://github.com/OpenDigitalTwin-Dev/NLA
OpenDriver2/OpenDriverEngine,https://github.com/OpenDriver2/OpenDriverEngine
OpenSolo/OpenSolo-extras,https://github.com/OpenSolo/OpenSolo-extras
OpenSource-Infinix/android_external_two,https://github.com/OpenSource-Infinix/android_external_two
OpenSourcedGames/Heretic,https://github.com/OpenSourcedGames/Heretic
OpenSourcedGames/Hexen,https://github.com/OpenSourcedGames/Hexen
OpenTransat/Hardware-Modules,https://github.com/OpenTransat/Hardware-Modules
OpforStretch/DEGA_ChinookPack,https://github.com/OpforStretch/DEGA_ChinookPack
OrangeOwlSolutions/CUDA-Utilities,https://github.com/OrangeOwlSolutions/CUDA-Utilities
OrangeOwlSolutions/Thrust,https://github.com/OrangeOwlSolutions/Thrust
OscarDeGar/GatorTemp,https://github.com/OscarDeGar/GatorTemp
OsmanSeckinSimsek/rasterizationAndFFT,https://github.com/OsmanSeckinSimsek/rasterizationAndFFT
Outerra/jsbsim,https://github.com/Outerra/jsbsim
OzCog/kokkos-fft,https://github.com/OzCog/kokkos-fft
OzgrCn/stanford-cs193g,https://github.com/OzgrCn/stanford-cs193g
P-AS/srb2-di,https://github.com/P-AS/srb2-di
PASSIONLab/BELLA,https://github.com/PASSIONLab/BELLA
PEF-OT24-DRONES/drone_ros2_ws,https://github.com/PEF-OT24-DRONES/drone_ros2_ws
PENPROJ/FP_PROJ,https://github.com/PENPROJ/FP_PROJ
PENPROJ/crazyflie-sitl,https://github.com/PENPROJ/crazyflie-sitl
PJayB/jk3src,https://github.com/PJayB/jk3src
PKU-SEC-Lab/FPQVAR,https://github.com/PKU-SEC-Lab/FPQVAR
PPMC-DAC/FastOWM,https://github.com/PPMC-DAC/FastOWM
PPPNut/LSA-DAT,https://github.com/PPPNut/LSA-DAT
PSP-Archive/dosbox_psp,https://github.com/PSP-Archive/dosbox_psp
PSsssun/MaQueAI,https://github.com/PSsssun/MaQueAI
PX4-Gazebo-Simulation/Firmware,https://github.com/PX4-Gazebo-Simulation/Firmware
PX4/PX4-SITL_gazebo-classic,https://github.com/PX4/PX4-SITL_gazebo-classic
PabloIbannez/UAMMD-structured,https://github.com/PabloIbannez/UAMMD-structured
PacktPublishing/Learning-CUDA-10-Programming,https://github.com/PacktPublishing/Learning-CUDA-10-Programming
PacktPublishing/Learning-Cpp-by-Building-Games-with-Unreal-Engine-4-Second-Edition,https://github.com/PacktPublishing/Learning-Cpp-by-Building-Games-with-Unreal-Engine-4-Second-Edition
PaddlePaddle/Paddle,https://github.com/PaddlePaddle/Paddle
PandasWS/Pandas,https://github.com/PandasWS/Pandas
ParCIS/FlashSparse,https://github.com/ParCIS/FlashSparse
ParaGroup/WindFlow,https://github.com/ParaGroup/WindFlow
Patil-Vinay/PX4-Autopilot,https://github.com/Patil-Vinay/PX4-Autopilot
Paul-Wortmann/Star.P.G.,https://github.com/Paul-Wortmann/Star.P.G.
PegasusResearch/pegasus,https://github.com/PegasusResearch/pegasus
PeishengYE/QT_4.7_example,https://github.com/PeishengYE/QT_4.7_example
PenroseZ/vitis-ai,https://github.com/PenroseZ/vitis-ai
PepMS/eagle-mpc,https://github.com/PepMS/eagle-mpc
Phanx00/ArdupilotCustom,https://github.com/Phanx00/ArdupilotCustom
PhiliGuertler/ManifoldDMC,https://github.com/PhiliGuertler/ManifoldDMC
PhilippPelz/slicepp,https://github.com/PhilippPelz/slicepp
PhilippPelz/z-cutorch,https://github.com/PhilippPelz/z-cutorch
Picsart-AI-Research/LIVE-Layerwise-Image-Vectorization,https://github.com/Picsart-AI-Research/LIVE-Layerwise-Image-Vectorization
PiotrLenarczyk/CUDA_examples,https://github.com/PiotrLenarczyk/CUDA_examples
Pippepot/Disasteroids,https://github.com/Pippepot/Disasteroids
PixysOS-Devices/kernel_xiaomi_sm6150,https://github.com/PixysOS-Devices/kernel_xiaomi_sm6150
PlathC/SESDF,https://github.com/PlathC/SESDF
Playmojs/tss_eligibility_traces,https://github.com/Playmojs/tss_eligibility_traces
PointCloudLibrary/pcl,https://github.com/PointCloudLibrary/pcl
Pokabbie/pokeemerald-rogue,https://github.com/Pokabbie/pokeemerald-rogue
PongooDev/OGS-S20,https://github.com/PongooDev/OGS-S20
Pozimek/RetinaVision,https://github.com/Pozimek/RetinaVision
Pranav-Malpure/uuv_navigation,https://github.com/Pranav-Malpure/uuv_navigation
Praneeth-A/Noise-Aware_Scalable_Quest,https://github.com/Praneeth-A/Noise-Aware_Scalable_Quest
Priyanshusinhaa/Super-Circuit,https://github.com/Priyanshusinhaa/Super-Circuit
ProfPorkins/Coronavirus-NanoForce,https://github.com/ProfPorkins/Coronavirus-NanoForce
ProfPorkins/GameTech,https://github.com/ProfPorkins/GameTech
Project-01-01-drone-prlib/computer-mavros_offboard,https://github.com/Project-01-01-drone-prlib/computer-mavros_offboard
Project-Google-Tango/vendor_nvidia_jxd_src,https://github.com/Project-Google-Tango/vendor_nvidia_jxd_src
Project-Hatchet/H-60,https://github.com/Project-Hatchet/H-60
ProjectElixir-Devices/kernel_xiaomi_whyred,https://github.com/ProjectElixir-Devices/kernel_xiaomi_whyred
ProjectZeroSlackr/ProjectZeroSlackr-SVN,https://github.com/ProjectZeroSlackr/ProjectZeroSlackr-SVN
ProkopHapala/SimpleSimulationEngine,https://github.com/ProkopHapala/SimpleSimulationEngine
Proyecto-PP-ET28/firmware,https://github.com/Proyecto-PP-ET28/firmware
PummyOW/aasd,https://github.com/PummyOW/aasd
Pyredrid/pokeemerald-expansion,https://github.com/Pyredrid/pokeemerald-expansion
Q-Minh/PhysicsBasedAnimationToolkit,https://github.com/Q-Minh/PhysicsBasedAnimationToolkit
QMCPACK/qmcpack,https://github.com/QMCPACK/qmcpack
Qar-Raz/NetSec-Project-Xv6-Sha256,https://github.com/Qar-Raz/NetSec-Project-Xv6-Sha256
Qar-Raz/xv6-riscv-Project-,https://github.com/Qar-Raz/xv6-riscv-Project-
Qiamp/FYP_WS,https://github.com/Qiamp/FYP_WS
Qiskit/qiskit-aer,https://github.com/Qiskit/qiskit-aer
Qubitol/madgraph4gpu_test,https://github.com/Qubitol/madgraph4gpu_test
Queens-Aerospace/QADT2025,https://github.com/Queens-Aerospace/QADT2025
Qwesh157/conv_op_optimization,https://github.com/Qwesh157/conv_op_optimization
RAMitchell/GPUTree,https://github.com/RAMitchell/GPUTree
RAMitchell/prefix_doubling,https://github.com/RAMitchell/prefix_doubling
RATIU5/asteroids,https://github.com/RATIU5/asteroids
RC4ML/Hyperion,https://github.com/RC4ML/Hyperion
RC4ML/Legion,https://github.com/RC4ML/Legion
ROCm-DS/hipDF,https://github.com/ROCm-DS/hipDF
ROCm-DS/rocGRAPH,https://github.com/ROCm-DS/rocGRAPH
ROCm/Thrust,https://github.com/ROCm/Thrust
ROCm/hipCUB,https://github.com/ROCm/hipCUB
ROCm/hipCollections,https://github.com/ROCm/hipCollections
ROCm/rocThrust,https://github.com/ROCm/rocThrust
ROCm/rocm-libraries,https://github.com/ROCm/rocm-libraries
RPGOne/Skynet,https://github.com/RPGOne/Skynet
RSE-Sheffield/CUDALab04,https://github.com/RSE-Sheffield/CUDALab04
RTSpatial/RTSpatial,https://github.com/RTSpatial/RTSpatial
RWS-Studios/POSTAL-SourceCode,https://github.com/RWS-Studios/POSTAL-SourceCode
RabbitBio/RabbitQCPlus,https://github.com/RabbitBio/RabbitQCPlus
Rahul-Venkateswaran12/Asteroids,https://github.com/Rahul-Venkateswaran12/Asteroids
RainerZufall187/flightgear-copy,https://github.com/RainerZufall187/flightgear-copy
RamDG/Px4_Custom_Msg,https://github.com/RamDG/Px4_Custom_Msg
Randl/GMAT,https://github.com/Randl/GMAT
Rao-Kai/Fast-Racing-Ubuntu20.04,https://github.com/Rao-Kai/Fast-Racing-Ubuntu20.04
RaphaelCFrajuca/android_vendor_nvidia_tegra,https://github.com/RaphaelCFrajuca/android_vendor_nvidia_tegra
RapidsAtHKUST/Efficient-DPP,https://github.com/RapidsAtHKUST/Efficient-DPP
Rascal0902/Learn-Cuda,https://github.com/Rascal0902/Learn-Cuda
RaulPPelaez/RadialDistributionFunction,https://github.com/RaulPPelaez/RadialDistributionFunction
RaulPPelaez/UAMMD,https://github.com/RaulPPelaez/UAMMD
RayOfDaylon/Defcon,https://github.com/RayOfDaylon/Defcon
RayWang96/GPU_KNNG,https://github.com/RayWang96/GPU_KNNG
RaymondMcGuire/Particle-Based-Fluid,https://github.com/RaymondMcGuire/Particle-Based-Fluid
ReDescent/d2x-xl,https://github.com/ReDescent/d2x-xl
ReallyCA/NGCP-2024-,https://github.com/ReallyCA/NGCP-2024-
Redaloukil/Parallel_Grasp_Method,https://github.com/Redaloukil/Parallel_Grasp_Method
RedemptionEngine/redemption,https://github.com/RedemptionEngine/redemption
Regis-1/cpp-perlin-editor,https://github.com/Regis-1/cpp-perlin-editor
RemoteControlledArty/RemoteControlledArtillery,https://github.com/RemoteControlledArty/RemoteControlledArtillery
RenzudadiZZA/FlightRL_Algorithms,https://github.com/RenzudadiZZA/FlightRL_Algorithms
Repeerc/flash-attn-composable-kernel-gfx110x-windows-port,https://github.com/Repeerc/flash-attn-composable-kernel-gfx110x-windows-port
Rick0317/pytorch,https://github.com/Rick0317/pytorch
Rickil/CUDA_project,https://github.com/Rickil/CUDA_project
RigidWing/PX4_KiteX,https://github.com/RigidWing/PX4_KiteX
RigidWing/PX4_Kitepower,https://github.com/RigidWing/PX4_Kitepower
Rinnegatamante/PostalVita,https://github.com/Rinnegatamante/PostalVita
RioKKH/ONEMAX,https://github.com/RioKKH/ONEMAX
RiteshKarki27/signify,https://github.com/RiteshKarki27/signify
RobSenseTech/Phenix_DevKit_V1.0,https://github.com/RobSenseTech/Phenix_DevKit_V1.0
RobkooCZ/flightSimulator,https://github.com/RobkooCZ/flightSimulator
RoboticsPolyu/IPN_MPC,https://github.com/RoboticsPolyu/IPN_MPC
RoboticsPolyu/JPCM,https://github.com/RoboticsPolyu/JPCM
Rodolfo9706/VR-teleoperated-aerial-manipulator,https://github.com/Rodolfo9706/VR-teleoperated-aerial-manipulator
RohanJena/Ardupilot-Agri_Loiter-Mode,https://github.com/RohanJena/Ardupilot-Agri_Loiter-Mode
Rolariali/1,https://github.com/Rolariali/1
Rosalila/tswa,https://github.com/Rosalila/tswa
RoyalCaliber/vertexAPI2,https://github.com/RoyalCaliber/vertexAPI2
Rth-org/Rth,https://github.com/Rth-org/Rth
RubenHuizenga/SuperMissionStats,https://github.com/RubenHuizenga/SuperMissionStats
RuoAndo/NII-SOCs-admin-tools,https://github.com/RuoAndo/NII-SOCs-admin-tools
Rwik2000/crazyswarm_DATT,https://github.com/Rwik2000/crazyswarm_DATT
RyanDraves/Halite-II-Bots,https://github.com/RyanDraves/Halite-II-Bots
Ryb7532/AtCoder,https://github.com/Ryb7532/AtCoder
Ryp/reaper,https://github.com/Ryp/reaper
RyuKojiro/d2x-xl,https://github.com/RyuKojiro/d2x-xl
RyuKyungha/Ardupilot_Team_Pegasus,https://github.com/RyuKyungha/Ardupilot_Team_Pegasus
Ryung-coding/ICT2024_surveillance_balancing_robot,https://github.com/Ryung-coding/ICT2024_surveillance_balancing_robot
SCIInstitute/SCI-Solver_DCSR,https://github.com/SCIInstitute/SCI-Solver_DCSR
SCIInstitute/SCI-Solver_FEM,https://github.com/SCIInstitute/SCI-Solver_FEM
SCVMON/SCVMON,https://github.com/SCVMON/SCVMON
SDSU-Mechatronics/Mechatronics-2024,https://github.com/SDSU-Mechatronics/Mechatronics-2024
SEOSUK/PX4-Modifying,https://github.com/SEOSUK/PX4-Modifying
SERC-LEAPFROG/LEAPFROG-Firmware,https://github.com/SERC-LEAPFROG/LEAPFROG-Firmware
SIlvaMFPedro/kfilter,https://github.com/SIlvaMFPedro/kfilter
SJTU-IPADS/wukong,https://github.com/SJTU-IPADS/wukong
SJTU-IPADS/wukong-cube,https://github.com/SJTU-IPADS/wukong-cube
SJTU-ViSYS-team/Avoid-MPC,https://github.com/SJTU-ViSYS-team/Avoid-MPC
SKKU-ESLAB/ant-opencv3,https://github.com/SKKU-ESLAB/ant-opencv3
SNU-ARC/NotAllNeighborsMatter,https://github.com/SNU-ARC/NotAllNeighborsMatter
SNU-ARC/flashneuron,https://github.com/SNU-ARC/flashneuron
SOAR-UWU/VirtualFish,https://github.com/SOAR-UWU/VirtualFish
SOLLVE/benchmarks,https://github.com/SOLLVE/benchmarks
SPMIC-UoN/fdt,https://github.com/SPMIC-UoN/fdt
SRAM/RacerMateDLL,https://github.com/SRAM/RacerMateDLL
SS961214/BoundsOnEigenstateThermalization,https://github.com/SS961214/BoundsOnEigenstateThermalization
SSH002/Sibsutis,https://github.com/SSH002/Sibsutis
SSSiyan/NaomiHook,https://github.com/SSSiyan/NaomiHook
SSshuishui/viss_optimize_3d,https://github.com/SSshuishui/viss_optimize_3d
SSshuishui/viss_optimize_ws,https://github.com/SSshuishui/viss_optimize_ws
SSshuishui/viss_recon,https://github.com/SSshuishui/viss_recon
SSshuishui/viss_recon_shade,https://github.com/SSshuishui/viss_recon_shade
STJr/SRB2-Public,https://github.com/STJr/SRB2-Public
STOC-Machine/px4-firmware,https://github.com/STOC-Machine/px4-firmware
SUV-Lab/RealGazebo-PX4-SITL_gazebo-classic,https://github.com/SUV-Lab/RealGazebo-PX4-SITL_gazebo-classic
SV-Seeker/SeekerROV,https://github.com/SV-Seeker/SeekerROV
SWGlassPit/GMAT-unicode,https://github.com/SWGlassPit/GMAT-unicode
Saikarr/CUDA-KMeans,https://github.com/Saikarr/CUDA-KMeans
Samarth-991/YOLO_Image-Segmentation,https://github.com/Samarth-991/YOLO_Image-Segmentation
SamsDRGMods/DRGLib,https://github.com/SamsDRGMods/DRGLib
Samthos/MC-MPn-Direct,https://github.com/Samthos/MC-MPn-Direct
Sangqianli/MyQuadrotor_From_STM32F407,https://github.com/Sangqianli/MyQuadrotor_From_STM32F407
SantyPilot/SantyPilot,https://github.com/SantyPilot/SantyPilot
Scientific-Computing-Lab/ParallelCodeEstimation,https://github.com/Scientific-Computing-Lab/ParallelCodeEstimation
Scotty1234/CUDA-Lattice-Boltzmann,https://github.com/Scotty1234/CUDA-Lattice-Boltzmann
SeSaMe-NUS/Genie-and-Lamp-GPU,https://github.com/SeSaMe-NUS/Genie-and-Lamp-GPU
SeSaMe-NUS/genie,https://github.com/SeSaMe-NUS/genie
SenLongAn/UE_SimpleExercise,https://github.com/SenLongAn/UE_SimpleExercise
Serafino97/Seedsow,https://github.com/Serafino97/Seedsow
Sergigb/pec-engine,https://github.com/Sergigb/pec-engine
Seuss-MD/lab05-Apollo-11,https://github.com/Seuss-MD/lab05-Apollo-11
Sharadeos/Polybius,https://github.com/Sharadeos/Polybius
Sharwin1707/Technology,https://github.com/Sharwin1707/Technology
ShawnZhong/CUDA-Programming-Starter-Kit,https://github.com/ShawnZhong/CUDA-Programming-Starter-Kit
Shelnutt2/android_kernel_lge_geehrc,https://github.com/Shelnutt2/android_kernel_lge_geehrc
Shinjinok/tandem,https://github.com/Shinjinok/tandem
ShowLove/Robotics_Club,https://github.com/ShowLove/Robotics_Club
Shri333/CSC-548-Project,https://github.com/Shri333/CSC-548-Project
ShrikeKmF/Raider-Custom,https://github.com/ShrikeKmF/Raider-Custom
Shubham-Sahoo/Obstacle-Avoidance-on-UAV,https://github.com/Shubham-Sahoo/Obstacle-Avoidance-on-UAV
ShudaLi/rgbd_simulation,https://github.com/ShudaLi/rgbd_simulation
ShufflePerson/AimAhead,https://github.com/ShufflePerson/AimAhead
Sidharth-Prasad/vnav-ws,https://github.com/Sidharth-Prasad/vnav-ws
SidonCryerd/FinalBurnNeo,https://github.com/SidonCryerd/FinalBurnNeo
Sigfrido11/Rocket_simulator,https://github.com/Sigfrido11/Rocket_simulator
Sigmmma/Vulpes,https://github.com/Sigmmma/Vulpes
Sillyringo/opticks,https://github.com/Sillyringo/opticks
Sillyringo/opticks_original,https://github.com/Sillyringo/opticks_original
Silvanosky/ardupilot_test,https://github.com/Silvanosky/ardupilot_test
SimaoCortinhal/CHPS0904---OpenACC---Multistream---MultiGPU,https://github.com/SimaoCortinhal/CHPS0904---OpenACC---Multistream---MultiGPU
SimonB6/OpenFLIGHT,https://github.com/SimonB6/OpenFLIGHT
Simulation-Intelligence/CK-MPM,https://github.com/Simulation-Intelligence/CK-MPM
SimulationEverywhere/PDEVS-crazyflie-firmware,https://github.com/SimulationEverywhere/PDEVS-crazyflie-firmware
SimvolOrg/FlyLegacy,https://github.com/SimvolOrg/FlyLegacy
SindreYang/sindre_ext,https://github.com/SindreYang/sindre_ext
SiriusTR/dle-experimental,https://github.com/SiriusTR/dle-experimental
Skieslol/ot6-ingame,https://github.com/Skieslol/ot6-ingame
SkyFireArchives/SkyFireEMU_420,https://github.com/SkyFireArchives/SkyFireEMU_420
SkyroverTech/SkyoverPX4,https://github.com/SkyroverTech/SkyoverPX4
SmartCity-UAntwerpen/SmartDrone-old,https://github.com/SmartCity-UAntwerpen/SmartDrone-old
Snapex2409/KoMD,https://github.com/Snapex2409/KoMD
SnyprDragun/PX4-MAVROS-Simulation-Setup,https://github.com/SnyprDragun/PX4-MAVROS-Simulation-Setup
Sondrenm/Master-git,https://github.com/Sondrenm/Master-git
Sondrenm/catkin_ws,https://github.com/Sondrenm/catkin_ws
Sotomura/pokeemerald-plus,https://github.com/Sotomura/pokeemerald-plus
SouthportCybercards/CybercardsFRC2016,https://github.com/SouthportCybercards/CybercardsFRC2016
SpaceXpanse/Hackathons,https://github.com/SpaceXpanse/Hackathons
SpaceXpanse/Wanderers,https://github.com/SpaceXpanse/Wanderers
Spandan-Madan/in_distribution_adversarial_examples,https://github.com/Spandan-Madan/in_distribution_adversarial_examples
Sparkylc2/Portfolio-Website,https://github.com/Sparkylc2/Portfolio-Website
SparseBLAS/sycl-thrust,https://github.com/SparseBLAS/sycl-thrust
SparseLinearAlgebra/cuBool,https://github.com/SparseLinearAlgebra/cuBool
SparseLinearAlgebra/spbla,https://github.com/SparseLinearAlgebra/spbla
Sphereserver/Source,https://github.com/Sphereserver/Source
SpiritedDragonet/QuantumProject,https://github.com/SpiritedDragonet/QuantumProject
SploxLabs/Luna,https://github.com/SploxLabs/Luna
Spurgurgle/trailbruiser,https://github.com/Spurgurgle/trailbruiser
SriramKatta/Partcile_simulation_CUDA,https://github.com/SriramKatta/Partcile_simulation_CUDA
SriramKatta/SPH_CUDA_BASIC,https://github.com/SriramKatta/SPH_CUDA_BASIC
StanfordASL/GMT,https://github.com/StanfordASL/GMT
StarCloudes/cuda,https://github.com/StarCloudes/cuda
Starryou/sapienipc-exp,https://github.com/Starryou/sapienipc-exp
Stblacq/mesh_planner,https://github.com/Stblacq/mesh_planner
Stelliro/PuffinZipAI,https://github.com/Stelliro/PuffinZipAI
SteveMaddison/mame4all,https://github.com/SteveMaddison/mame4all
Stonelinks/jsbsim,https://github.com/Stonelinks/jsbsim
Storch9120/ardupilot_comrado,https://github.com/Storch9120/ardupilot_comrado
Story-Of-Alicia/alicia-server,https://github.com/Story-Of-Alicia/alicia-server
Stradex/librecoop,https://github.com/Stradex/librecoop
Substantiv/fuel_gazebo_ws,https://github.com/Substantiv/fuel_gazebo_ws
SuhailRafi/NASA-Astrobee-Robot-Simulator-JAXA-KRPC-2023,https://github.com/SuhailRafi/NASA-Astrobee-Robot-Simulator-JAXA-KRPC-2023
SultanGurbuz/romerHeronRLCTeam,https://github.com/SultanGurbuz/romerHeronRLCTeam
SumavisionQ5/mameplus,https://github.com/SumavisionQ5/mameplus
Sumeya-hussein/graduation-quantum-project,https://github.com/Sumeya-hussein/graduation-quantum-project
SumrakDZN/DayZNamalsk,https://github.com/SumrakDZN/DayZNamalsk
Sunsun24/MRS,https://github.com/Sunsun24/MRS
Sunyi16/PX4-Morphing,https://github.com/Sunyi16/PX4-Morphing
Sunyi16/PX4_Work_log,https://github.com/Sunyi16/PX4_Work_log
Supercomputing-System-AI-Lab/VecFlow,https://github.com/Supercomputing-System-AI-Lab/VecFlow
Supermagzzz/diffusion,https://github.com/Supermagzzz/diffusion
SurvivalOperations/HardCorps,https://github.com/SurvivalOperations/HardCorps
Svampflora/Asteroids,https://github.com/Svampflora/Asteroids
SvrT31/Project_MIRA,https://github.com/SvrT31/Project_MIRA
SwaggyTyrion/CADAC,https://github.com/SwaggyTyrion/CADAC
SwayambhuNathRay/Parallel-Romberg-Integration,https://github.com/SwayambhuNathRay/Parallel-Romberg-Integration
SwordTechCorp/gpu_tune,https://github.com/SwordTechCorp/gpu_tune
SyST3MDeV/rocketforever,https://github.com/SyST3MDeV/rocketforever
SymbianSource/oss.FCL.sf.mw.qt,https://github.com/SymbianSource/oss.FCL.sf.mw.qt
SymbolixDEV/Core,https://github.com/SymbolixDEV/Core
SynthAI/SynthAI,https://github.com/SynthAI/SynthAI
SynxFlow/SynxFlow,https://github.com/SynxFlow/SynxFlow
System-Verification-Lab/compact-parallel-hash-tables,https://github.com/System-Verification-Lab/compact-parallel-hash-tables
Syunjyan/GeneralizableSound-Bem,https://github.com/Syunjyan/GeneralizableSound-Bem
TACIXAT/zmine,https://github.com/TACIXAT/zmine
TBIproject/wolfdeb,https://github.com/TBIproject/wolfdeb
TEXStudio/xs3k,https://github.com/TEXStudio/xs3k
TI-OpenLink/wl12xx_soldel_maintenance,https://github.com/TI-OpenLink/wl12xx_soldel_maintenance
TL-4319/omnicopter,https://github.com/TL-4319/omnicopter
TOPEET-Develop/linux_rootfs,https://github.com/TOPEET-Develop/linux_rootfs
TTimelord/Sim2Real2,https://github.com/TTimelord/Sim2Real2
TU-Berlin-DIMA/Hawk-VLDBJ,https://github.com/TU-Berlin-DIMA/Hawk-VLDBJ
TUSAIL/PyroclastMPM,https://github.com/TUSAIL/PyroclastMPM
Talegqz/neural_novel_actor,https://github.com/Talegqz/neural_novel_actor
Tammerodev/IntePLAs,https://github.com/Tammerodev/IntePLAs
TangerieOrg/HogwartsLegacySDK,https://github.com/TangerieOrg/HogwartsLegacySDK
TangerieOrg/UEMod,https://github.com/TangerieOrg/UEMod
Tangshitao/Semi-supervised-Adaptive-Distillation,https://github.com/Tangshitao/Semi-supervised-Adaptive-Distillation
Taose/Vegastrike-taose,https://github.com/Taose/Vegastrike-taose
Tartan-AUV/tauv-mono,https://github.com/Tartan-AUV/tauv-mono
TartanLlama/pioneer-test,https://github.com/TartanLlama/pioneer-test
TeamAquasHideout/pokesapphire-qol,https://github.com/TeamAquasHideout/pokesapphire-qol
Tener/cuda-course,https://github.com/Tener/cuda-course
TeteJK/Bendy_Ruler_Lua,https://github.com/TeteJK/Bendy_Ruler_Lua
Teusner/Nautilus,https://github.com/Teusner/Nautilus
Texas-Aerial-Robotics/24-25-TAR-Team-2-Software,https://github.com/Texas-Aerial-Robotics/24-25-TAR-Team-2-Software
TexasInstruments/edgeai-tensorlab,https://github.com/TexasInstruments/edgeai-tensorlab
TexasMadeKing/DRG,https://github.com/TexasMadeKing/DRG
The-green-one-is-Zelda-right/Sheikah_Project,https://github.com/The-green-one-is-Zelda-right/Sheikah_Project
TheBuzzSaw/legacy-nullocity,https://github.com/TheBuzzSaw/legacy-nullocity
TheLostDesu/neuroPictures,https://github.com/TheLostDesu/neuroPictures
TheNewtonCapstone/newton-isaac-ros,https://github.com/TheNewtonCapstone/newton-isaac-ros
TheOpenSpaceProgram/osp-magnum,https://github.com/TheOpenSpaceProgram/osp-magnum
TheRobBrennan/dji-flight-record-review,https://github.com/TheRobBrennan/dji-flight-record-review
TheStarport/ChaosMod,https://github.com/TheStarport/ChaosMod
TheStarport/FLHook,https://github.com/TheStarport/FLHook
TheStarport/FLUF,https://github.com/TheStarport/FLUF
ThomasClb/SODA,https://github.com/ThomasClb/SODA
ThomasJClark/elden-ring-glorious-merchant,https://github.com/ThomasJClark/elden-ring-glorious-merchant
ThomasMerci/TP_GPU,https://github.com/ThomasMerci/TP_GPU
Thomasjc01/FTC-Control-for-PX4-Iris-drone,https://github.com/Thomasjc01/FTC-Control-for-PX4-Iris-drone
Thoronador/morrowtools,https://github.com/Thoronador/morrowtools
ThunderFly-aerospace/FlightGear,https://github.com/ThunderFly-aerospace/FlightGear
Thunderstorm/Thunderstorm,https://github.com/Thunderstorm/Thunderstorm
Tianchen-Sun/ego_planner_swarm_gazebo,https://github.com/Tianchen-Sun/ego_planner_swarm_gazebo
TiledTensor/TiledCUDA,https://github.com/TiledTensor/TiledCUDA
TimDettmers/multigpupy,https://github.com/TimDettmers/multigpupy
TimKrause2/launch,https://github.com/TimKrause2/launch
TinkerBoard2-Android/kernel,https://github.com/TinkerBoard2-Android/kernel
TirthVamja/Parallel_Game_Simulation,https://github.com/TirthVamja/Parallel_Game_Simulation
TitouanMelon/FlightRecordParser,https://github.com/TitouanMelon/FlightRecordParser
Tivlas/AVS-course-project,https://github.com/Tivlas/AVS-course-project
Tobinat/http-project-rpg.de,https://github.com/Tobinat/http-project-rpg.de
Toddoward/UAMXVR-Project,https://github.com/Toddoward/UAMXVR-Project
TomHeaven/MinkowskiEngine,https://github.com/TomHeaven/MinkowskiEngine
Tomcruseal/dImageProcessor,https://github.com/Tomcruseal/dImageProcessor
TomoCoder123/sgba-webots2.0,https://github.com/TomoCoder123/sgba-webots2.0
Tomoms/android_kernel_essential_msm8998,https://github.com/Tomoms/android_kernel_essential_msm8998
TonyDeRosia/smaug_relics,https://github.com/TonyDeRosia/smaug_relics
TonyTangYu/pytorch,https://github.com/TonyTangYu/pytorch
ToruNiina/lbvh,https://github.com/ToruNiina/lbvh
TrimanSingh/temporal-GPU-algos,https://github.com/TrimanSingh/temporal-GPU-algos
TsukiShinen/GT2_Project2,https://github.com/TsukiShinen/GT2_Project2
TurakhiaLab/DIPPER,https://github.com/TurakhiaLab/DIPPER
Tureyz/Licenta,https://github.com/Tureyz/Licenta
Twin1dev/24.20-Gameserver,https://github.com/Twin1dev/24.20-Gameserver
Tyson89/Landrover,https://github.com/Tyson89/Landrover
UCSD-E4E/stingray-controls,https://github.com/UCSD-E4E/stingray-controls
UEFI-code/QEMU_Danger_x86,https://github.com/UEFI-code/QEMU_Danger_x86
UFRGS-CAROL/radiation-benchmarks,https://github.com/UFRGS-CAROL/radiation-benchmarks
UMich-CURLY/RKHS_BA,https://github.com/UMich-CURLY/RKHS_BA
UMich-CURLY/unified_cvo,https://github.com/UMich-CURLY/unified_cvo
USC-ICT/jerome,https://github.com/USC-ICT/jerome
USTC-AIS-Lab/PE-Planner,https://github.com/USTC-AIS-Lab/PE-Planner
USU-Robosub/Gilligan,https://github.com/USU-Robosub/Gilligan
UTKRISHTPATESARIA/Graph-OOM,https://github.com/UTKRISHTPATESARIA/Graph-OOM
Um6ra1/CudaImg,https://github.com/Um6ra1/CudaImg
UniStuttgart-VISUS/megamol,https://github.com/UniStuttgart-VISUS/megamol
Unofficial-Extend-Project-Mirror/openfoam-extend-foam-extend-3.0,https://github.com/Unofficial-Extend-Project-Mirror/openfoam-extend-foam-extend-3.0
Unofficial-Extend-Project-Mirror/openfoam-extend-foam-extend-3.1,https://github.com/Unofficial-Extend-Project-Mirror/openfoam-extend-foam-extend-3.1
UoB-HPC/SNAP-Kokkos,https://github.com/UoB-HPC/SNAP-Kokkos
UoB-HPC/miniBUDE,https://github.com/UoB-HPC/miniBUDE
UrusTeam/urus_modules,https://github.com/UrusTeam/urus_modules
VAST-AI-Research/Deformable-Radial-Kernel-Splatting,https://github.com/VAST-AI-Research/Deformable-Radial-Kernel-Splatting
VLOGroup/imageutilities,https://github.com/VLOGroup/imageutilities
VORTICITY-INC/VTensor,https://github.com/VORTICITY-INC/VTensor
VS-Copilot-Content-Exclusion-Test/newPioneer,https://github.com/VS-Copilot-Content-Exclusion-Test/newPioneer
VacCatGT/undercover-csgo-fork,https://github.com/VacCatGT/undercover-csgo-fork
Vafla1441/RovFiles,https://github.com/Vafla1441/RovFiles
ValeevGroup/libintx,https://github.com/ValeevGroup/libintx
ValeevGroup/tiledarray,https://github.com/ValeevGroup/tiledarray
Valrandir/Core512,https://github.com/Valrandir/Core512
VamsiKrishna1211/CV-CSCI-5561-Project,https://github.com/VamsiKrishna1211/CV-CSCI-5561-Project
VeraVisions/nuclide,https://github.com/VeraVisions/nuclide
VertexStudio/UE4-AirSim,https://github.com/VertexStudio/UE4-AirSim
Vibhav-Gopal/Materov23-package,https://github.com/Vibhav-Gopal/Materov23-package
VicenteB97/Liouville_Solver_nD,https://github.com/VicenteB97/Liouville_Solver_nD
VincentW2/Fortnite-Hacks,https://github.com/VincentW2/Fortnite-Hacks
VisceralLogic/event-horizon,https://github.com/VisceralLogic/event-horizon
VitalijSelynin/Halite-II,https://github.com/VitalijSelynin/Halite-II
Vizerai/DCSR,https://github.com/Vizerai/DCSR
Vyshnav12/ParticleFX,https://github.com/Vyshnav12/ParticleFX
WBIDDSC/ArduPilot-DigitalDroneEdition,https://github.com/WBIDDSC/ArduPilot-DigitalDroneEdition
WH-G/iFBN,https://github.com/WH-G/iFBN
WHU-SIGMAIC/adGraph,https://github.com/WHU-SIGMAIC/adGraph
WHUTLM/SPQ,https://github.com/WHUTLM/SPQ
WIT-IEEE-MATE-ROV/WU25,https://github.com/WIT-IEEE-MATE-ROV/WU25
WOOSEOK99/EKMAMEGui,https://github.com/WOOSEOK99/EKMAMEGui
WUST-RM/wust_vision,https://github.com/WUST-RM/wust_vision
WUSTL-CSPL/ARI,https://github.com/WUSTL-CSPL/ARI
Waffle-Iron-Studios/Griddle,https://github.com/Waffle-Iron-Studios/Griddle
WagleyResearch/ModelRocket,https://github.com/WagleyResearch/ModelRocket
Wajov/ClothSimulator,https://github.com/Wajov/ClothSimulator
WangLouis/Ardupilot_kai,https://github.com/WangLouis/Ardupilot_kai
WarfareCode/gcblue,https://github.com/WarfareCode/gcblue
WasilewskiJakub/TestyKlienta,https://github.com/WasilewskiJakub/TestyKlienta
Wells-Group/pmg-dolfinx-lumi,https://github.com/Wells-Group/pmg-dolfinx-lumi
WeltXing/Missouri,https://github.com/WeltXing/Missouri
Wendi-L/OpenFOAM_v2106-MUI_v1.2,https://github.com/Wendi-L/OpenFOAM_v2106-MUI_v1.2
Wenlab/Online-Zebrafish-Optogenetic-System,https://github.com/Wenlab/Online-Zebrafish-Optogenetic-System
Whales/Cataclysm,https://github.com/Whales/Cataclysm
WhiteCloud0123/CDDA-Breeze,https://github.com/WhiteCloud0123/CDDA-Breeze
WiegerWolf/Revenant-source-code,https://github.com/WiegerWolf/Revenant-source-code
WillStevens/scrollreading,https://github.com/WillStevens/scrollreading
WilliamDormer/3DMenuVisualization,https://github.com/WilliamDormer/3DMenuVisualization
WilliamQiufeng/MadPodRacingNative,https://github.com/WilliamQiufeng/MadPodRacingNative
WilsonWangTHU/pedestrian-detection-thu2015,https://github.com/WilsonWangTHU/pedestrian-detection-thu2015
Winstonxu123/LSTM-CF,https://github.com/Winstonxu123/LSTM-CF
Wizard-Of-Chaos/ExShock_code,https://github.com/Wizard-Of-Chaos/ExShock_code
WongAndyStarSB/get_the_gold,https://github.com/WongAndyStarSB/get_the_gold
WongHuLin/Raptor-T,https://github.com/WongHuLin/Raptor-T
Wr4Th-0f-D0g/Red-Solstice-2-UProject,https://github.com/Wr4Th-0f-D0g/Red-Solstice-2-UProject
WukongGPU/WukongGPU,https://github.com/WukongGPU/WukongGPU
X2Abdul/Games-Technology-Courseworks,https://github.com/X2Abdul/Games-Technology-Courseworks
XanClic/g1,https://github.com/XanClic/g1
Xeomuz/Doom-Port-Source-Code,https://github.com/Xeomuz/Doom-Port-Source-Code
XssZuiNB/CUDA_3D,https://github.com/XssZuiNB/CUDA_3D
Xtra-Computing/DeltaBoost,https://github.com/Xtra-Computing/DeltaBoost
Xu-Zhang-zx/uav_maze,https://github.com/Xu-Zhang-zx/uav_maze
XulCetca/Pixhawk,https://github.com/XulCetca/Pixhawk
XxRagulxX/Stand-Source,https://github.com/XxRagulxX/Stand-Source
XxRagulxX/YimmenuEnhanced,https://github.com/XxRagulxX/YimmenuEnhanced
YBZX/s5p6818_linux-xiaoY_gec6818,https://github.com/YBZX/s5p6818_linux-xiaoY_gec6818
YBeyond/MotionPlanHomework,https://github.com/YBeyond/MotionPlanHomework
YZhongYong/serverchat,https://github.com/YZhongYong/serverchat
Yajeshchandra/PX4-Autopilot,https://github.com/Yajeshchandra/PX4-Autopilot
YaqiXia/Voltrix-SpMM,https://github.com/YaqiXia/Voltrix-SpMM
YasirAhmed86/kurskal_algorithm_using_cuda,https://github.com/YasirAhmed86/kurskal_algorithm_using_cuda
Yi-Huaaa/repo759,https://github.com/Yi-Huaaa/repo759
YidanDeng/PrisPack,https://github.com/YidanDeng/PrisPack
Yndal/ArduPilot-SensorPlatform,https://github.com/Yndal/ArduPilot-SensorPlatform
YonatanKoral/ModelsImplementations,https://github.com/YonatanKoral/ModelsImplementations
Youcef-11/Multi-drone-system-MARL,https://github.com/Youcef-11/Multi-drone-system-MARL
Yuchi94/CustomAirSim,https://github.com/Yuchi94/CustomAirSim
YuehChuan/cudaVStemplate,https://github.com/YuehChuan/cudaVStemplate
YuehChuan/gpu_computing_in_robotics,https://github.com/YuehChuan/gpu_computing_in_robotics
YuhhhZhao/NeRF-rep_for_test,https://github.com/YuhhhZhao/NeRF-rep_for_test
Yujiajun3/Trajectory-Homework,https://github.com/Yujiajun3/Trajectory-Homework
YukeWang96/TCGNN-tsparse,https://github.com/YukeWang96/TCGNN-tsparse
YuliangXiu/bvh-distance-queries,https://github.com/YuliangXiu/bvh-distance-queries
YunDrone-Team/Sunray,https://github.com/YunDrone-Team/Sunray
YunzhuLi/PyFleX,https://github.com/YunzhuLi/PyFleX
Yurand/tw-light,https://github.com/Yurand/tw-light
Yureien/realtime-camera,https://github.com/Yureien/realtime-camera
ZJU-DAILY/GTS,https://github.com/ZJU-DAILY/GTS
ZJU-FAST-Lab/EGO-Planner-v2,https://github.com/ZJU-FAST-Lab/EGO-Planner-v2
ZJU-FAST-Lab/Fast-Perching,https://github.com/ZJU-FAST-Lab/Fast-Perching
ZJU-FAST-Lab/Fast-Racing,https://github.com/ZJU-FAST-Lab/Fast-Racing
ZJU-FAST-Lab/Fast-tracker,https://github.com/ZJU-FAST-Lab/Fast-tracker
ZJU-FAST-Lab/OPNet,https://github.com/ZJU-FAST-Lab/OPNet
ZJUVAI/DRGraph,https://github.com/ZJUVAI/DRGraph
ZL-Su/Matrice,https://github.com/ZL-Su/Matrice
ZXiiiC/SRDrone,https://github.com/ZXiiiC/SRDrone
ZachMarcus/SC17,https://github.com/ZachMarcus/SC17
ZacharyTaylor/Multi-Array-Calib,https://github.com/ZacharyTaylor/Multi-Array-Calib
ZacharyTaylor/Multimodal-Calib,https://github.com/ZacharyTaylor/Multimodal-Calib
Zdeeno/FAST-GPU,https://github.com/Zdeeno/FAST-GPU
Zedonkay/robodsl,https://github.com/Zedonkay/robodsl
Zedonkay/ros2_cuda,https://github.com/Zedonkay/ros2_cuda
ZenProtocol-Pool/ccminer-zp,https://github.com/ZenProtocol-Pool/ccminer-zp
ZerenYu/MinkowskiEngine,https://github.com/ZerenYu/MinkowskiEngine
ZhenhLi/cudaTutorial,https://github.com/ZhenhLi/cudaTutorial
ZhouZiyuBIT/PX4-1.12.3_mpc,https://github.com/ZhouZiyuBIT/PX4-1.12.3_mpc
ZhpHuang/GPU_lab,https://github.com/ZhpHuang/GPU_lab
ZhuFengdaaa/ManiSkill2-Learn,https://github.com/ZhuFengdaaa/ManiSkill2-Learn
ZhuWen2/HardWorking,https://github.com/ZhuWen2/HardWorking
ZiXuanVickyLu/culbvh,https://github.com/ZiXuanVickyLu/culbvh
ZiliangMiao/GIE_Mapping_nuScenes,https://github.com/ZiliangMiao/GIE_Mapping_nuScenes
ZimingLi1204/ML_project,https://github.com/ZimingLi1204/ML_project
Ziqi-Cui/MSPD,https://github.com/Ziqi-Cui/MSPD
a-day-old-bagel/at3,https://github.com/a-day-old-bagel/at3
a-hamdi/GPU,https://github.com/a-hamdi/GPU
a-szymanska/algorithms,https://github.com/a-szymanska/algorithms
a01ixxx/ardupilot_recovery,https://github.com/a01ixxx/ardupilot_recovery
a01ixxx/ardupilot_redcaps,https://github.com/a01ixxx/ardupilot_redcaps
a0x8o/caffe2,https://github.com/a0x8o/caffe2
a0x8o/mxnet,https://github.com/a0x8o/mxnet
a0x8o/xgboost,https://github.com/a0x8o/xgboost
a1henu/abacus_tensor,https://github.com/a1henu/abacus_tensor
aadi1307/High-Performance-Computing,https://github.com/aadi1307/High-Performance-Computing
aamirahmad/telekyb,https://github.com/aamirahmad/telekyb
abacusmodeling/abacus-develop,https://github.com/abacusmodeling/abacus-develop
abdelhakim96/Wind-Turbine-Inspection,https://github.com/abdelhakim96/Wind-Turbine-Inspection
abdelrahmanfarghali/project-sea,https://github.com/abdelrahmanfarghali/project-sea
abdullah-radwan/UACS,https://github.com/abdullah-radwan/UACS
abhimanyubhowmik/Autonomous_Behavior_BlueROV,https://github.com/abhimanyubhowmik/Autonomous_Behavior_BlueROV
abhimanyubhowmik/Visual_Servoing,https://github.com/abhimanyubhowmik/Visual_Servoing
abhirup-roy/cuda-cpp,https://github.com/abhirup-roy/cuda-cpp
ablimit/hadoopgis,https://github.com/ablimit/hadoopgis
absi2011/mxnet_int8,https://github.com/absi2011/mxnet_int8
abstruse020/codes,https://github.com/abstruse020/codes
acarapetis/asteroid-civil-war,https://github.com/acarapetis/asteroid-civil-war
acecombatlover/acecombat,https://github.com/acecombatlover/acecombat
acemod/ACE3,https://github.com/acemod/ACE3
aceraut/cudaranai,https://github.com/aceraut/cudaranai
aceskpark/osfeo,https://github.com/aceskpark/osfeo
acfr/gpu-ray-surface-intersection-in-cuda,https://github.com/acfr/gpu-ray-surface-intersection-in-cuda
achasssss/armaai-video-upload,https://github.com/achasssss/armaai-video-upload
acont95/flight-controller,https://github.com/acont95/flight-controller
acts-project/traccc,https://github.com/acts-project/traccc
adamdai/px4_ros_com_ros2,https://github.com/adamdai/px4_ros_com_ros2
adamowski137/UnifiedParticlePhysicsCuda,https://github.com/adamowski137/UnifiedParticlePhysicsCuda
adarshrs/Drone-Simulator-for-ROS-Kinetic,https://github.com/adarshrs/Drone-Simulator-for-ROS-Kinetic
adiSuper94/CudaProgrammingCS344,https://github.com/adiSuper94/CudaProgrammingCS344
adnedelcu/halite-bot-2,https://github.com/adnedelcu/halite-bot-2
aelobdog/cograsim,https://github.com/aelobdog/cograsim
aerostack-lab/mav_control_rw,https://github.com/aerostack-lab/mav_control_rw
aerostack/px4_autopilot,https://github.com/aerostack/px4_autopilot
aerostack2/aerostack2,https://github.com/aerostack2/aerostack2
aerostack2/as2_platform_dji_osdk,https://github.com/aerostack2/as2_platform_dji_osdk
agency-library/agency,https://github.com/agency-library/agency
aghaeifar/SpinWalk,https://github.com/aghaeifar/SpinWalk
aguMartinez/GPGPU_G26_2024,https://github.com/aguMartinez/GPGPU_G26_2024
ah-/ubuntu-kernel-mbp,https://github.com/ah-/ubuntu-kernel-mbp
ahmed24630/ardupilot-blue,https://github.com/ahmed24630/ardupilot-blue
ahmedbasabaien123/Projet-EV-ChatBot,https://github.com/ahmedbasabaien123/Projet-EV-ChatBot
ahparhizgar/Bachelor-Project,https://github.com/ahparhizgar/Bachelor-Project
aicanhelp/ai-platform,https://github.com/aicanhelp/ai-platform
ailovejinx/GSOT3D,https://github.com/ailovejinx/GSOT3D
aixoss/pytorch,https://github.com/aixoss/pytorch
ajschmidt8/rmm-testbed,https://github.com/ajschmidt8/rmm-testbed
akdrh3/cuda_inferno,https://github.com/akdrh3/cuda_inferno
akiradeveloper/bphcuda,https://github.com/akiradeveloper/bphcuda
akiyamalab/ghostz-gpu,https://github.com/akiyamalab/ghostz-gpu
akolobov/ArduSoar-3.8,https://github.com/akolobov/ArduSoar-3.8
akrai0ws/Pytorch_pytorch,https://github.com/akrai0ws/Pytorch_pytorch
akruglov18/Game,https://github.com/akruglov18/Game
alan-turing-institute/mogp-emulator,https://github.com/alan-turing-institute/mogp-emulator
alecnunn/bookresources,https://github.com/alecnunn/bookresources
alejandrorosas/ardupilot,https://github.com/alejandrorosas/ardupilot
alemuntoni/meshlab-external-libraries,https://github.com/alemuntoni/meshlab-external-libraries
alesapin/xtok,https://github.com/alesapin/xtok
alex-haozheng/is-CUDA,https://github.com/alex-haozheng/is-CUDA
alex34679/robot-learning,https://github.com/alex34679/robot-learning
alex7z/SkyFireEMU,https://github.com/alex7z/SkyFireEMU
alexander-sholohov/msk144cudecoder,https://github.com/alexander-sholohov/msk144cudecoder
alexanderb14/pytorch,https://github.com/alexanderb14/pytorch
alexdantas/sdl2-platformer,https://github.com/alexdantas/sdl2-platformer
alexge233/cuANN,https://github.com/alexge233/cuANN
alexge233/node-word-vec,https://github.com/alexge233/node-word-vec
alexguldemond/ssorai_pcg,https://github.com/alexguldemond/ssorai_pcg
alexkulya/pandaria_5.4.8,https://github.com/alexkulya/pandaria_5.4.8
alexmvalencia/Digital-Twin-Cybersecurity,https://github.com/alexmvalencia/Digital-Twin-Cybersecurity
alfredos84/Parallel_OPO_Simulator,https://github.com/alfredos84/Parallel_OPO_Simulator
alibaba/MNN,https://github.com/alibaba/MNN
alibaba/ai-matrix,https://github.com/alibaba/ai-matrix
alibaba/cloud-kernel,https://github.com/alibaba/cloud-kernel
align-corp/ardupilot,https://github.com/align-corp/ardupilot
alinutzal/hackCugraph,https://github.com/alinutzal/hackCugraph
alireza-ebrahimi-ai/MadPodRacing-Gold,https://github.com/alireza-ebrahimi-ai/MadPodRacing-Gold
alliepiper/thrust_benchmark,https://github.com/alliepiper/thrust_benchmark
alncat/cryoem,https://github.com/alncat/cryoem
alod83/IS-MOOS,https://github.com/alod83/IS-MOOS
alpha-gr/MRI-CUDA,https://github.com/alpha-gr/MRI-CUDA
amandarldn/robosub_cimatec,https://github.com/amandarldn/robosub_cimatec
ami-iit/paper_gorbani_2025_humanoids_multi-rate-mpc-ironcub,https://github.com/ami-iit/paper_gorbani_2025_humanoids_multi-rate-mpc-ironcub
aminebdj/mass_regressor_dino,https://github.com/aminebdj/mass_regressor_dino
aminnj/condorBabyMaker,https://github.com/aminnj/condorBabyMaker
amitzero/cuda-sort,https://github.com/amitzero/cuda-sort
amov-lab/some,https://github.com/amov-lab/some
ampslab/clover-knn,https://github.com/ampslab/clover-knn
anandj91/p3,https://github.com/anandj91/p3
anantjiit2026/cs149-assignment,https://github.com/anantjiit2026/cs149-assignment
anboto/ProjectChrono,https://github.com/anboto/ProjectChrono
andiw99/Master-Arbeit,https://github.com/andiw99/Master-Arbeit
andrealaffly/ACSL-flightstack,https://github.com/andrealaffly/ACSL-flightstack
andrealaffly/ACSL-flightstack-winged,https://github.com/andrealaffly/ACSL-flightstack-winged
andreasmang/claire,https://github.com/andreasmang/claire
andrey-vasenin/steady-correlations-measurement,https://github.com/andrey-vasenin/steady-correlations-measurement
andymasteroffish/combat_genetics,https://github.com/andymasteroffish/combat_genetics
andyn/dcs-ah6,https://github.com/andyn/dcs-ah6
anish-bhattacharya/evfly,https://github.com/anish-bhattacharya/evfly
aniskoubaa/mavsec,https://github.com/aniskoubaa/mavsec
ankurmittal/CSE-506---Operating-Systems,https://github.com/ankurmittal/CSE-506---Operating-Systems
ankurmittal/OS-u2fs,https://github.com/ankurmittal/OS-u2fs
anoban/cpp23,https://github.com/anoban/cpp23
anonymouspc/anonymous,https://github.com/anonymouspc/anonymous
antarctica2015/SteeringBehaviours,https://github.com/antarctica2015/SteeringBehaviours
anteagle/GPU_BADMM_MT,https://github.com/anteagle/GPU_BADMM_MT
anthony-yip/parallel-portfolio-optimization,https://github.com/anthony-yip/parallel-portfolio-optimization
antonmks/Alenka,https://github.com/antonmks/Alenka
anuragmakineni/simulator,https://github.com/anuragmakineni/simulator
aosp-rockchip/android_kernel_rockchip_rk356x,https://github.com/aosp-rockchip/android_kernel_rockchip_rk356x
apaszke/pytorch-dist,https://github.com/apaszke/pytorch-dist
araitaiga/point_in_polygon_example,https://github.com/araitaiga/point_in_polygon_example
arbruijn/d3editmod,https://github.com/arbruijn/d3editmod
archbiology/jesus,https://github.com/archbiology/jesus
archerjd/modularcombat_v3.0.0,https://github.com/archerjd/modularcombat_v3.0.0
archiehull/cuda-birdflock,https://github.com/archiehull/cuda-birdflock
areddy2022/flash-attn-with-bias,https://github.com/areddy2022/flash-attn-with-bias
areuddin/games-tech,https://github.com/areuddin/games-tech
arfrancis0517/single-pixel-imaging,https://github.com/arfrancis0517/single-pixel-imaging
arieltl/atv11-supercomp,https://github.com/arieltl/atv11-supercomp
arijit-dasgupta/UAVProjectileCatcher,https://github.com/arijit-dasgupta/UAVProjectileCatcher
arjun-raj-kuppala/pytorchtest,https://github.com/arjun-raj-kuppala/pytorchtest
armimo92/publishedCodes,https://github.com/armimo92/publishedCodes
arminms/one4all,https://github.com/arminms/one4all
aronfelipe/supercomp,https://github.com/aronfelipe/supercomp
arplaboratory/flightmare_simulator,https://github.com/arplaboratory/flightmare_simulator
arrayfire/arrayfire,https://github.com/arrayfire/arrayfire
arthurdead/srcsdk,https://github.com/arthurdead/srcsdk
artynet/openwrt-git-x86,https://github.com/artynet/openwrt-git-x86
aruznieto/opal,https://github.com/aruznieto/opal
arzeo68/epitechEcsExample,https://github.com/arzeo68/epitechEcsExample
asbschmidt/CUDASW4,https://github.com/asbschmidt/CUDASW4
asdpalsdpaldpaldp/Fortnite-Reload,https://github.com/asdpalsdpaldpaldp/Fortnite-Reload
ash-anand/ark_simulator,https://github.com/ash-anand/ark_simulator
ashawkey/cubvh,https://github.com/ashawkey/cubvh
ashbash104/Apollo-11-Lab05,https://github.com/ashbash104/Apollo-11-Lab05
ashkanvg/cuJSON,https://github.com/ashkanvg/cuJSON
ashwin/gDel3D,https://github.com/ashwin/gDel3D
asneya/imame4all,https://github.com/asneya/imame4all
aspek1/QuadricCurvature,https://github.com/aspek1/QuadricCurvature
atang-ncat/particle_filter_localization_using_cuda,https://github.com/atang-ncat/particle_filter_localization_using_cuda
atesahmet0/KuzgunGCS,https://github.com/atesahmet0/KuzgunGCS
atharvag1/gunrock-hip,https://github.com/atharvag1/gunrock-hip
atharvamete/IARC_2021,https://github.com/atharvamete/IARC_2021
atharvap2505/etl_pipeline_grafana,https://github.com/atharvap2505/etl_pipeline_grafana
atilaneves/gravastar,https://github.com/atilaneves/gravastar
atomic14/esp-asteroids,https://github.com/atomic14/esp-asteroids
austinhurst/pegasus,https://github.com/austinhurst/pegasus
austinvishal/DroneControls,https://github.com/austinvishal/DroneControls
auvsociety/thrustered_vehicle_motioncontroller,https://github.com/auvsociety/thrustered_vehicle_motioncontroller
awaisAhmed19/Rockets,https://github.com/awaisAhmed19/Rockets
axionyx/amrex4axionyx_1.0,https://github.com/axionyx/amrex4axionyx_1.0
azizimalek/arduHAU,https://github.com/azizimalek/arduHAU
b1urberry/repo759,https://github.com/b1urberry/repo759
baho0/MarkutGCS,https://github.com/baho0/MarkutGCS
bao666liang/ros_vrx,https://github.com/bao666liang/ros_vrx
barbagroup/cuIBM,https://github.com/barbagroup/cuIBM
barbara0811/subcultron-sim,https://github.com/barbara0811/subcultron-sim
bartslinger/cx10_vision,https://github.com/bartslinger/cx10_vision
bberberov/scorched3d,https://github.com/bberberov/scorched3d
bblueskydream/cs149,https://github.com/bblueskydream/cs149
bbrummer/OpenPilot,https://github.com/bbrummer/OpenPilot
bbuhrow/yafu,https://github.com/bbuhrow/yafu
bcfrutuozo/CENgine,https://github.com/bcfrutuozo/CENgine
bditt/DarkAndDarker-ProcessEvent-Hook,https://github.com/bditt/DarkAndDarker-ProcessEvent-Hook
beanbag1/gcbfplus_ros,https://github.com/beanbag1/gcbfplus_ros
bear-zd/aTen-fetch,https://github.com/bear-zd/aTen-fetch
beatrizbernardino/SuperComp,https://github.com/beatrizbernardino/SuperComp
bebopkenny/Gene-Scope,https://github.com/bebopkenny/Gene-Scope
beingalitaheri/PhD---Samrt-Particles,https://github.com/beingalitaheri/PhD---Samrt-Particles
belle2/basf2,https://github.com/belle2/basf2
benbarsdell/KaggleSantaPacking,https://github.com/benbarsdell/KaggleSantaPacking
bengmathew/tpaw,https://github.com/bengmathew/tpaw
benjcooley/Revenant,https://github.com/benjcooley/Revenant
bennahugo/imaging_core,https://github.com/bennahugo/imaging_core
benradf/space-game,https://github.com/benradf/space-game
bensonmatt1029/Senior-Project,https://github.com/bensonmatt1029/Senior-Project
bentglasstube/empty-space,https://github.com/bentglasstube/empty-space
benzeng/PX4Firmware,https://github.com/benzeng/PX4Firmware
berkeley-container-library/bcl,https://github.com/berkeley-container-library/bcl
bespoke-silicon-group/bsg-motif-gpu-benchmarks-src,https://github.com/bespoke-silicon-group/bsg-motif-gpu-benchmarks-src
bettaz/NXPCup,https://github.com/bettaz/NXPCup
betterpig/paddle_npu,https://github.com/betterpig/paddle_npu
beyerch/DHP_Kepler,https://github.com/beyerch/DHP_Kepler
bfp4f360/aux-mod,https://github.com/bfp4f360/aux-mod
bgamer50/Maelstrom,https://github.com/bgamer50/Maelstrom
bgin/Radar-ElectroOptical-Simulation,https://github.com/bgin/Radar-ElectroOptical-Simulation
bgin/Radar_ElectroOptical_Simulation,https://github.com/bgin/Radar_ElectroOptical_Simulation
big-nacho/patolette,https://github.com/big-nacho/patolette
biggerm999/crazyflie_sshs,https://github.com/biggerm999/crazyflie_sshs
bingps/raft,https://github.com/bingps/raft
binshengliu/xgboost,https://github.com/binshengliu/xgboost
birdybro/MiSTer_FW_Context,https://github.com/birdybro/MiSTer_FW_Context
bitsun/faiss-windows,https://github.com/bitsun/faiss-windows
bkj/cuda_ppr,https://github.com/bkj/cuda_ppr
bkj/tmp_build_test,https://github.com/bkj/tmp_build_test
blackfuel/asuswrt-rt-ax88u,https://github.com/blackfuel/asuswrt-rt-ax88u
blackjack2016/pytroch,https://github.com/blackjack2016/pytroch
blackletum/csgo_test,https://github.com/blackletum/csgo_test
blackletum/vance-src-bkup,https://github.com/blackletum/vance-src-bkup
blahgeek/thrust-upstream,https://github.com/blahgeek/thrust-upstream
blaire9989/BEMsim3D,https://github.com/blaire9989/BEMsim3D
blakdragan7/GalacticEngagement,https://github.com/blakdragan7/GalacticEngagement
blitztech/Bfacore-leak,https://github.com/blitztech/Bfacore-leak
blondfrogs/veilminer,https://github.com/blondfrogs/veilminer
bluedogerino/msm8916-kernel,https://github.com/bluedogerino/msm8916-kernel
blwillis11/-73rd_STB,https://github.com/blwillis11/-73rd_STB
boom8866/WOTLK,https://github.com/boom8866/WOTLK
bootcmatch/BootCMatchGX,https://github.com/bootcmatch/BootCMatchGX
borgified/Allegiance,https://github.com/borgified/Allegiance
bramp/aoc,https://github.com/bramp/aoc
brian-team/brian2cuda,https://github.com/brian-team/brian2cuda
bridgecommand/bc,https://github.com/bridgecommand/bc
britishtech/ccminer,https://github.com/britishtech/ccminer
broadinstitute/firepony,https://github.com/broadinstitute/firepony
brownvc/shapefromtracing,https://github.com/brownvc/shapefromtracing
brucelinco/CUDA_teaching_examples,https://github.com/brucelinco/CUDA_teaching_examples
bryan-nvidia/gpu-python-clone,https://github.com/bryan-nvidia/gpu-python-clone
bryancatanzaro/copperhead-compiler,https://github.com/bryancatanzaro/copperhead-compiler
bryancatanzaro/kmeans,https://github.com/bryancatanzaro/kmeans
bryanperris/flare.rs,https://github.com/bryanperris/flare.rs
bryanzhang/matmul,https://github.com/bryanzhang/matmul
bsbretly/legacy_PX4-Autopilot,https://github.com/bsbretly/legacy_PX4-Autopilot
btb/miner,https://github.com/btb/miner
burtscher/PFPL,https://github.com/burtscher/PFPL
butnaruteodor/PX4-Autopilot,https://github.com/butnaruteodor/PX4-Autopilot
bzip2-cuda/bzip2-cuda,https://github.com/bzip2-cuda/bzip2-cuda
cabinx/cabin_auv_simulation,https://github.com/cabinx/cabin_auv_simulation
cacamelio/fatality-source-fixed,https://github.com/cacamelio/fatality-source-fixed
cadivus/llvm_cuda_examples,https://github.com/cadivus/llvm_cuda_examples
caglarmert/Kartal,https://github.com/caglarmert/Kartal
cakeisalie/oomphlib_003,https://github.com/cakeisalie/oomphlib_003
callaby/clickhouse-gpu,https://github.com/callaby/clickhouse-gpu
callmephil/SunWellCore,https://github.com/callmephil/SunWellCore
camcow/SKAstart,https://github.com/camcow/SKAstart
cangozpinar/PX4_Autopilot_Drone_Project,https://github.com/cangozpinar/PX4_Autopilot_Drone_Project
cap-lab/jedi,https://github.com/cap-lab/jedi
captainys/YSFLIGHT,https://github.com/captainys/YSFLIGHT
carlsummer/python_developer_tools,https://github.com/carlsummer/python_developer_tools
carry-all-coder/mindquantum-noise,https://github.com/carry-all-coder/mindquantum-noise
castacks/PX4-fully-actuated,https://github.com/castacks/PX4-fully-actuated
catboost/catboost,https://github.com/catboost/catboost
cbloodsworth/cuda-mnist,https://github.com/cbloodsworth/cuda-mnist
cbotnio/ROS-Cbot,https://github.com/cbotnio/ROS-Cbot
ccecka/fmmtl,https://github.com/ccecka/fmmtl
cctry/cutlass_HIP,https://github.com/cctry/cutlass_HIP
cculianu/SpikeGL,https://github.com/cculianu/SpikeGL
cedrus/qt4,https://github.com/cedrus/qt4
celeron633/linux_kernel_gec6818,https://github.com/celeron633/linux_kernel_gec6818
cemetery-gates/SDL_Asteroids,https://github.com/cemetery-gates/SDL_Asteroids
cesmix-mit/MDP,https://github.com/cesmix-mit/MDP
cggos/multicore_gpu_programming,https://github.com/cggos/multicore_gpu_programming
chabner/temporalSpecklesCode,https://github.com/chabner/temporalSpecklesCode
chart21/hpmpc,https://github.com/chart21/hpmpc
chei90/RemoteRendering,https://github.com/chei90/RemoteRendering
chendy498/llm_plane,https://github.com/chendy498/llm_plane
chengenbao/cuda_headers,https://github.com/chengenbao/cuda_headers
chenxinhua2021/books-src,https://github.com/chenxinhua2021/books-src
chenxuhao/csrcolor,https://github.com/chenxuhao/csrcolor
chenzhenghai/GPU_3D_CDT_Refine,https://github.com/chenzhenghai/GPU_3D_CDT_Refine
chenzhenghai/GPU_CDT_Refine,https://github.com/chenzhenghai/GPU_CDT_Refine
chief1983/Imperial-Alliance,https://github.com/chief1983/Imperial-Alliance
chilung/dllab-5-2-tensorrt,https://github.com/chilung/dllab-5-2-tensorrt
chinitaberrio/gmsl_driver_agx,https://github.com/chinitaberrio/gmsl_driver_agx
chinmaydk99/100-Days-Of-CUDA,https://github.com/chinmaydk99/100-Days-Of-CUDA
chips-project/msm-4.14,https://github.com/chips-project/msm-4.14
chiyanglin-AStar/qemu-org,https://github.com/chiyanglin-AStar/qemu-org
chiyodajpn/drone,https://github.com/chiyodajpn/drone
chribell/gpgpu_ssjoin_eval,https://github.com/chribell/gpgpu_ssjoin_eval
chribell/set_intersection,https://github.com/chribell/set_intersection
chrisblatchley/sumo-cuda,https://github.com/chrisblatchley/sumo-cuda
christianhaitian/RG353VKernel,https://github.com/christianhaitian/RG353VKernel
christianhaitian/rg503Kernel,https://github.com/christianhaitian/rg503Kernel
christinalc/deepvecfont,https://github.com/christinalc/deepvecfont
chuckseberino/CCT,https://github.com/chuckseberino/CCT
chunleili/mgxpbd,https://github.com/chunleili/mgxpbd
classiccoding/postal-1-open-source,https://github.com/classiccoding/postal-1-open-source
cledtz/SDKS,https://github.com/cledtz/SDKS
clementfarabet/THC,https://github.com/clementfarabet/THC
cloudhan/hute,https://github.com/cloudhan/hute
cloudkernel-tech/Firmware,https://github.com/cloudkernel-tech/Firmware
clydemcqueen/orca4,https://github.com/clydemcqueen/orca4
cmstas/CMS2_ArchiveJul2013,https://github.com/cmstas/CMS2_ArchiveJul2013
cmzww/AdruCopter,https://github.com/cmzww/AdruCopter
cnpcshangbo/PX4,https://github.com/cnpcshangbo/PX4
codcordance/xgboost-gpu-sspcloud,https://github.com/codcordance/xgboost-gpu-sspcloud
codeDogPro/myDLlib,https://github.com/codeDogPro/myDLlib
codecircuit/thrustshift,https://github.com/codecircuit/thrustshift
codereport/Content,https://github.com/codereport/Content
codyuehara/thunder-bug,https://github.com/codyuehara/thunder-bug
cojmeister/CADAC,https://github.com/cojmeister/CADAC
colesbury/pytorch-old,https://github.com/colesbury/pytorch-old
connor-prinster/web-development,https://github.com/connor-prinster/web-development
connquistador/ccminer_yescryptr16-cuda-11,https://github.com/connquistador/ccminer_yescryptr16-cuda-11
conplexx/frank-sysroot,https://github.com/conplexx/frank-sysroot
considerate/disc,https://github.com/considerate/disc
cooler-SAI/BfaCore-1,https://github.com/cooler-SAI/BfaCore-1
cornell-brg/hb-pytorch,https://github.com/cornell-brg/hb-pytorch
correaa/b-multi,https://github.com/correaa/b-multi
cpp-benchmark1/ardupilot,https://github.com/cpp-benchmark1/ardupilot
cpp-niel/cpp-doom,https://github.com/cpp-niel/cpp-doom
cradle/newtonia,https://github.com/cradle/newtonia
cran/cuda.ml,https://github.com/cran/cuda.ml
cran/cuml,https://github.com/cran/cuml
cran/xgboost,https://github.com/cran/xgboost
creiser/kilonerf,https://github.com/creiser/kilonerf
crowdAI/vizdoom2018_draft,https://github.com/crowdAI/vizdoom2018_draft
crzysdrs/openmw,https://github.com/crzysdrs/openmw
cshenton/quest_xr,https://github.com/cshenton/quest_xr
csian98/Nvidia-CUDA,https://github.com/csian98/Nvidia-CUDA
csian98/sian,https://github.com/csian98/sian
csl-iisc/DWS-HPCA2021,https://github.com/csl-iisc/DWS-HPCA2021
csl-iisc/H-Rocks-SIGMOD25,https://github.com/csl-iisc/H-Rocks-SIGMOD25
cslab-ntua/SpMV-Research,https://github.com/cslab-ntua/SpMV-Research
cstevenson98/OpenQMC,https://github.com/cstevenson98/OpenQMC
cuauv/software,https://github.com/cuauv/software
cuihenggang/mltuner-geeps,https://github.com/cuihenggang/mltuner-geeps
cuongchutan/Custom-Robotics-Academy,https://github.com/cuongchutan/Custom-Robotics-Academy
cur-dev/thrust,https://github.com/cur-dev/thrust
curtisseizert/CUDApix,https://github.com/curtisseizert/CUDApix
cusplibrary/cusplibrary,https://github.com/cusplibrary/cusplibrary
cvolo4yzhka/ZTE_Blade_A476_p0_kernel_4.9.117,https://github.com/cvolo4yzhka/ZTE_Blade_A476_p0_kernel_4.9.117
cvsuser-chromium/opencv-distribution,https://github.com/cvsuser-chromium/opencv-distribution
cy-suite/paddlepaddle-new,https://github.com/cy-suite/paddlepaddle-new
cyclone-tue/Vision_Marker_theory,https://github.com/cyclone-tue/Vision_Marker_theory
czhiming/AmuNMT,https://github.com/czhiming/AmuNMT
daedaleanai/cmavlink,https://github.com/daedaleanai/cmavlink
daelsepara/blood-sword-redux,https://github.com/daelsepara/blood-sword-redux
daisyKim12/PathWeaver_AE,https://github.com/daisyKim12/PathWeaver_AE
dalt-taylor/RQL,https://github.com/dalt-taylor/RQL
dancsi/PedSimGA,https://github.com/dancsi/PedSimGA
dancsi/PedSimVis,https://github.com/dancsi/PedSimVis
dancsi/PedestrianSimulator,https://github.com/dancsi/PedestrianSimulator
danghvu/cudaSpmv,https://github.com/danghvu/cudaSpmv
danielasun/dbho-GameSDK,https://github.com/danielasun/dbho-GameSDK
daniestevez/gmat-dslwp-source,https://github.com/daniestevez/gmat-dslwp-source
danmar3/twodlearn,https://github.com/danmar3/twodlearn
danzou1ge6/zk0.99c,https://github.com/danzou1ge6/zk0.99c
daoviedo26/Artvisionary-AI,https://github.com/daoviedo26/Artvisionary-AI
darabos/timewarp,https://github.com/darabos/timewarp
darenlee/Px4_SL_R2015b,https://github.com/darenlee/Px4_SL_R2015b
daro1920/com.services.parking,https://github.com/daro1920/com.services.parking
darshith-m/learn-cuda,https://github.com/darshith-m/learn-cuda
dartmouthrobotics/ardupilot-catabot,https://github.com/dartmouthrobotics/ardupilot-catabot
darveenvijayan/LIVE_darv,https://github.com/darveenvijayan/LIVE_darv
davehorton/pcap_ripper,https://github.com/davehorton/pcap_ripper
davidcabrero/chatbot,https://github.com/davidcabrero/chatbot
davidhuynh/externals,https://github.com/davidhuynh/externals
davidstone/technical-machine,https://github.com/davidstone/technical-machine
davlia-projects/Obstruction-Free-Photography,https://github.com/davlia-projects/Obstruction-Free-Photography
dayL-W/Firmware_flapwing,https://github.com/dayL-W/Firmware_flapwing
dayL-W/Flap_Plane,https://github.com/dayL-W/Flap_Plane
dbdxnuliba/MotionPlanHomework,https://github.com/dbdxnuliba/MotionPlanHomework
dbdxnuliba/RGB-and-Depth-Object-Instance-Segmentation,https://github.com/dbdxnuliba/RGB-and-Depth-Object-Instance-Segmentation
dbeachy1/XRVessels,https://github.com/dbeachy1/XRVessels
dcanelhas/cuRANSAC,https://github.com/dcanelhas/cuRANSAC
dcmee336/cuda_header,https://github.com/dcmee336/cuda_header
dcostan/AUV_controller,https://github.com/dcostan/AUV_controller
ddj116/gmat,https://github.com/ddj116/gmat
dean0x7d/pybinding,https://github.com/dean0x7d/pybinding
deathkiller/jazz2-native,https://github.com/deathkiller/jazz2-native
dedoogong/tensorrt-detectron,https://github.com/dedoogong/tensorrt-detectron
deephealthproject/eddl,https://github.com/deephealthproject/eddl
deepin-community/libthrust,https://github.com/deepin-community/libthrust
deepin-community/suitesparse,https://github.com/deepin-community/suitesparse
deeplearningais/CUV,https://github.com/deeplearningais/CUV
dejay-vu/hipCUB-benchmark,https://github.com/dejay-vu/hipCUB-benchmark
dekrus/Fallout2MechanicsMiniRework,https://github.com/dekrus/Fallout2MechanicsMiniRework
delipunch/UQM-PSP,https://github.com/delipunch/UQM-PSP
denny188/asteroids_project,https://github.com/denny188/asteroids_project
deong/sls,https://github.com/deong/sls
desert0616/gpma_demo,https://github.com/desert0616/gpma_demo
devint1/Descent-Mobile,https://github.com/devint1/Descent-Mobile
devpack/mayhem,https://github.com/devpack/mayhem
dext3r/lpc3xxx-ea3250v2,https://github.com/dext3r/lpc3xxx-ea3250v2
dfaofeng/Neverness-To-Everness-dump,https://github.com/dfaofeng/Neverness-To-Everness-dump
diegofinni/distributed-ml-mpi,https://github.com/diegofinni/distributed-ml-mpi
digdig/cuda_train,https://github.com/digdig/cuda_train
diku-dk/futhark-array16,https://github.com/diku-dk/futhark-array16
diku-dk/futhark-website,https://github.com/diku-dk/futhark-website
dimaf405/Copter,https://github.com/dimaf405/Copter
dino65-dev/Cuda-ML-Library,https://github.com/dino65-dev/Cuda-ML-Library
dipenkumarr/ACC-Repository-old,https://github.com/dipenkumarr/ACC-Repository-old
diphons/D8G_Kernel_Marble,https://github.com/diphons/D8G_Kernel_Marble
dji-sdk/FlightRecordParsingLib,https://github.com/dji-sdk/FlightRecordParsingLib
djkido316/nethunter-kernel_j5,https://github.com/djkido316/nethunter-kernel_j5
djm34/ccminer-lyra,https://github.com/djm34/ccminer-lyra
djm34/ccminer-msvc2015,https://github.com/djm34/ccminer-msvc2015
djm34/ccminer-sp-neoscrypt,https://github.com/djm34/ccminer-sp-neoscrypt
djtrak33/DFATool,https://github.com/djtrak33/DFATool
dkkim1005/Neural_Network_Quantum_State,https://github.com/dkkim1005/Neural_Network_Quantum_State
dlunion/tensorRTIntegrate,https://github.com/dlunion/tensorRTIntegrate
dma-neves/raptor,https://github.com/dma-neves/raptor
dmalyuta/FlyARocket_GNC,https://github.com/dmalyuta/FlyARocket_GNC
dmlc/cub,https://github.com/dmlc/cub
dmlc/xgboost,https://github.com/dmlc/xgboost
dominoFire/aprof,https://github.com/dominoFire/aprof
dongqianyu99/HPC,https://github.com/dongqianyu99/HPC
dongxudongxu/coupled-undirected-graph,https://github.com/dongxudongxu/coupled-undirected-graph
doomtech/zdoom-old,https://github.com/doomtech/zdoom-old
dotCipher/xcrypt-linux-kernel-module,https://github.com/dotCipher/xcrypt-linux-kernel-module
doughodson/mixr,https://github.com/doughodson/mixr
dp-samo/stm3220g-eval-uclinux-powermonitoring,https://github.com/dp-samo/stm3220g-eval-uclinux-powermonitoring
dragunovdenis/DeepLearning,https://github.com/dragunovdenis/DeepLearning
drewjin/OpenCAEPoro-Optimization,https://github.com/drewjin/OpenCAEPoro-Optimization
drfrag666/zdoom-old,https://github.com/drfrag666/zdoom-old
drico7/Freyja,https://github.com/drico7/Freyja
drollings/worldcore,https://github.com/drollings/worldcore
drons/nbody,https://github.com/drons/nbody
dsvilarkovic/world-models-spatial-temporal-awareness,https://github.com/dsvilarkovic/world-models-spatial-temporal-awareness
dtbinh/AnytimeCPS2015,https://github.com/dtbinh/AnytimeCPS2015
dtenbrinck/landscape,https://github.com/dtenbrinck/landscape
dtrad/cudaexamples,https://github.com/dtrad/cudaexamples
duck4i/FindingHome,https://github.com/duck4i/FindingHome
duhone/supertraders5000,https://github.com/duhone/supertraders5000
dukeb1212/uav-netsim-ue4,https://github.com/dukeb1212/uav-netsim-ue4
duliomatos1/maelstrom,https://github.com/duliomatos1/maelstrom
dumpmemory/megalodon,https://github.com/dumpmemory/megalodon
duy12i1i7/unityProject,https://github.com/duy12i1i7/unityProject
dwg03079/ardupilot_malddugi,https://github.com/dwg03079/ardupilot_malddugi
dxx-rebirth/dxx-rebirth,https://github.com/dxx-rebirth/dxx-rebirth
dyn2215/Drone,https://github.com/dyn2215/Drone
eather0056/Visual-Servoing-with-BlueROV,https://github.com/eather0056/Visual-Servoing-with-BlueROV
ebirenbaum/ParticleSolver,https://github.com/ebirenbaum/ParticleSolver
eclipse-xacc/xacc,https://github.com/eclipse-xacc/xacc
ecrc/h2opus,https://github.com/ecrc/h2opus
edison2301/Pedestrian-Detection-at-100fps-Very-fast-and-accurate-pedestrian-detector12-.,https://github.com/edison2301/Pedestrian-Detection-at-100fps-Very-fast-and-accurate-pedestrian-detector12-.
eduardoavila1m/ardupilot,https://github.com/eduardoavila1m/ardupilot
eduardz1/CUDA-Path-Tracer,https://github.com/eduardz1/CUDA-Path-Tracer
edxmorgan/uvms-simulator,https://github.com/edxmorgan/uvms-simulator
eellison/constant_propagation,https://github.com/eellison/constant_propagation
egordm/HaliteLibrary,https://github.com/egordm/HaliteLibrary
egordm/halite-collab-bot,https://github.com/egordm/halite-collab-bot
eidetic-av/pointcaster,https://github.com/eidetic-av/pointcaster
elhobbs/heretic3ds,https://github.com/elhobbs/heretic3ds
ellemiekevankints/Parallelized-KD-Tree-Search,https://github.com/ellemiekevankints/Parallelized-KD-Tree-Search
elliotttate/OpenXR-Simulator,https://github.com/elliotttate/OpenXR-Simulator
elnfach/Catch-up,https://github.com/elnfach/Catch-up
emNavi/rlPx4Controller,https://github.com/emNavi/rlPx4Controller
embeddedprojects/gnublin-lpc3131-2.6.33,https://github.com/embeddedprojects/gnublin-lpc3131-2.6.33
emcotta1701c/MinkowskiEngine,https://github.com/emcotta1701c/MinkowskiEngine
emeraldy/CnC_Renegade,https://github.com/emeraldy/CnC_Renegade
emgre/projectmercury,https://github.com/emgre/projectmercury
emileb/OpenGames,https://github.com/emileb/OpenGames
emrahuzucar355/Emrah,https://github.com/emrahuzucar355/Emrah
emrahuzucar355/Uzucar-,https://github.com/emrahuzucar355/Uzucar-
emuflight/EmuFlight,https://github.com/emuflight/EmuFlight
endorno/pytorch,https://github.com/endorno/pytorch
envelope-project/SCAMP-haladapt,https://github.com/envelope-project/SCAMP-haladapt
ep-infosec/17_uber_aresdb,https://github.com/ep-infosec/17_uber_aresdb
ep-infosec/28_nasa_EMTG,https://github.com/ep-infosec/28_nasa_EMTG
ep-infosec/28_nasa_astrobee,https://github.com/ep-infosec/28_nasa_astrobee
ep-infosec/31_uber_aresdb,https://github.com/ep-infosec/31_uber_aresdb
ep-infosec/33_apache_mxnet-test,https://github.com/ep-infosec/33_apache_mxnet-test
erc-compact/skyweaver,https://github.com/erc-compact/skyweaver
ercoppa/aprof,https://github.com/ercoppa/aprof
eric-heiden/tds-dev,https://github.com/eric-heiden/tds-dev
eric-heiden/tds-merge,https://github.com/eric-heiden/tds-merge
erichederstedt/EUVanguardTIOWAddonML700Compat,https://github.com/erichederstedt/EUVanguardTIOWAddonML700Compat
erickveg/public_portfolio,https://github.com/erickveg/public_portfolio
erleben/num4lcp,https://github.com/erleben/num4lcp
erwincoumans/tds_experimental,https://github.com/erwincoumans/tds_experimental
erwincoumans/tiny-differentiable-simulator,https://github.com/erwincoumans/tiny-differentiable-simulator
esa/kep3,https://github.com/esa/kep3
escapewow/EscapeWoW3.3.5a,https://github.com/escapewow/EscapeWoW3.3.5a
ese-519/Powered-Paraglider,https://github.com/ese-519/Powered-Paraglider
espressomd/espresso,https://github.com/espressomd/espresso
estrnd/2020_4th_tr1_reid,https://github.com/estrnd/2020_4th_tr1_reid
etasnadi/3DCellAnnotator,https://github.com/etasnadi/3DCellAnnotator
eth-cscs/SummerSchool2018,https://github.com/eth-cscs/SummerSchool2018
eth-cscs/SummerUniversity2023,https://github.com/eth-cscs/SummerUniversity2023
eth-cscs/SummerUniversity2024,https://github.com/eth-cscs/SummerUniversity2024
euan-forrester/ai-wisdom-3-sample,https://github.com/euan-forrester/ai-wisdom-3-sample
euschn/ingpu,https://github.com/euschn/ingpu
eviefp/goinghome,https://github.com/eviefp/goinghome
evilexecutable/android_kernel_samsung_universal9810-crown,https://github.com/evilexecutable/android_kernel_samsung_universal9810-crown
evstigneevnm/high_precision_blas1,https://github.com/evstigneevnm/high_precision_blas1
ewanbarr/peasoup,https://github.com/ewanbarr/peasoup
ewanbarr/peasoup2,https://github.com/ewanbarr/peasoup2
exapde/Exasim,https://github.com/exapde/Exasim
extraacc322/ardupilot_4.5.4_copter_gluas,https://github.com/extraacc322/ardupilot_4.5.4_copter_gluas
extremehaf/DocScan,https://github.com/extremehaf/DocScan
ezyang/pytorch-unattached,https://github.com/ezyang/pytorch-unattached
f4exb/wsgc,https://github.com/f4exb/wsgc
fabiangreffrath/wolf4sdl,https://github.com/fabiangreffrath/wolf4sdl
fabiangreffrath/woof,https://github.com/fabiangreffrath/woof
facebookresearch/faiss,https://github.com/facebookresearch/faiss
farceri/cudaRing,https://github.com/farceri/cudaRing
farceri/cudaSoft,https://github.com/farceri/cudaSoft
fasteddy516/ButtonEvents,https://github.com/fasteddy516/ButtonEvents
fasterthanlime/cpu-scheduler,https://github.com/fasterthanlime/cpu-scheduler
fate-apple/CitySample,https://github.com/fate-apple/CitySample
faturita/wakuseibokan,https://github.com/faturita/wakuseibokan
fbartolic/caustics,https://github.com/fbartolic/caustics
fbxiang/fluid,https://github.com/fbxiang/fluid
fdcl-gwu/uav_geometric_control,https://github.com/fdcl-gwu/uav_geometric_control
feelpp/debian-petsc,https://github.com/feelpp/debian-petsc
fegennari/3DWorld,https://github.com/fegennari/3DWorld
feifeibear/TensorrtBenchmark,https://github.com/feifeibear/TensorrtBenchmark
felipebarichello/PX4-Autopilot-ColAvoid,https://github.com/felipebarichello/PX4-Autopilot-ColAvoid
felixmg312/SpringThrustLibrary,https://github.com/felixmg312/SpringThrustLibrary
feltor-dev/draw,https://github.com/feltor-dev/draw
fengbingchun/PyTorch_Test,https://github.com/fengbingchun/PyTorch_Test
fengwenjiao/netstorm,https://github.com/fengwenjiao/netstorm
fengxiaoshuai/vit_attention,https://github.com/fengxiaoshuai/vit_attention
figue/android_kernel_samsung_p5,https://github.com/figue/android_kernel_samsung_p5
filipevale/chocoro,https://github.com/filipevale/chocoro
fingolfin/gap-osx-binary,https://github.com/fingolfin/gap-osx-binary
fionalluo/flightmare,https://github.com/fionalluo/flightmare
fip-ems/fip,https://github.com/fip-ems/fip
firoorg/ccminer,https://github.com/firoorg/ccminer
fizban007/Aperture4,https://github.com/fizban007/Aperture4
fjiwrogno/stonefish_ros2_marine_robotics,https://github.com/fjiwrogno/stonefish_ros2_marine_robotics
fkallen/CARE,https://github.com/fkallen/CARE
fkallen/CAREx,https://github.com/fkallen/CAREx
floodsung/CLDrone,https://github.com/floodsung/CLDrone
florianHoidn/rl_drone_env,https://github.com/florianHoidn/rl_drone_env
fluxurion/UWoW_WoD,https://github.com/fluxurion/UWoW_WoD
flyscript/Impossible-Rescue,https://github.com/flyscript/Impossible-Rescue
foges/pogs,https://github.com/foges/pogs
fomics/SummerSchool2014,https://github.com/fomics/SummerSchool2014
fosted3/cugzip,https://github.com/fosted3/cugzip
fpapleux/mcqueen,https://github.com/fpapleux/mcqueen
frankyeh/TinyFSL,https://github.com/frankyeh/TinyFSL
frannie1001/mypsc,https://github.com/frannie1001/mypsc
franrruiz/shopper-src,https://github.com/franrruiz/shopper-src
fredenigma/VesselBuilder1,https://github.com/fredenigma/VesselBuilder1
fredslbn/lavender,https://github.com/fredslbn/lavender
fredslbn/lavender-419,https://github.com/fredslbn/lavender-419
freepart2022/FreePart-22,https://github.com/freepart2022/FreePart-22
friedebold/esp32-rx,https://github.com/friedebold/esp32-rx
frixlee/qbladece_2,https://github.com/frixlee/qbladece_2
fruitsamples/HID_Config_Save,https://github.com/fruitsamples/HID_Config_Save
fulforget/amd-780m-setup,https://github.com/fulforget/amd-780m-setup
fumingxiaosheng/cuda_learning,https://github.com/fumingxiaosheng/cuda_learning
fynv/ThrustRTC,https://github.com/fynv/ThrustRTC
fzoric8/uav_ros_control,https://github.com/fzoric8/uav_ros_control
g-ch/PX4_MPC,https://github.com/g-ch/PX4_MPC
gabrielw26/wslda,https://github.com/gabrielw26/wslda
gadgetron/gadgetron,https://github.com/gadgetron/gadgetron
gadgetron/pingvin,https://github.com/gadgetron/pingvin
gameblabla/3DGE-linux,https://github.com/gameblabla/3DGE-linux
gametekker/hymba_fwdbwd_optim,https://github.com/gametekker/hymba_fwdbwd_optim
gamingmagic/ROCORD-Rathena,https://github.com/gamingmagic/ROCORD-Rathena
ganyk/LSTM-CF,https://github.com/ganyk/LSTM-CF
garethhutchins/NarrativeFlowRestServices,https://github.com/garethhutchins/NarrativeFlowRestServices
gauenk/faiss,https://github.com/gauenk/faiss
gaurav44/Rayleigh_Benard_Convection_CUDA,https://github.com/gaurav44/Rayleigh_Benard_Convection_CUDA
gcmcnutt/CRRCsim,https://github.com/gcmcnutt/CRRCsim
genegzl/Mars_PX4_FC,https://github.com/genegzl/Mars_PX4_FC
geng-haoran/epic_ops,https://github.com/geng-haoran/epic_ops
germannp/yalla,https://github.com/germannp/yalla
germasch/psc-orig,https://github.com/germasch/psc-orig
ggj/pvm,https://github.com/ggj/pvm
ghfranja/Enhanced-Layerwise-Image-Vectorization,https://github.com/ghfranja/Enhanced-Layerwise-Image-Vectorization
ghm1/ArdupilotPX4Firmware,https://github.com/ghm1/ArdupilotPX4Firmware
ghostlander/cudaminer-neoscrypt,https://github.com/ghostlander/cudaminer-neoscrypt
giancarlohc/DD2360HT23,https://github.com/giancarlohc/DD2360HT23
gicky69/DOF-FINAL,https://github.com/gicky69/DOF-FINAL
ginkgo-project/ginkgo,https://github.com/ginkgo-project/ginkgo
ginsongsong/CUDA_cutlass_benchmark,https://github.com/ginsongsong/CUDA_cutlass_benchmark
gitGNU/gnu_magnetar,https://github.com/gitGNU/gnu_magnetar
glKarin/com.n0n3m4.diii4a,https://github.com/glKarin/com.n0n3m4.diii4a
glotzerlab/hoomd-blue,https://github.com/glotzerlab/hoomd-blue
gnuradio/cusp,https://github.com/gnuradio/cusp
go2ev-devteam/Yoda-Kernel-ICS,https://github.com/go2ev-devteam/Yoda-Kernel-ICS
godka/simplefftw,https://github.com/godka/simplefftw
goncaloroque30/GRAPE,https://github.com/goncaloroque30/GRAPE
gondur/mig_src,https://github.com/gondur/mig_src
gonzalogcampos/SiPAG,https://github.com/gonzalogcampos/SiPAG
goodchong/abacus_cusolvermp,https://github.com/goodchong/abacus_cusolvermp
google-code-export/thrust,https://github.com/google-code-export/thrust
gordonshumwayalf/paddle-develop,https://github.com/gordonshumwayalf/paddle-develop
govindchari/gfold,https://github.com/govindchari/gfold
gpgpu-sim/pytorch-gpgpu-sim,https://github.com/gpgpu-sim/pytorch-gpgpu-sim
gponick/btmux,https://github.com/gponick/btmux
gpuRcore/gpuRcuda,https://github.com/gpuRcore/gpuRcuda
gpzlx1/Dist-GPU-sampling,https://github.com/gpzlx1/Dist-GPU-sampling
gpzlx1/ShmTensor,https://github.com/gpzlx1/ShmTensor
gpzlx1/graph-sampling-with-probs,https://github.com/gpzlx1/graph-sampling-with-probs
graemes/poolparty-x16r,https://github.com/graemes/poolparty-x16r
grafzahl/DayZ-Caribou,https://github.com/grafzahl/DayZ-Caribou
grahamc/nixos-cuda-example,https://github.com/grahamc/nixos-cuda-example
grants2021/ros2_ws_2,https://github.com/grants2021/ros2_ws_2
greghgradwell/pixhawk-drivr-estiimation,https://github.com/greghgradwell/pixhawk-drivr-estiimation
gridgentoo/MapD,https://github.com/gridgentoo/MapD
gridgentoo/Mapd-Core,https://github.com/gridgentoo/Mapd-Core
gridgentoo/aresdb,https://github.com/gridgentoo/aresdb
grimhaven/grimhaven,https://github.com/grimhaven/grimhaven
growupboron/Quadcopter-NUC-Backup,https://github.com/growupboron/Quadcopter-NUC-Backup
grzykiel/descent,https://github.com/grzykiel/descent
gsool/Microsoft-AirSim,https://github.com/gsool/Microsoft-AirSim
gt-ros-pkg/humans,https://github.com/gt-ros-pkg/humans
gta-reversed/gta-reversed,https://github.com/gta-reversed/gta-reversed
gtedemo/demo-codespace-pytorch,https://github.com/gtedemo/demo-codespace-pytorch
guestrin-lab/ACORN,https://github.com/guestrin-lab/ACORN
gunrock/gunrock,https://github.com/gunrock/gunrock
guowentian/SubgraphMatchGPU,https://github.com/guowentian/SubgraphMatchGPU
h2oai/h2o4gpu,https://github.com/h2oai/h2o4gpu
haapaaf1/GMAT,https://github.com/haapaaf1/GMAT
hackisonjd/BW-Demake,https://github.com/hackisonjd/BW-Demake
haifeng-jin/pytorch-source,https://github.com/haifeng-jin/pytorch-source
haisamido/GMAT,https://github.com/haisamido/GMAT
haiyu1020/Ctrl_for_RL,https://github.com/haiyu1020/Ctrl_for_RL
hakmace/c-bootcamp-exercises,https://github.com/hakmace/c-bootcamp-exercises
hal-uw/tpds22-artifact,https://github.com/hal-uw/tpds22-artifact
halensolomon/pyFLFM,https://github.com/halensolomon/pyFLFM
halmartin/wired-17-10-2-gx20,https://github.com/halmartin/wired-17-10-2-gx20
halogenOS/android_kernel_samsung_msm8916,https://github.com/halogenOS/android_kernel_samsung_msm8916
hammer498/OpenCV_ios_framework,https://github.com/hammer498/OpenCV_ios_framework
handong1979/orbitdynamics,https://github.com/handong1979/orbitdynamics
handong32/ebbrt-contrib,https://github.com/handong32/ebbrt-contrib
hang0610/PX4-Autopilot,https://github.com/hang0610/PX4-Autopilot
hankeceli/mev0.5.0,https://github.com/hankeceli/mev0.5.0
haochen-rye/LSTD,https://github.com/haochen-rye/LSTD
haosulab/ManiSkill2-Learn,https://github.com/haosulab/ManiSkill2-Learn
happy20149/SU2-species-transport,https://github.com/happy20149/SU2-species-transport
hardje/maximal_clique_enumeration_parallel,https://github.com/hardje/maximal_clique_enumeration_parallel
harishd10/mongodb,https://github.com/harishd10/mongodb
harishnitk/Implementation-of-Convex-Hull-in-GPU,https://github.com/harishnitk/Implementation-of-Convex-Hull-in-GPU
harold-b/bladebit-test,https://github.com/harold-b/bladebit-test
harold-b/odin-cuda,https://github.com/harold-b/odin-cuda
harp-lab/MNMGDatalog,https://github.com/harp-lab/MNMGDatalog
harp-lab/gdlog,https://github.com/harp-lab/gdlog
harp-lab/usenixATC23,https://github.com/harp-lab/usenixATC23
harp-lab/vflog,https://github.com/harp-lab/vflog
hatcat/Asteroids,https://github.com/hatcat/Asteroids
hatcat/StandardAsteroids,https://github.com/hatcat/StandardAsteroids
hatsune-miku/sms9260-android-kernel,https://github.com/hatsune-miku/sms9260-android-kernel
hdnhan/gpuICP,https://github.com/hdnhan/gpuICP
headshot2017/gzdoom-sm64,https://github.com/headshot2017/gzdoom-sm64
heavyai/heavydb,https://github.com/heavyai/heavydb
heiner/cuda,https://github.com/heiner/cuda
hekesai/openpose-plus,https://github.com/hekesai/openpose-plus
hela-ai/hela,https://github.com/hela-ai/hela
heleidsn/PX4-Autopilot,https://github.com/heleidsn/PX4-Autopilot
heleidsn/eagle_mpc,https://github.com/heleidsn/eagle_mpc
heleidsn/sitl_gazebo-classic,https://github.com/heleidsn/sitl_gazebo-classic
hellojxt/NeuralAT,https://github.com/hellojxt/NeuralAT
hendriktytgateneco/Setpoints_Strategy,https://github.com/hendriktytgateneco/Setpoints_Strategy
hengdashi/cuda_gcn,https://github.com/hengdashi/cuda_gcn
henry4724/ardu_ws,https://github.com/henry4724/ardu_ws
henryclever/FleX_PyBind11,https://github.com/henryclever/FleX_PyBind11
herenvarno/gsbn,https://github.com/herenvarno/gsbn
hhkit/golly-benchmark,https://github.com/hhkit/golly-benchmark
hildebrandt-carl/DroneSim,https://github.com/hildebrandt-carl/DroneSim
hillbig/gpuexperiments,https://github.com/hillbig/gpuexperiments
hisashi-ito/cuda,https://github.com/hisashi-ito/cuda
hixio-mh/pytorch-1,https://github.com/hixio-mh/pytorch-1
hjimce/detection_mobilenet,https://github.com/hjimce/detection_mobilenet
hjxwhy/nvblox_ros1,https://github.com/hjxwhy/nvblox_ros1
hka/asteroids-jam,https://github.com/hka/asteroids-jam
hkeee21/PCEngine,https://github.com/hkeee21/PCEngine
hlrs-vis/covise,https://github.com/hlrs-vis/covise
hmhuan/PG_GPU,https://github.com/hmhuan/PG_GPU
hngenc/AirSim,https://github.com/hngenc/AirSim
hngenc/phoenix,https://github.com/hngenc/phoenix
hogsy/prey-hunted,https://github.com/hogsy/prey-hunted
holynski/replayVR,https://github.com/holynski/replayVR
holyprince/OMLRelion,https://github.com/holyprince/OMLRelion
hongyx11/CUDAKernels,https://github.com/hongyx11/CUDAKernels
houontherun/half,https://github.com/houontherun/half
howtoprogram2017/cuda_opengl_SPH_fluid,https://github.com/howtoprogram2017/cuda_opengl_SPH_fluid
hpides/multi-gpu-sort-merge-join,https://github.com/hpides/multi-gpu-sort-merge-join
hpides/multi-gpu-sorting,https://github.com/hpides/multi-gpu-sorting
hpides/rmg-sort,https://github.com/hpides/rmg-sort
hppcoin/ccminer,https://github.com/hppcoin/ccminer
hpu999/iTop-4412-develop,https://github.com/hpu999/iTop-4412-develop
hreier/ardupilot,https://github.com/hreier/ardupilot
hshindo/arrayfire,https://github.com/hshindo/arrayfire
hsorby/OpenFOAM,https://github.com/hsorby/OpenFOAM
hsunekichi/GPU_render_engine_2023,https://github.com/hsunekichi/GPU_render_engine_2023
hu-hy17/PhysInteraction,https://github.com/hu-hy17/PhysInteraction
huangjh-pub/di-fusion,https://github.com/huangjh-pub/di-fusion
huangkatherine7/wildfire-VIP,https://github.com/huangkatherine7/wildfire-VIP
huangyangyu/NoiseFace,https://github.com/huangyangyu/NoiseFace
huangyangyu/SeqFace,https://github.com/huangyangyu/SeqFace
huangyingw/pytorch,https://github.com/huangyingw/pytorch
huangzehao/incubator-mxnet-bk,https://github.com/huangzehao/incubator-mxnet-bk
huaze555/windows-caffe-faster-rcnn,https://github.com/huaze555/windows-caffe-faster-rcnn
hughperkins/pytorch-coriander,https://github.com/hughperkins/pytorch-coriander
hugo2410/px4_wp,https://github.com/hugo2410/px4_wp
hujiafu/lpc1788_uclinux,https://github.com/hujiafu/lpc1788_uclinux
hvthaibk/ccrunch,https://github.com/hvthaibk/ccrunch
hxu296/EfficientIMM,https://github.com/hxu296/EfficientIMM
hyunbo9/domain-reduction-strategy,https://github.com/hyunbo9/domain-reduction-strategy
hz-ants/RGB-and-Depth-Object-Instance-Segmentation,https://github.com/hz-ants/RGB-and-Depth-Object-Instance-Segmentation
hzw-rpap/hpc_2024,https://github.com/hzw-rpap/hpc_2024
iLCSoft/LCIO,https://github.com/iLCSoft/LCIO
iPodLinux/iPodLinux-SVN,https://github.com/iPodLinux/iPodLinux-SVN
iSEE-Laboratory/EconomicGrasp,https://github.com/iSEE-Laboratory/EconomicGrasp
iainguilliard/ardupilot_clone,https://github.com/iainguilliard/ardupilot_clone
iamharshjha/hls_cnn,https://github.com/iamharshjha/hls_cnn
iamimmanuelraj/kernel_xiaomi_jasmine_sprout,https://github.com/iamimmanuelraj/kernel_xiaomi_jasmine_sprout
iamrajee/drone_ws,https://github.com/iamrajee/drone_ws
iamwkatie/caffe-posenet,https://github.com/iamwkatie/caffe-posenet
ianabel/MCTrans,https://github.com/ianabel/MCTrans
ianfixes/SGMOOS,https://github.com/ianfixes/SGMOOS
iclementine/cufft_examples,https://github.com/iclementine/cufft_examples
iclr24-3434/AMPipe,https://github.com/iclr24-3434/AMPipe
icyflame/ikat-auv-packages,https://github.com/icyflame/ikat-auv-packages
icyveins7/gpu_benchmarks,https://github.com/icyveins7/gpu_benchmarks
idor/wl12xx,https://github.com/idor/wl12xx
igfuw/libcloudphxx,https://github.com/igfuw/libcloudphxx
ihm-tswow/SubtreeTest,https://github.com/ihm-tswow/SubtreeTest
in-dist-adversarials/in_distribution_adversarial_examples,https://github.com/in-dist-adversarials/in_distribution_adversarial_examples
inJeans/nestedDSMC,https://github.com/inJeans/nestedDSMC
inakleinbottle/bench_cublas,https://github.com/inakleinbottle/bench_cublas
indiano68/HPCA-Project,https://github.com/indiano68/HPCA-Project
indyjo/Thunder-Lightning,https://github.com/indyjo/Thunder-Lightning
inf-eth/CUDA,https://github.com/inf-eth/CUDA
infinidb/infinidb,https://github.com/infinidb/infinidb
ingonyama-zk/icicle-snark,https://github.com/ingonyama-zk/icicle-snark
inikep/lzbench,https://github.com/inikep/lzbench
insitro/FastVim,https://github.com/insitro/FastVim
insomniac34/StarFaux,https://github.com/insomniac34/StarFaux
intel/double-batched-fft-library,https://github.com/intel/double-batched-fft-library
intrinsicD/Engine24,https://github.com/intrinsicD/Engine24
invisiblewei/doppia_with_doc,https://github.com/invisiblewei/doppia_with_doc
iori3662/2DoF_Rocketsim,https://github.com/iori3662/2DoF_Rocketsim
iq-motion-control/iq-module-communication-arduino,https://github.com/iq-motion-control/iq-module-communication-arduino
is-whale/Autoware_learn,https://github.com/is-whale/Autoware_learn
isaacrob/doppia,https://github.com/isaacrob/doppia
ishandutta2007/codeforces-k,https://github.com/ishandutta2007/codeforces-k
ishandutta2007/codeforces-r,https://github.com/ishandutta2007/codeforces-r
ishandutta2007/codeforces-t,https://github.com/ishandutta2007/codeforces-t
ishovkun/matmul,https://github.com/ishovkun/matmul
isi-nlp/Zoph_RNN,https://github.com/isi-nlp/Zoph_RNN
istellartech/OpenTsiolkovsky,https://github.com/istellartech/OpenTsiolkovsky
itlockit2/classify.image,https://github.com/itlockit2/classify.image
ivanacollg/MPC_CollisionAvoidance,https://github.com/ivanacollg/MPC_CollisionAvoidance
ivanradanov/rodinia,https://github.com/ivanradanov/rodinia
ivlab/FiniteElement,https://github.com/ivlab/FiniteElement
iwf-inspire/iwf_mfree_gpu_3d,https://github.com/iwf-inspire/iwf_mfree_gpu_3d
j5xnlte/kernel,https://github.com/j5xnlte/kernel
jackson211/r4l_drivers,https://github.com/jackson211/r4l_drivers
jacobaustin123/Titan,https://github.com/jacobaustin123/Titan
jaehee831/federated-llm,https://github.com/jaehee831/federated-llm
jaenster/D2PacketBased,https://github.com/jaenster/D2PacketBased
jagsc/ABC2016SpringServer,https://github.com/jagsc/ABC2016SpringServer
jameelkaisar/GPUTejas,https://github.com/jameelkaisar/GPUTejas
janickimaciej/plane-opengl-core,https://github.com/janickimaciej/plane-opengl-core
jarad/gpuIntroduction,https://github.com/jarad/gpuIntroduction
jaredhoberock/bulk,https://github.com/jaredhoberock/bulk
jaredhoberock/managed_allocator,https://github.com/jaredhoberock/managed_allocator
jaredhoberock/strange,https://github.com/jaredhoberock/strange
jaredhoberock/thrust-workshop,https://github.com/jaredhoberock/thrust-workshop
jasonflame3/apollo11,https://github.com/jasonflame3/apollo11
jasonulloa/ITP380-2016,https://github.com/jasonulloa/ITP380-2016
jasper-rutherford/drg-modding,https://github.com/jasper-rutherford/drg-modding
jasperzhong/GNNFlow,https://github.com/jasperzhong/GNNFlow
javilinos/px4_autopilot,https://github.com/javilinos/px4_autopilot
javorkk/string2shape,https://github.com/javorkk/string2shape
jaxxzer/ardusub,https://github.com/jaxxzer/ardusub
jaybnash/Xpilot-DCNN,https://github.com/jaybnash/Xpilot-DCNN
jaypy-h/facebook-torch-library,https://github.com/jaypy-h/facebook-torch-library
jazztext/VRRayTracing,https://github.com/jazztext/VRRayTracing
jbarciv/Asteroids-with-openGL,https://github.com/jbarciv/Asteroids-with-openGL
jblankenburg/gpu-prm,https://github.com/jblankenburg/gpu-prm
jc-bao/crazyswarm2-adaptive,https://github.com/jc-bao/crazyswarm2-adaptive
jc211/ParticleNeRF,https://github.com/jc211/ParticleNeRF
jcfain/TCodeESP32,https://github.com/jcfain/TCodeESP32
jcjohnson/pytorch-old,https://github.com/jcjohnson/pytorch-old
jclaar/zork,https://github.com/jclaar/zork
jclay/modern-cmake-cuda,https://github.com/jclay/modern-cmake-cuda
jdisset/grnbenchmarks,https://github.com/jdisset/grnbenchmarks
jdisset/shipEscape,https://github.com/jdisset/shipEscape
jdoerfert/PACT-22-Artifact---Breaking-the-Vendor-Lock---Performance-Portable-Programming-Through-OpenMP,https://github.com/jdoerfert/PACT-22-Artifact---Breaking-the-Vendor-Lock---Performance-Portable-Programming-Through-OpenMP
jedis/jediacademy,https://github.com/jedis/jediacademy
jefflarkin/openacc-interoperability,https://github.com/jefflarkin/openacc-interoperability
jelskamp/EAAE,https://github.com/jelskamp/EAAE
jeng1220/cuGemmProf,https://github.com/jeng1220/cuGemmProf
jenniferrangel/SCE_Model_CrossSectionalView_Eversion,https://github.com/jenniferrangel/SCE_Model_CrossSectionalView_Eversion
jeppewalther/kinfu_segmentation,https://github.com/jeppewalther/kinfu_segmentation
jeremyabel/UnrealEngine-4.11-ofr-portals,https://github.com/jeremyabel/UnrealEngine-4.11-ofr-portals
jeromeku/cme213_material_2013,https://github.com/jeromeku/cme213_material_2013
jerry060599/KittenGpuLBVH,https://github.com/jerry060599/KittenGpuLBVH
jerrywrx/flightmare,https://github.com/jerrywrx/flightmare
jerrywrx/flightmare_ws,https://github.com/jerrywrx/flightmare_ws
jestes15/EE384_FinalProject,https://github.com/jestes15/EE384_FinalProject
jg0112358/VTOL_Sim,https://github.com/jg0112358/VTOL_Sim
jgain/EcoLearn,https://github.com/jgain/EcoLearn
jgaleav/AirSim,https://github.com/jgaleav/AirSim
jggrandio/KNN-CUDA,https://github.com/jggrandio/KNN-CUDA
jgoldfar/trilinos,https://github.com/jgoldfar/trilinos
jgonsie/Deep-Convection,https://github.com/jgonsie/Deep-Convection
jgphpc/sph-exa-cscs,https://github.com/jgphpc/sph-exa-cscs
jhonnygzz/JACC_APPS,https://github.com/jhonnygzz/JACC_APPS
jhyang13/UWMadison-ME759-HPC,https://github.com/jhyang13/UWMadison-ME759-HPC
jiachengpan/cudaMST,https://github.com/jiachengpan/cudaMST
jiangtaoran/DexSim2Real2,https://github.com/jiangtaoran/DexSim2Real2
jiet3684/DBD,https://github.com/jiet3684/DBD
jijinck-eyerov/Ardusub_4.5,https://github.com/jijinck-eyerov/Ardusub_4.5
jinhanzhang/SparseConv,https://github.com/jinhanzhang/SparseConv
jiteshnagar1789/ros,https://github.com/jiteshnagar1789/ros
jjoepayne/NonlinearControlsPx4,https://github.com/jjoepayne/NonlinearControlsPx4
jk983294/hpc,https://github.com/jk983294/hpc
jkim971201/SkyPlace,https://github.com/jkim971201/SkyPlace
jlangsdo/pirates_savegame_editor,https://github.com/jlangsdo/pirates_savegame_editor
jlblancoc/suitesparse-metis-for-windows,https://github.com/jlblancoc/suitesparse-metis-for-windows
jlnaudin/x-VTOLdrone,https://github.com/jlnaudin/x-VTOLdrone
jmarshall23/PreyDoom,https://github.com/jmarshall23/PreyDoom
jn89b/afrl_px4,https://github.com/jn89b/afrl_px4
joaquimg/stanford-cs193g-sp2010,https://github.com/joaquimg/stanford-cs193g-sp2010
joe-cheung-cae/conjugate_gradient,https://github.com/joe-cheung-cae/conjugate_gradient
joelchen/cmake-catboost,https://github.com/joelchen/cmake-catboost
joelynli0110/gofmm_gp,https://github.com/joelynli0110/gofmm_gp
johan-rocha/MAVROS-with-object-tracking,https://github.com/johan-rocha/MAVROS-with-object-tracking
john302/Hexen,https://github.com/john302/Hexen
johnBuffer/AutoDrone,https://github.com/johnBuffer/AutoDrone
johnlast010190/src,https://github.com/johnlast010190/src
joigalcar3/Airlib_FDD,https://github.com/joigalcar3/Airlib_FDD
jolly-chen/msc-project,https://github.com/jolly-chen/msc-project
jolly-chen/root-gpu-decompression,https://github.com/jolly-chen/root-gpu-decompression
jonahshader/alife_cuda,https://github.com/jonahshader/alife_cuda
jooj211/tests-amgx,https://github.com/jooj211/tests-amgx
jordyantunes/GPGPU-Region-Growing-for-Dynamic-3D-Reconstruction,https://github.com/jordyantunes/GPGPU-Region-Growing-for-Dynamic-3D-Reconstruction
josephlewis42/UDenverQGC2,https://github.com/josephlewis42/UDenverQGC2
joshgollaher/dronetool,https://github.com/joshgollaher/dronetool
joshpaulchan/px4-firmware,https://github.com/joshpaulchan/px4-firmware
jowiecess/ROCORD-rAthena,https://github.com/jowiecess/ROCORD-rAthena
jpalonso1/gpu_backtester,https://github.com/jpalonso1/gpu_backtester
jpd002/SeventhUmbral,https://github.com/jpd002/SeventhUmbral
jpkli/acpl.js,https://github.com/jpkli/acpl.js
js1010/cuhnsw,https://github.com/js1010/cuhnsw
jswigart/omni-bot,https://github.com/jswigart/omni-bot
jtilly/RcppThrust,https://github.com/jtilly/RcppThrust
julcst/binrc,https://github.com/julcst/binrc
julien-onorato/emerald-delta,https://github.com/julien-onorato/emerald-delta
juliendelile/MECAGEN,https://github.com/juliendelile/MECAGEN
julienlopez/DeepSpaceRacer,https://github.com/julienlopez/DeepSpaceRacer
juliuslehner/paper_code,https://github.com/juliuslehner/paper_code
junwei-jiang/Hybrid-Fluid-Simulation,https://github.com/junwei-jiang/Hybrid-Fluid-Simulation
juppifluppi/poxload,https://github.com/juppifluppi/poxload
justinabrahms/avendar,https://github.com/justinabrahms/avendar
justpi/cuda_kernel,https://github.com/justpi/cuda_kernel
jvsouto2/Trabalho-IA-SIN323,https://github.com/jvsouto2/Trabalho-IA-SIN323
jyakaranda/autoware_ros,https://github.com/jyakaranda/autoware_ros
jyl-pages/Stokes_TO,https://github.com/jyl-pages/Stokes_TO
k0suke-murakami/core_perception,https://github.com/k0suke-murakami/core_perception
k21971/notnotdNetHack,https://github.com/k21971/notnotdNetHack
kTrzcinskii/k-means-clustering,https://github.com/kTrzcinskii/k-means-clustering
kaifeng7/adam_software,https://github.com/kaifeng7/adam_software
kalbert312/eod4sdl,https://github.com/kalbert312/eod4sdl
kanekikun420/fortnite-better-aim,https://github.com/kanekikun420/fortnite-better-aim
kangzhiyong/MyDrone,https://github.com/kangzhiyong/MyDrone
kanobi/immer-doom,https://github.com/kanobi/immer-doom
karimsayedre/CUDA-Ray-Tracing-In-One-Weekend,https://github.com/karimsayedre/CUDA-Ray-Tracing-In-One-Weekend
kashishkebab9/starling2_snapshots,https://github.com/kashishkebab9/starling2_snapshots
kasperhettinga/p4wifi_stock,https://github.com/kasperhettinga/p4wifi_stock
kay01-kwon/device_bringup,https://github.com/kay01-kwon/device_bringup
kay01-kwon/nmpc_drone,https://github.com/kay01-kwon/nmpc_drone
kaydxh/golang,https://github.com/kaydxh/golang
kazi-ishrak/KNN_CUDA,https://github.com/kazi-ishrak/KNN_CUDA
kazuya-iwami/Crazyflie,https://github.com/kazuya-iwami/Crazyflie
kdoda/OOP-Games,https://github.com/kdoda/OOP-Games
keenetic/kernel-49,https://github.com/keenetic/kernel-49
keeper999/EngineControl_Aurix,https://github.com/keeper999/EngineControl_Aurix
keita-akutagawa/IdealMHD_GPU,https://github.com/keita-akutagawa/IdealMHD_GPU
keita-akutagawa/KAMMUY,https://github.com/keita-akutagawa/KAMMUY
keita-akutagawa/PIC_GPU,https://github.com/keita-akutagawa/PIC_GPU
keithyin/read-pytorch-source-code,https://github.com/keithyin/read-pytorch-source-code
kennychufk/alluvion,https://github.com/kennychufk/alluvion
kernsuite-debian/bifrost,https://github.com/kernsuite-debian/bifrost
kernsuite-debian/dedisp-ewanbarr,https://github.com/kernsuite-debian/dedisp-ewanbarr
kernsuite-debian/peasoup,https://github.com/kernsuite-debian/peasoup
kevinlinvk/fly,https://github.com/kevinlinvk/fly
kevsmithpublic/MameAppleTV,https://github.com/kevsmithpublic/MameAppleTV
kevwargo/PR3-CUDA,https://github.com/kevwargo/PR3-CUDA
kewok/pspm_pva,https://github.com/kewok/pspm_pva
kewok/spegg,https://github.com/kewok/spegg
kexplo/imame4all,https://github.com/kexplo/imame4all
kfuh1/circles,https://github.com/kfuh1/circles
kgeorgopoulos2/Simulation-of-Liquid-flow,https://github.com/kgeorgopoulos2/Simulation-of-Liquid-flow
kgersen/Allegiance,https://github.com/kgersen/Allegiance
kgsws/kgdoom,https://github.com/kgsws/kgdoom
khalid2696/AutopilotFlightController,https://github.com/khalid2696/AutopilotFlightController
khartmansjsu/MOC-Linux,https://github.com/khartmansjsu/MOC-Linux
khooweiqian/kfls2,https://github.com/khooweiqian/kfls2
khu-mesl-348/MC_PX4-Autopilot,https://github.com/khu-mesl-348/MC_PX4-Autopilot
khulqu15/hayago_ws,https://github.com/khulqu15/hayago_ws
khunglong207/hustcrazysim,https://github.com/khunglong207/hustcrazysim
kientrungvo/upload_AUV,https://github.com/kientrungvo/upload_AUV
kieranxd/HR-BatApp,https://github.com/kieranxd/HR-BatApp
kilfyx/Xero-OGFN-Internal,https://github.com/kilfyx/Xero-OGFN-Internal
king-ddzhu/kingbase-db,https://github.com/king-ddzhu/kingbase-db
kingdom-l/PX4-Autopilot-docker,https://github.com/kingdom-l/PX4-Autopilot-docker
kingufl/omGraph,https://github.com/kingufl/omGraph
kinkarHan/faiss,https://github.com/kinkarHan/faiss
kirillsurkov/cudaFlipMetric,https://github.com/kirillsurkov/cudaFlipMetric
kitnet/crynegine,https://github.com/kitnet/crynegine
kka11d/ADAE-pap677,https://github.com/kka11d/ADAE-pap677
kluge7/test,https://github.com/kluge7/test
kmcarpenter/omegamud,https://github.com/kmcarpenter/omegamud
kmskumaar/pcl_cuda,https://github.com/kmskumaar/pcl_cuda
knocek/Rocketroll,https://github.com/knocek/Rocketroll
knzo25/cuda_pointcloud_preprocessor,https://github.com/knzo25/cuda_pointcloud_preprocessor
koadman/graphdeconvolution,https://github.com/koadman/graphdeconvolution
kocubinski/opentnl,https://github.com/kocubinski/opentnl
koh-gt/uvg,https://github.com/koh-gt/uvg
koide3/cpp_parallel_code,https://github.com/koide3/cpp_parallel_code
konradha/nlsolvers-datagen,https://github.com/konradha/nlsolvers-datagen
konradha/nonlinear-solvers,https://github.com/konradha/nonlinear-solvers
konstantinosfragkoulis/DroneCtrl,https://github.com/konstantinosfragkoulis/DroneCtrl
korkeng/serverep17,https://github.com/korkeng/serverep17
kostas-alexis/mcclanahoochie,https://github.com/kostas-alexis/mcclanahoochie
kotertom/stat,https://github.com/kotertom/stat
kouhei1970/3d_drone_sim,https://github.com/kouhei1970/3d_drone_sim
kow/hpa2oar,https://github.com/kow/hpa2oar
kririae/cuckoo-hash,https://github.com/kririae/cuckoo-hash
kristianQh/BirdSpeciesSketching,https://github.com/kristianQh/BirdSpeciesSketching
krnlx/ccminer-mtp,https://github.com/krnlx/ccminer-mtp
krnlx/ccminer-xevan,https://github.com/krnlx/ccminer-xevan
kronosaur/Mammoth,https://github.com/kronosaur/Mammoth
kronosaur/TranscendenceDev,https://github.com/kronosaur/TranscendenceDev
kryptoniancode/ArdupilotCustom,https://github.com/kryptoniancode/ArdupilotCustom
ksoderbl/xpilot-cpp,https://github.com/ksoderbl/xpilot-cpp
kst164/IdeaForge-PX4-SITL_gazebo-classic,https://github.com/kst164/IdeaForge-PX4-SITL_gazebo-classic
kthyng/COAWST-ROMS-OIL,https://github.com/kthyng/COAWST-ROMS-OIL
ku-rihara/DirectXGame,https://github.com/ku-rihara/DirectXGame
kucars/multi_rotors_ftc,https://github.com/kucars/multi_rotors_ftc
kunalagrawal2611/Chronic-Disease-Prediction,https://github.com/kunalagrawal2611/Chronic-Disease-Prediction
kuroiiwa/OS-Practice,https://github.com/kuroiiwa/OS-Practice
kvzhao/TensorRT-5.1.5,https://github.com/kvzhao/TensorRT-5.1.5
kxxt/car_classification_tracking_and_more,https://github.com/kxxt/car_classification_tracking_and_more
kyChuGit/YuneecDroneCode,https://github.com/kyChuGit/YuneecDroneCode
kyle65463/cs267-hw2-3,https://github.com/kyle65463/cs267-hw2-3
kylelutz/arrayfire,https://github.com/kylelutz/arrayfire
kyuepublic/ptychopy,https://github.com/kyuepublic/ptychopy
kz04px/drones-2d,https://github.com/kz04px/drones-2d
lacie-life/Jellyfish-with-Robotics,https://github.com/lacie-life/Jellyfish-with-Robotics
lacker/seticore,https://github.com/lacker/seticore
laihuihui/htc,https://github.com/laihuihui/htc
landonwilkins/asteroids,https://github.com/landonwilkins/asteroids
lanhao0807/Semantic-Segmantation-Publication-Rproduce,https://github.com/lanhao0807/Semantic-Segmantation-Publication-Rproduce
lanl/ares,https://github.com/lanl/ares
lanl/thrust-iterators,https://github.com/lanl/thrust-iterators
lanlei/PD-IPC-ArmadilloDemo,https://github.com/lanlei/PD-IPC-ArmadilloDemo
lantus/postal-nx,https://github.com/lantus/postal-nx
laoniaokkk/PX4-AT32,https://github.com/laoniaokkk/PX4-AT32
lasoto/SCriptdev2,https://github.com/lasoto/SCriptdev2
lasp/basilisk,https://github.com/lasp/basilisk
laspencer91/rocket-lander-sim,https://github.com/laspencer91/rocket-lander-sim
lauralindy/radiosity,https://github.com/lauralindy/radiosity
lava13ratna/Satelite_Ardupilot_Gazebo,https://github.com/lava13ratna/Satelite_Ardupilot_Gazebo
lavima/MLLib,https://github.com/lavima/MLLib
lawmurray/LibBi,https://github.com/lawmurray/LibBi
lchsk/ney,https://github.com/lchsk/ney
leadcoder/gass,https://github.com/leadcoder/gass
lee-dohm/jediOutcast,https://github.com/lee-dohm/jediOutcast
leefige/radik,https://github.com/leefige/radik
leeyy2020/MyMNN,https://github.com/leeyy2020/MyMNN
leideng/cuda-12.5,https://github.com/leideng/cuda-12.5
leimao/CUTLASS-Examples,https://github.com/leimao/CUTLASS-Examples
lemoinep/LBVH_MORTON,https://github.com/lemoinep/LBVH_MORTON
lennartalff/px4,https://github.com/lennartalff/px4
lenovo-k900/android_kernel_lenovo_redhookbay,https://github.com/lenovo-k900/android_kernel_lenovo_redhookbay
leo27945875/parallel_pso,https://github.com/leo27945875/parallel_pso
leoli95/arducopter,https://github.com/leoli95/arducopter
leonard-lab/dcslROS,https://github.com/leonard-lab/dcslROS
leonardo-domingues/atrbvh,https://github.com/leonardo-domingues/atrbvh
lepsa0321/PolarDB-for-PostgreSQL,https://github.com/lepsa0321/PolarDB-for-PostgreSQL
less-lab-uva/CS4501-Labs,https://github.com/less-lab-uva/CS4501-Labs
librepilot/LibrePilot,https://github.com/librepilot/LibrePilot
libretro/libretro-wolfenstein3d,https://github.com/libretro/libretro-wolfenstein3d
libsdl-org/Maelstrom,https://github.com/libsdl-org/Maelstrom
lihuaning/CUDA_collision_detection,https://github.com/lihuaning/CUDA_collision_detection
likevin9911/RAITE_autonomy_boat,https://github.com/likevin9911/RAITE_autonomy_boat
likevin9911/autonomy_boat_sim,https://github.com/likevin9911/autonomy_boat_sim
lime-j/component_drop,https://github.com/lime-j/component_drop
limhyon/esc32,https://github.com/limhyon/esc32
lineis/mt-in-autonomous-system-simulations,https://github.com/lineis/mt-in-autonomous-system-simulations
linkineo/coapi,https://github.com/linkineo/coapi
linw207/2024competitionPG,https://github.com/linw207/2024competitionPG
lion03/thrust,https://github.com/lion03/thrust
lionpsiuc/postgraduate,https://github.com/lionpsiuc/postgraduate
lioujheyu/gevo,https://github.com/lioujheyu/gevo
lipeng28/Gklee,https://github.com/lipeng28/Gklee
lis-epfl/MAVRIC_Library,https://github.com/lis-epfl/MAVRIC_Library
lisiyao21/Duolando,https://github.com/lisiyao21/Duolando
little-hell/wip,https://github.com/little-hell/wip
littlemine/zpc,https://github.com/littlemine/zpc
liu-yucheng/liu_yucheng.vr_setup_android,https://github.com/liu-yucheng/liu_yucheng.vr_setup_android
liufangbao/serialport-gyroscope,https://github.com/liufangbao/serialport-gyroscope
lixiaoxin97/FlightLxx,https://github.com/lixiaoxin97/FlightLxx
liyunfeilove/pytorch,https://github.com/liyunfeilove/pytorch
lizengyu21/cuda_path_trace,https://github.com/lizengyu21/cuda_path_trace
llv22/pytorch-macOS-cuda,https://github.com/llv22/pytorch-macOS-cuda
lmark1/mmuav_geom_ctl,https://github.com/lmark1/mmuav_geom_ctl
lmiles50/personalWebsite,https://github.com/lmiles50/personalWebsite
lmzhhh/pytorch_hd,https://github.com/lmzhhh/pytorch_hd
lorenzhs/sampling,https://github.com/lorenzhs/sampling
lorenzosquadrani/PokemonGas,https://github.com/lorenzosquadrani/PokemonGas
louisenaud/mcclanahoochie,https://github.com/louisenaud/mcclanahoochie
lscandolo/Compressed-shadow-maps,https://github.com/lscandolo/Compressed-shadow-maps
lsh466/SmartHome,https://github.com/lsh466/SmartHome
lstange/mcgs,https://github.com/lstange/mcgs
lsyu0904/ADA-GAD,https://github.com/lsyu0904/ADA-GAD
lt573152873/CASEnet,https://github.com/lt573152873/CASEnet
lubas569/Picovina-porno,https://github.com/lubas569/Picovina-porno
lubomyr/freespace2,https://github.com/lubomyr/freespace2
lubyant/CS759-HPC,https://github.com/lubyant/CS759-HPC
lucassa3/PEGASOS-SVM-CLASSIFIER,https://github.com/lucassa3/PEGASOS-SVM-CLASSIFIER
luchete80/WeldFormFEM,https://github.com/luchete80/WeldFormFEM
luckytyphlosion/pokeemerald-expansion-nonfork,https://github.com/luckytyphlosion/pokeemerald-expansion-nonfork
lucmfs1/ArkSDK,https://github.com/lucmfs1/ArkSDK
lucvt001/sam_mission_planner,https://github.com/lucvt001/sam_mission_planner
luigifusco/gh_benchmark,https://github.com/luigifusco/gh_benchmark
luiszarate/PX4-Autopilot,https://github.com/luiszarate/PX4-Autopilot
lukas-ruettgers/competence_progress_motivation,https://github.com/lukas-ruettgers/competence_progress_motivation
lukasboettcher/msc-code,https://github.com/lukasboettcher/msc-code
lukier/vision_core,https://github.com/lukier/vision_core
lumtis/react-native-caffe2,https://github.com/lumtis/react-native-caffe2
lunar0724/source-sdk-2013-multiplayer-fixes,https://github.com/lunar0724/source-sdk-2013-multiplayer-fixes
lunarissigma/20.40,https://github.com/lunarissigma/20.40
luocfprime/ros_drone_swarm,https://github.com/luocfprime/ros_drone_swarm
lveltman/PGP,https://github.com/lveltman/PGP
lvhualong/motion_Planning,https://github.com/lvhualong/motion_Planning
lwa-project/bifrost,https://github.com/lwa-project/bifrost
lwichette/QEC,https://github.com/lwichette/QEC
lxjhk/stanford-cs193g-sp2010,https://github.com/lxjhk/stanford-cs193g-sp2010
lxrzlyr/GAL-DAWN,https://github.com/lxrzlyr/GAL-DAWN
lxx1991/caffe_mpi,https://github.com/lxx1991/caffe_mpi
lychuang/4011-surfbee,https://github.com/lychuang/4011-surfbee
lzxdjb/HG,https://github.com/lzxdjb/HG
m1nty/autonomous,https://github.com/m1nty/autonomous
ma-xu/LIVE,https://github.com/ma-xu/LIVE
mablinov/SDL,https://github.com/mablinov/SDL
maciek252/storm32_ardupilot,https://github.com/maciek252/storm32_ardupilot
mad432/orbi,https://github.com/mad432/orbi
madame-rachelle/supplice-exe,https://github.com/madame-rachelle/supplice-exe
madame-rachelle/zandronum,https://github.com/madame-rachelle/zandronum
madcowbg/MPPSO,https://github.com/madcowbg/MPPSO
madcowswe/Clockwork,https://github.com/madcowswe/Clockwork
madgraph5/madgraph4gpu,https://github.com/madgraph5/madgraph4gpu
madwalker231/sportsinsight,https://github.com/madwalker231/sportsinsight
mahaupt/ST-Dispatch,https://github.com/mahaupt/ST-Dispatch
majesityreal/PokemonStatusEffectsForEveryType,https://github.com/majesityreal/PokemonStatusEffectsForEveryType
maki49/ExxSym_legacy,https://github.com/maki49/ExxSym_legacy
malichao/SLAM,https://github.com/malichao/SLAM
malonej501/yalla,https://github.com/malonej501/yalla
mananisak/mananisak-computational-intelligence,https://github.com/mananisak/mananisak-computational-intelligence
mandad/moos-ivp-manda,https://github.com/mandad/moos-ivp-manda
mandalarobotics/gpu_6dslam,https://github.com/mandalarobotics/gpu_6dslam
manglayev/cuda-heights,https://github.com/manglayev/cuda-heights
mangoGZH/px4_module,https://github.com/mangoGZH/px4_module
manoharbhat/fastPlannerUAV,https://github.com/manoharbhat/fastPlannerUAV
manojngb/Crazyflie_optitrack_hover,https://github.com/manojngb/Crazyflie_optitrack_hover
manuelcabrerizo/SolarSystem,https://github.com/manuelcabrerizo/SolarSystem
manylegged/outlaws-core,https://github.com/manylegged/outlaws-core
maoshuo1754/full_pipeline_process,https://github.com/maoshuo1754/full_pipeline_process
marciohandrade/Sun2,https://github.com/marciohandrade/Sun2
marcpaterno/gpuintegration,https://github.com/marcpaterno/gpuintegration
maria-korosteleva/NvidiaWarp-GarmentCode,https://github.com/maria-korosteleva/NvidiaWarp-GarmentCode
mariasoroka/QuadricBasedSilhouetteSampling,https://github.com/mariasoroka/QuadricBasedSilhouetteSampling
mariosam23/DroneGames,https://github.com/mariosam23/DroneGames
markbb1957/FFalconSource,https://github.com/markbb1957/FFalconSource
markj9/AirSim-mac,https://github.com/markj9/AirSim-mac
markmlee/flightmare_setup_ws,https://github.com/markmlee/flightmare_setup_ws
markusbuchholz/uav-blue-robotics-path-planners,https://github.com/markusbuchholz/uav-blue-robotics-path-planners
mars-tu/SkyLark,https://github.com/mars-tu/SkyLark
marshalltaylor/synth_common,https://github.com/marshalltaylor/synth_common
martindeegan/acrobat,https://github.com/martindeegan/acrobat
martinohanlon/mayhem-pi,https://github.com/martinohanlon/mayhem-pi
masashi-y/arrayfire,https://github.com/masashi-y/arrayfire
masayano/CLAST,https://github.com/masayano/CLAST
master17025/_9_Test-cumulative-sort,https://github.com/master17025/_9_Test-cumulative-sort
matloff/Rth,https://github.com/matloff/Rth
matt-42/cuimg,https://github.com/matt-42/cuimg
mattbellis/matts-work-environment,https://github.com/mattbellis/matts-work-environment
matthewbot/FlamewheelFC,https://github.com/matthewbot/FlamewheelFC
mattprompt/quadcopter_controller,https://github.com/mattprompt/quadcopter_controller
maxoyed/opencv-5.0.0,https://github.com/maxoyed/opencv-5.0.0
maxpape/drone_mt_ros2,https://github.com/maxpape/drone_mt_ros2
mayamika/lab-gpu,https://github.com/mayamika/lab-gpu
mbellman/tachyon,https://github.com/mbellman/tachyon
mc2-project/federated-xgboost,https://github.com/mc2-project/federated-xgboost
mc2-project/secure-xgboost,https://github.com/mc2-project/secure-xgboost
mcclanahoochie/from_google_code,https://github.com/mcclanahoochie/from_google_code
mclarsen/cuZFP,https://github.com/mclarsen/cuZFP
mdessole/parasof,https://github.com/mdessole/parasof
mdnorris/cuda_test,https://github.com/mdnorris/cuda_test
mdqyy/main_demo_cmake,https://github.com/mdqyy/main_demo_cmake
mduclehcm/duc-pfd,https://github.com/mduclehcm/duc-pfd
meerkat-pkd/Meerkat,https://github.com/meerkat-pkd/Meerkat
melanz/DVIDE,https://github.com/melanz/DVIDE
melody97/geminifs,https://github.com/melody97/geminifs
memosiki/pgp,https://github.com/memosiki/pgp
mengchaoheng/DuctedFanUAV-Autopilot,https://github.com/mengchaoheng/DuctedFanUAV-Autopilot
metarobotics/vandipilot,https://github.com/metarobotics/vandipilot
mg5amcnlo/mg5amcnlo_cudacpp,https://github.com/mg5amcnlo/mg5amcnlo_cudacpp
mgkid3310/REBalanced,https://github.com/mgkid3310/REBalanced
mhorger3/Doom-Battalion-Addons,https://github.com/mhorger3/Doom-Battalion-Addons
michaelhgao/micro-flight-sim,https://github.com/michaelhgao/micro-flight-sim
michaelwillett/Iterative-Closest-Point,https://github.com/michaelwillett/Iterative-Closest-Point
microdron-itesm/MicroDronITESM_GUI,https://github.com/microdron-itesm/MicroDronITESM_GUI
micromiss/Urho3D-Demo-AirFighter,https://github.com/micromiss/Urho3D-Demo-AirFighter
micros-uav/CoFlyers,https://github.com/micros-uav/CoFlyers
microsoft/Frigatebird,https://github.com/microsoft/Frigatebird
microsoft/vattention,https://github.com/microsoft/vattention
migueletto/DoomWasm,https://github.com/migueletto/DoomWasm
migueletto/PumpkinApplications,https://github.com/migueletto/PumpkinApplications
mihaelastoycheva/QuantumAlgorithm-EarlyCancerPrediction,https://github.com/mihaelastoycheva/QuantumAlgorithm-EarlyCancerPrediction
mikasaukyou/ccminer-KlausT-8.21-mod-coban,https://github.com/mikasaukyou/ccminer-KlausT-8.21-mod-coban
mikedef/moos-ivp-sim-gazebo,https://github.com/mikedef/moos-ivp-sim-gazebo
miki151/keeperrl,https://github.com/miki151/keeperrl
mikymaione/MAMEStreamingPlatform,https://github.com/mikymaione/MAMEStreamingPlatform
mindspore-ai/mindspore_test,https://github.com/mindspore-ai/mindspore_test
minghancmh/gcopterRmaderIntegration,https://github.com/minghancmh/gcopterRmaderIntegration
mirguest/MirguestIssueReport,https://github.com/mirguest/MirguestIssueReport
mirzashah/MOOS,https://github.com/mirzashah/MOOS
misterperson/Dark-Souls-2-Armor-Optimizer,https://github.com/misterperson/Dark-Souls-2-Armor-Optimizer
mit-gfx/multicopter_design,https://github.com/mit-gfx/multicopter_design
mitchellspryn/UrdfSim,https://github.com/mitchellspryn/UrdfSim
mitre/FMACM,https://github.com/mitre/FMACM
mittorn/srcsdk,https://github.com/mittorn/srcsdk
mj-chung1113/ws_px4_controls,https://github.com/mj-chung1113/ws_px4_controls
mkaouer/Code-Smells-Detection-in-JavaScript,https://github.com/mkaouer/Code-Smells-Detection-in-JavaScript
ml-opt/dnn_opt,https://github.com/ml-opt/dnn_opt
mlcommons/storage_results_v2.0,https://github.com/mlcommons/storage_results_v2.0
mlcommons/training_results_v1.0,https://github.com/mlcommons/training_results_v1.0
mlomb/halite2-bot,https://github.com/mlomb/halite2-bot
mlsys-io/kv.run,https://github.com/mlsys-io/kv.run
mlverse/cuda.ml,https://github.com/mlverse/cuda.ml
mmccraw98/dpmd,https://github.com/mmccraw98/dpmd
mnicely/nvml_examples,https://github.com/mnicely/nvml_examples
moarseniy/CudaFEMproject,https://github.com/moarseniy/CudaFEMproject
mobilipia/autoware-core-perception,https://github.com/mobilipia/autoware-core-perception
mockingbirdnest/Principia,https://github.com/mockingbirdnest/Principia
mohammadfatemieh/ASV,https://github.com/mohammadfatemieh/ASV
mojontwins/MK1_NES,https://github.com/mojontwins/MK1_NES
molamooo/MXNet-RDMA,https://github.com/molamooo/MXNet-RDMA
molloy-lab/Dollo-CDP,https://github.com/molloy-lab/Dollo-CDP
monizd/AU_UAV_ROS_fuerte,https://github.com/monizd/AU_UAV_ROS_fuerte
moonsh5009/MPS_CUDA,https://github.com/moonsh5009/MPS_CUDA
moos-ivp/moos-ivp,https://github.com/moos-ivp/moos-ivp
morgsmccauley/ArduCode,https://github.com/morgsmccauley/ArduCode
mormj/cusp,https://github.com/mormj/cusp
mosaic-group/openfpm_data,https://github.com/mosaic-group/openfpm_data
mossmao/Minimizing-printing-time-and-volumetric-error-by-GPU-accelerated-adaptive-slicing,https://github.com/mossmao/Minimizing-printing-time-and-volumetric-error-by-GPU-accelerated-adaptive-slicing
mozzwald/wolf4sdl,https://github.com/mozzwald/wolf4sdl
mppmu/qmc,https://github.com/mppmu/qmc
mrerikpeterson/l8ybug,https://github.com/mrerikpeterson/l8ybug
mrfmap/mrfmap,https://github.com/mrfmap/mrfmap
mrpossoms/ld50,https://github.com/mrpossoms/ld50
mrpostiga/imame4all,https://github.com/mrpostiga/imame4all
mrry/onnxruntime-pytorch,https://github.com/mrry/onnxruntime-pytorch
mrshubw/secure-xgboost-dp-oblivious,https://github.com/mrshubw/secure-xgboost-dp-oblivious
mrzhuzhe/riven,https://github.com/mrzhuzhe/riven
msakuta/VastSpace,https://github.com/msakuta/VastSpace
mshalimay/Parallel-nbody,https://github.com/mshalimay/Parallel-nbody
mshcruz/GPUSetSimJoin,https://github.com/mshcruz/GPUSetSimJoin
mtameemmiah/IN2026-Coursework-Code,https://github.com/mtameemmiah/IN2026-Coursework-Code
muellerju/unbiased-differentiable-splatting,https://github.com/muellerju/unbiased-differentiable-splatting
muellerlab/agri-fly,https://github.com/muellerlab/agri-fly
muhos/ParaFROST,https://github.com/muhos/ParaFROST
mulepa/ardupilot,https://github.com/mulepa/ardupilot
multimeters/USV_obs_avoid_and_return,https://github.com/multimeters/USV_obs_avoid_and_return
multimeters/baoliang,https://github.com/multimeters/baoliang
multiwii/baseflight,https://github.com/multiwii/baseflight
museami/torch7-distro,https://github.com/museami/torch7-distro
mushroomfire/lammps_nep,https://github.com/mushroomfire/lammps_nep
mvarga6/ActiveFilaments,https://github.com/mvarga6/ActiveFilaments
mxmauro/xgboost-custom,https://github.com/mxmauro/xgboost-custom
mynameisjohn/StarHunter,https://github.com/mynameisjohn/StarHunter
mynew3/LunaCore,https://github.com/mynew3/LunaCore
myscale/faiss,https://github.com/myscale/faiss
myurtoglu/cudaforengineers,https://github.com/myurtoglu/cudaforengineers
mzahana/MATMAV,https://github.com/mzahana/MATMAV
n-devs/ro-serve,https://github.com/n-devs/ro-serve
n3554/n3554,https://github.com/n3554/n3554
naev/naev,https://github.com/naev/naev
naikari/naikari,https://github.com/naikari/naikari
nalt/pcl,https://github.com/nalt/pcl
nalzok/tsoobgx,https://github.com/nalzok/tsoobgx
nalzok/xgboost-R,https://github.com/nalzok/xgboost-R
nalzok/xgboost-py,https://github.com/nalzok/xgboost-py
nan0S/quickhull-gpu,https://github.com/nan0S/quickhull-gpu
nanoandrew4/2D-Landing-Game,https://github.com/nanoandrew4/2D-Landing-Game
naonao-cola/code_snippets,https://github.com/naonao-cola/code_snippets
nasa-itc/generic_thruster,https://github.com/nasa-itc/generic_thruster
nasa/EMTG,https://github.com/nasa/EMTG
nasa/Three-Dimensional-Nozzle-Design-Code,https://github.com/nasa/Three-Dimensional-Nozzle-Design-Code
nataraj2/MultiphaseSolverAMReX,https://github.com/nataraj2/MultiphaseSolverAMReX
natolambert/ros-crazyflie-mbrl,https://github.com/natolambert/ros-crazyflie-mbrl
navstik/pandapilot,https://github.com/navstik/pandapilot
navstik/pandapilot_nxt,https://github.com/navstik/pandapilot_nxt
navstik/pandapilot_v3,https://github.com/navstik/pandapilot_v3
navyxliu/droidmame,https://github.com/navyxliu/droidmame
nax1800/Athena,https://github.com/nax1800/Athena
nax1800/Project-Zero,https://github.com/nax1800/Project-Zero
naxingyu/lstm-rnn,https://github.com/naxingyu/lstm-rnn
nayakshweta19/osfeo,https://github.com/nayakshweta19/osfeo
nayeon-kim/Rephotography,https://github.com/nayeon-kim/Rephotography
nbyaya/Legends-of-Azeroth-Pandaria-5.4.8,https://github.com/nbyaya/Legends-of-Azeroth-Pandaria-5.4.8
ncidosimetry/dvf,https://github.com/ncidosimetry/dvf
nckuasrlab/QOPS,https://github.com/nckuasrlab/QOPS
necst/TimberStrike,https://github.com/necst/TimberStrike
neka-nat/cupoch,https://github.com/neka-nat/cupoch
nemosminer/ccminer-KlausT-8.21-mod-r18-src-fix,https://github.com/nemosminer/ccminer-KlausT-8.21-mod-r18-src-fix
nemosminer/ccminer-KlausT-8.23-mod-r1,https://github.com/nemosminer/ccminer-KlausT-8.23-mod-r1
nemosminer/ccminerKlausTyescrypt,https://github.com/nemosminer/ccminerKlausTyescrypt
nemosminer/ccminerx16r-x16s,https://github.com/nemosminer/ccminerx16r-x16s
neonichu/iMame4All-for-iPad,https://github.com/neonichu/iMame4All-for-iPad
neonspectra/Cataclysm-2040,https://github.com/neonspectra/Cataclysm-2040
nerudaj/Rend,https://github.com/nerudaj/Rend
nervosys/AutonomySim,https://github.com/nervosys/AutonomySim
nesbox/boost_1_68-android,https://github.com/nesbox/boost_1_68-android
netswift/ccminer-vert,https://github.com/netswift/ccminer-vert
neudinger/equadiffGPU,https://github.com/neudinger/equadiffGPU
neurodebian/freesurfer,https://github.com/neurodebian/freesurfer
neurolabusc/AppleSiliconForNeuroimaging,https://github.com/neurolabusc/AppleSiliconForNeuroimaging
nextfoam/nextfoam-cfd,https://github.com/nextfoam/nextfoam-cfd
nextpilot/nextpilot-flight-control,https://github.com/nextpilot/nextpilot-flight-control
ngcp-project/UAV-Software,https://github.com/ngcp-project/UAV-Software
nguyen-quang-phu/GPU,https://github.com/nguyen-quang-phu/GPU
nguyenkimnhatminh13/PaSCo_Minh,https://github.com/nguyenkimnhatminh13/PaSCo_Minh
nhathuy13598/Lap-trinh-song-song-GPU-Do-an-cuoi-ky,https://github.com/nhathuy13598/Lap-trinh-song-song-GPU-Do-an-cuoi-ky
nhidinh2/BoostStockModel,https://github.com/nhidinh2/BoostStockModel
nicedavid98/faiss_smrc,https://github.com/nicedavid98/faiss_smrc
nickg/lander,https://github.com/nickg/lander
nicolasavru/objective-slam,https://github.com/nicolasavru/objective-slam
nicolasavru/ppf-registration-spatial-hashing,https://github.com/nicolasavru/ppf-registration-spatial-hashing
nicolassawaya/DynaQuant,https://github.com/nicolassawaya/DynaQuant
nicole01101101zke/rodinia_CPU,https://github.com/nicole01101101zke/rodinia_CPU
niffiwan/wcsaga,https://github.com/niffiwan/wcsaga
nii-yamagishilab/project-CURRENNT-public,https://github.com/nii-yamagishilab/project-CURRENNT-public
nillerusr/srcsdk,https://github.com/nillerusr/srcsdk
nilsbore/roswasm_suite,https://github.com/nilsbore/roswasm_suite
nilspin/VoxelHashing_demo,https://github.com/nilspin/VoxelHashing_demo
ninonick0607/QuadSimPlugins,https://github.com/ninonick0607/QuadSimPlugins
ninonick0607/Rosflight-sim,https://github.com/ninonick0607/Rosflight-sim
nipe1783/cudaSBMP,https://github.com/nipe1783/cudaSBMP
nishantjb1/aerial_manip_gazebo,https://github.com/nishantjb1/aerial_manip_gazebo
niuzb/hexen-for-android,https://github.com/niuzb/hexen-for-android
njanne19/rc_pilot,https://github.com/njanne19/rc_pilot
njm18/gmatrix,https://github.com/njm18/gmatrix
nnagyd/ode_solver_tests,https://github.com/nnagyd/ode_solver_tests
nodrogluap/OpenDBA,https://github.com/nodrogluap/OpenDBA
nodscher/pythonwasm,https://github.com/nodscher/pythonwasm
noidvan/python_cuda_packages,https://github.com/noidvan/python_cuda_packages
noidvan/wall_f_junior_base_stack,https://github.com/noidvan/wall_f_junior_base_stack
noiseless47/GPUMesh,https://github.com/noiseless47/GPUMesh
nopjia/tracer,https://github.com/nopjia/tracer
notTypecast/hmpc,https://github.com/notTypecast/hmpc
novatig/CubismUP_2D,https://github.com/novatig/CubismUP_2D
npinto/opencv,https://github.com/npinto/opencv
npk48/rwkv_cuda,https://github.com/npk48/rwkv_cuda
nsingla20/CS610,https://github.com/nsingla20/CS610
nsklaus/Cataclysm,https://github.com/nsklaus/Cataclysm
ntuhpc/sc17-lammps,https://github.com/ntuhpc/sc17-lammps
nuno-tiago-reis/ray-tracer,https://github.com/nuno-tiago-reis/ray-tracer
nvidia-isaac/nvblox,https://github.com/nvidia-isaac/nvblox
nvidia-migration-test/cub,https://github.com/nvidia-migration-test/cub
nxp-imx/onnxruntime-imx,https://github.com/nxp-imx/onnxruntime-imx
oKatanaaa/KaruiFlow,https://github.com/oKatanaaa/KaruiFlow
obiwit/expROVer,https://github.com/obiwit/expROVer
objeck/objeck-lang,https://github.com/objeck/objeck-lang
octoberskyTW/CADAC4_Enhance,https://github.com/octoberskyTW/CADAC4_Enhance
octoberskyTW/mazu-sim,https://github.com/octoberskyTW/mazu-sim
odamex/odamex,https://github.com/odamex/odamex
oddkiva/sara,https://github.com/oddkiva/sara
odeonus/GridSeed-Driver,https://github.com/odeonus/GridSeed-Driver
offDaCharts/qgroundcontrol,https://github.com/offDaCharts/qgroundcontrol
offjangir/Drone_Landing_PP,https://github.com/offjangir/Drone_Landing_PP
oist/relion,https://github.com/oist/relion
okalachev/mavlink-arduino,https://github.com/okalachev/mavlink-arduino
olavril/FTLE-Analysis,https://github.com/olavril/FTLE-Analysis
olcf/HIP_for_CUDA_programmers,https://github.com/olcf/HIP_for_CUDA_programmers
olibd/pytorch-0.4.0-snapshot,https://github.com/olibd/pytorch-0.4.0-snapshot
olliw42/storm32bgc,https://github.com/olliw42/storm32bgc
omiksik/roam,https://github.com/omiksik/roam
omnia-unist/FusionFlow_PyTorch,https://github.com/omnia-unist/FusionFlow_PyTorch
one-degree-north/mate-2024-blue-lobster,https://github.com/one-degree-north/mate-2024-blue-lobster
oneapi-src/SYCLomatic,https://github.com/oneapi-src/SYCLomatic
oneapi-src/SYCLomatic-test,https://github.com/oneapi-src/SYCLomatic-test
oneapi-src/Velocity-Bench,https://github.com/oneapi-src/Velocity-Bench
open-airlab/UNav-Sim,https://github.com/open-airlab/UNav-Sim
open-airlab/VTNMPC-Autonomous-Wind-Turbine-Inspection,https://github.com/open-airlab/VTNMPC-Autonomous-Wind-Turbine-Inspection
open-space-collective/open-space-toolkit-astrodynamics,https://github.com/open-space-collective/open-space-toolkit-astrodynamics
openai/doom-py,https://github.com/openai/doom-py
opengauss-mirror/Plugin,https://github.com/opengauss-mirror/Plugin
openhumanoids/opencv-pod,https://github.com/openhumanoids/opencv-pod
openshift-psap/mlperf_v0.6_resources,https://github.com/openshift-psap/mlperf_v0.6_resources
openxrlab/xrtailor,https://github.com/openxrlab/xrtailor
opieproject/opie,https://github.com/opieproject/opie
oppo-source/A12,https://github.com/oppo-source/A12
oppo-source/A31,https://github.com/oppo-source/A31
oppo-source/RenoZ_9.0_kernel-source,https://github.com/oppo-source/RenoZ_9.0_kernel-source
optorres/AltOS,https://github.com/optorres/AltOS
orbiternassp/NASSP,https://github.com/orbiternassp/NASSP
orbitersim/orbiter,https://github.com/orbitersim/orbiter
ordonemi/OrbitSimulator,https://github.com/ordonemi/OrbitSimulator
oresths/tSparse,https://github.com/oresths/tSparse
ornfelt/my_cpp,https://github.com/ornfelt/my_cpp
orxshi/tailor,https://github.com/orxshi/tailor
osgcc/descent-mac,https://github.com/osgcc/descent-mac
osgcc/descent-pc,https://github.com/osgcc/descent-pc
oslab-swrc/mkpac,https://github.com/oslab-swrc/mkpac
osmanovicdino/FieldTheory,https://github.com/osmanovicdino/FieldTheory
osmanovicdino/mtcode,https://github.com/osmanovicdino/mtcode
otakuxiang/circle,https://github.com/otakuxiang/circle
otherlab/pcl,https://github.com/otherlab/pcl
owensgroup/GPUQuotientFilters,https://github.com/owensgroup/GPUQuotientFilters
owensgroup/MVGpuBTree,https://github.com/owensgroup/MVGpuBTree
owensgroup/RXMesh,https://github.com/owensgroup/RXMesh
owl-project/owl-graph-drawing,https://github.com/owl-project/owl-graph-drawing
oxencoin/ccminer-blake2s,https://github.com/oxencoin/ccminer-blake2s
oysteinkrog/gpusphsim,https://github.com/oysteinkrog/gpusphsim
padmanabhapsimha/TrajOpt_DE,https://github.com/padmanabhapsimha/TrajOpt_DE
papaboo/dacrtGPU,https://github.com/papaboo/dacrtGPU
paperg/NCCL_GP,https://github.com/paperg/NCCL_GP
paradoxnj/Genesis3D,https://github.com/paradoxnj/Genesis3D
paragpathak2006/CudaRuntime1,https://github.com/paragpathak2006/CudaRuntime1
parallel101/course,https://github.com/parallel101/course
parasailteam/coconet-experiments,https://github.com/parasailteam/coconet-experiments
pardi/mark_follower,https://github.com/pardi/mark_follower
parthenon-hpc-lab/parthenon,https://github.com/parthenon-hpc-lab/parthenon
paswd/gp-lab4,https://github.com/paswd/gp-lab4
pathfinder-for-autonomous-navigation/FlightSoftware,https://github.com/pathfinder-for-autonomous-navigation/FlightSoftware
patrykcieslak/stonefish,https://github.com/patrykcieslak/stonefish
pauline-ly/databases_gpu,https://github.com/pauline-ly/databases_gpu
pboechat/OperatorGraph,https://github.com/pboechat/OperatorGraph
pbrook/ewolf3d,https://github.com/pbrook/ewolf3d
pchickey/mavthrift,https://github.com/pchickey/mavthrift
pcwu0329/DPE,https://github.com/pcwu0329/DPE
pdellaert/fbw-aircraft-git-lfs,https://github.com/pdellaert/fbw-aircraft-git-lfs
pdpdds/sdldualsystem,https://github.com/pdpdds/sdldualsystem
pdpdds/yuzaos,https://github.com/pdpdds/yuzaos
pengcuo/FlashMLA-ETAP,https://github.com/pengcuo/FlashMLA-ETAP
pengmai/activity-analysis-artifact,https://github.com/pengmai/activity-analysis-artifact
peridyno/peridyno,https://github.com/peridyno/peridyno
pershoot/android_kernel_samsung_p4,https://github.com/pershoot/android_kernel_samsung_p4
pfac-lib/PFAC,https://github.com/pfac-lib/PFAC
phil-monroe/EEC-277---GPU-Face-Detect,https://github.com/phil-monroe/EEC-277---GPU-Face-Detect
philflex2020/dirtdigger,https://github.com/philflex2020/dirtdigger
philippedax/vreng,https://github.com/philippedax/vreng
phirasit/shor_cuda,https://github.com/phirasit/shor_cuda
phobos2077/Fallout2_Restoration_Project,https://github.com/phobos2077/Fallout2_Restoration_Project
picoxr/OpenXR_CloudXR_Client_Demo,https://github.com/picoxr/OpenXR_CloudXR_Client_Demo
piiigletTheThird/FlightOneOpenSource,https://github.com/piiigletTheThird/FlightOneOpenSource
pinata0/Python-ACNPModel,https://github.com/pinata0/Python-ACNPModel
pioneerspacesim/pioneer,https://github.com/pioneerspacesim/pioneer
pipijing13/FT2-LLM-inference-protection,https://github.com/pipijing13/FT2-LLM-inference-protection
pjanuszewski/PX4-Autopilot-LQR,https://github.com/pjanuszewski/PX4-Autopilot-LQR
pkegg/RG353P_kernel,https://github.com/pkegg/RG353P_kernel
pku-liang/AMOS,https://github.com/pku-liang/AMOS
pkumod/GAMMA,https://github.com/pkumod/GAMMA
pkumod/LPMA,https://github.com/pkumod/LPMA
pkumod/accelerating-TC,https://github.com/pkumod/accelerating-TC
pkusys/Auncel,https://github.com/pkusys/Auncel
pkusys/Rummy,https://github.com/pkusys/Rummy
plant310/dgl_extend,https://github.com/plant310/dgl_extend
plooshi/CelestiaGS,https://github.com/plooshi/CelestiaGS
plops/cl-cpp-generator2,https://github.com/plops/cl-cpp-generator2
pmarguinaud/nvhpc-issues,https://github.com/pmarguinaud/nvhpc-issues
pmelanson/corbit-2,https://github.com/pmelanson/corbit-2
pmiddend/sgeroids,https://github.com/pmiddend/sgeroids
pmwisdom/project_dolphin,https://github.com/pmwisdom/project_dolphin
pnnl/ARTS,https://github.com/pnnl/ARTS
podhrmic/JSBSim,https://github.com/podhrmic/JSBSim
portegys/SpaceSquids,https://github.com/portegys/SpaceSquids
prajwalvp/peasoup_32,https://github.com/prajwalvp/peasoup_32
prathameshpatel07/UW_ME759_HPC,https://github.com/prathameshpatel07/UW_ME759_HPC
pratikiitgn/Ardupilot_DS,https://github.com/pratikiitgn/Ardupilot_DS
pratikiitgn/ardupilot_custom,https://github.com/pratikiitgn/ardupilot_custom
pravirkr/dmt,https://github.com/pravirkr/dmt
pret/pmd-red,https://github.com/pret/pmd-red
prianna/sir-models,https://github.com/prianna/sir-models
primenumber/issen-eval-cuda,https://github.com/primenumber/issen-eval-cuda
prisma-lab/PX4_tilting_multicopters,https://github.com/prisma-lab/PX4_tilting_multicopters
prisma-lab/Px4_Tilting_Custom_Control,https://github.com/prisma-lab/Px4_Tilting_Custom_Control
procf/hoomd4.2.1-mod,https://github.com/procf/hoomd4.2.1-mod
projectchrono/chrono,https://github.com/projectchrono/chrono
proteal/DOOM-Vis,https://github.com/proteal/DOOM-Vis
psas/event-driven-fc,https://github.com/psas/event-driven-fc
psilib/opticks,https://github.com/psilib/opticks
ptitSeb/zandronum,https://github.com/ptitSeb/zandronum
ptrefall/hybrid-rendering-thesis,https://github.com/ptrefall/hybrid-rendering-thesis
ptrmu/ap_surftrak_lua_test,https://github.com/ptrmu/ap_surftrak_lua_test
pulkitjaiswal/precision-px4,https://github.com/pulkitjaiswal/precision-px4
pur1fying/BAAS_Cpp,https://github.com/pur1fying/BAAS_Cpp
purseclab/M2MON,https://github.com/purseclab/M2MON
purvakulkarni15/PathTracerAP,https://github.com/purvakulkarni15/PathTracerAP
pwrliang/RayJoin,https://github.com/pwrliang/RayJoin
pykao/pytorch-v0.4.0,https://github.com/pykao/pytorch-v0.4.0
pytorch/FBGEMM,https://github.com/pytorch/FBGEMM
pytorch/pytorch,https://github.com/pytorch/pytorch
qaisadeea/lol-its-a-new-fortnite-thing,https://github.com/qaisadeea/lol-its-a-new-fortnite-thing
qdHe/Parallelized-Force-directed-Graph-Drawing,https://github.com/qdHe/Parallelized-Force-directed-Graph-Drawing
qgerman2/ardupilot-Simulink,https://github.com/qgerman2/ardupilot-Simulink
qhtjrmin/VPrimer,https://github.com/qhtjrmin/VPrimer
qianyizh/StanfordPCL,https://github.com/qianyizh/StanfordPCL
qlenlen/android_kernel_samsung_sm8650,https://github.com/qlenlen/android_kernel_samsung_sm8650
qore-dl/Learning_cuda_cutlass,https://github.com/qore-dl/Learning_cuda_cutlass
qq1012510777/cuDFNsys,https://github.com/qq1012510777/cuDFNsys
qq502233945/Ganymede,https://github.com/qq502233945/Ganymede
qrbs/pytorch_source,https://github.com/qrbs/pytorch_source
qufenglu/XiHe,https://github.com/qufenglu/XiHe
quicklers/pytorch,https://github.com/quicklers/pytorch
quiver-team/torch-quiver,https://github.com/quiver-team/torch-quiver
r-barnes/sw_comparison,https://github.com/r-barnes/sw_comparison
rabbitfishy/fatality-csgo,https://github.com/rabbitfishy/fatality-csgo
racksa/CUFCM_FIL,https://github.com/racksa/CUFCM_FIL
racksa/TimFilSimMod,https://github.com/racksa/TimFilSimMod
radiolinkW/ArduPilot-RL,https://github.com/radiolinkW/ArduPilot-RL
rajat2004/gpu-programming,https://github.com/rajat2004/gpu-programming
ramonsaraiva/cuda-convexhull,https://github.com/ramonsaraiva/cuda-convexhull
rapidsai/cudf,https://github.com/rapidsai/cudf
rapidsai/cugraph,https://github.com/rapidsai/cugraph
rapidsai/cugraph-gnn,https://github.com/rapidsai/cugraph-gnn
rapidsai/cugunrock,https://github.com/rapidsai/cugunrock
rapidsai/cuhornet,https://github.com/rapidsai/cuhornet
rapidsai/cuml,https://github.com/rapidsai/cuml
rapidsai/cuvs,https://github.com/rapidsai/cuvs
rapidsai/legate-boost,https://github.com/rapidsai/legate-boost
rapidsai/nvgraph,https://github.com/rapidsai/nvgraph
rapidsai/raft,https://github.com/rapidsai/raft
rapidsai/rmm,https://github.com/rapidsai/rmm
rapter-turtle/AURA,https://github.com/rapter-turtle/AURA
rayanam2021/Controls,https://github.com/rayanam2021/Controls
razorbeard/mars-lander,https://github.com/razorbeard/mars-lander
rbaygildin/learn-gpgpu,https://github.com/rbaygildin/learn-gpgpu
rberrypi/CellVista,https://github.com/rberrypi/CellVista
rbrott/suite-sparse,https://github.com/rbrott/suite-sparse
rcarrascoc/GPU-2D-Convex_Hull_Filter,https://github.com/rcarrascoc/GPU-2D-Convex_Hull_Filter
rcbevans/IC_HPCE_6b,https://github.com/rcbevans/IC_HPCE_6b
rdoddanavar/hpr-sim,https://github.com/rdoddanavar/hpr-sim
rdunning0823/tophat,https://github.com/rdunning0823/tophat
re3fork/re3-miami-vita,https://github.com/re3fork/re3-miami-vita
realme-kernel-opensource/realme_GT5-AndroidT-kernel-source,https://github.com/realme-kernel-opensource/realme_GT5-AndroidT-kernel-source
reasense/MSEA,https://github.com/reasense/MSEA
redbaron148/siue_coax_dev,https://github.com/redbaron148/siue_coax_dev
redbirdrobotics/px4-firmware-vtol,https://github.com/redbirdrobotics/px4-firmware-vtol
redxtreme/Halite,https://github.com/redxtreme/Halite
remileonard/oldflight,https://github.com/remileonard/oldflight
renesisgroup/ccminer-renesis-source,https://github.com/renesisgroup/ccminer-renesis-source
renniribeiro/TrinityCore-Nixcraft,https://github.com/renniribeiro/TrinityCore-Nixcraft
rerunner/MigAlleySrc,https://github.com/rerunner/MigAlleySrc
researchart/fse18,https://github.com/researchart/fse18
retrofw/srb2,https://github.com/retrofw/srb2
rharriso/hey-cuda,https://github.com/rharriso/hey-cuda
rhthomas/d4-itchen,https://github.com/rhthomas/d4-itchen
ricardo-ayres/vertigo,https://github.com/ricardo-ayres/vertigo
rice-eclipse/pigeon-ardupilot,https://github.com/rice-eclipse/pigeon-ardupilot
richardjs/Maelstrom,https://github.com/richardjs/Maelstrom
richardlett/RAFT_GF,https://github.com/richardlett/RAFT_GF
rickyHong/Nvidia-retinanet-opt-repl,https://github.com/rickyHong/Nvidia-retinanet-opt-repl
rifatrakib/sophomore-drone-project,https://github.com/rifatrakib/sophomore-drone-project
risc0/risc0,https://github.com/risc0/risc0
risi-kondor/cnine,https://github.com/risi-kondor/cnine
rjros/Omni_px4,https://github.com/rjros/Omni_px4
rjw57/tiw-computer,https://github.com/rjw57/tiw-computer
rmcle0/CUDA2,https://github.com/rmcle0/CUDA2
rmuenste/FullC0ntact,https://github.com/rmuenste/FullC0ntact
robinpipirs/UnrealEngine-Networked-Rocket-Simulator,https://github.com/robinpipirs/UnrealEngine-Networked-Rocket-Simulator
robot-perception-group/robust_deep_residual_blimp,https://github.com/robot-perception-group/robust_deep_residual_blimp
rockstorm101/GMAT,https://github.com/rockstorm101/GMAT
rogy-AquaLab/sinsei_UMIUSI_control,https://github.com/rogy-AquaLab/sinsei_UMIUSI_control
rohankumardubey/Ares-DB,https://github.com/rohankumardubey/Ares-DB
rohankumardubey/NVIDIA-thrust,https://github.com/rohankumardubey/NVIDIA-thrust
rohankumardubey/aresdb,https://github.com/rohankumardubey/aresdb
rohankumardubey/cupoch,https://github.com/rohankumardubey/cupoch
rohankumardubey/nvcomp,https://github.com/rohankumardubey/nvcomp
rohankumardubey/spark-xgboost,https://github.com/rohankumardubey/spark-xgboost
rohankumardubey/thrust,https://github.com/rohankumardubey/thrust
rohithkrn/rocm_caffe2,https://github.com/rohithkrn/rocm_caffe2
roice3/Gravitation3D,https://github.com/roice3/Gravitation3D
romanalexander/jedi-outcast,https://github.com/romanalexander/jedi-outcast
root-project/rootbench,https://github.com/root-project/rootbench
ros2cuda/cupoch-fat,https://github.com/ros2cuda/cupoch-fat
rosds/ScaRF,https://github.com/rosds/ScaRF
rotoye/px4_firmware_batmon,https://github.com/rotoye/px4_firmware_batmon
roubo/openGCS,https://github.com/roubo/openGCS
roy823/ShanHaiZhiZhan,https://github.com/roy823/ShanHaiZhiZhan
royfalk/vegastrike-code,https://github.com/royfalk/vegastrike-code
rroa/Asteroids,https://github.com/rroa/Asteroids
rsugimoto/SurfaceOnlyDeformables,https://github.com/rsugimoto/SurfaceOnlyDeformables
rtlopez/esp-fc,https://github.com/rtlopez/esp-fc
ruadapt/BGPQ,https://github.com/ruadapt/BGPQ
ruadapt/gpuheap,https://github.com/ruadapt/gpuheap
rucdatascience/CPU_GPU_project,https://github.com/rucdatascience/CPU_GPU_project
rucdatascience/GPU4HopHL_code,https://github.com/rucdatascience/GPU4HopHL_code
rushbgti/pytorch,https://github.com/rushbgti/pytorch
rusoziya/swarm_drones_formation_challenge,https://github.com/rusoziya/swarm_drones_formation_challenge
russellkosovsky/xp,https://github.com/russellkosovsky/xp
russkel/moos-ivp,https://github.com/russkel/moos-ivp
rwth-i6/i6_native_ops,https://github.com/rwth-i6/i6_native_ops
ryanjsims/warpgate,https://github.com/ryanjsims/warpgate
ryanstocks00/gpu_gemm,https://github.com/ryanstocks00/gpu_gemm
sPyOpenSource/armOS,https://github.com/sPyOpenSource/armOS
sachithkadamba/CocoaSampleCode,https://github.com/sachithkadamba/CocoaSampleCode
sadmankiba/parallel-computing,https://github.com/sadmankiba/parallel-computing
safemuv/atlas-fuzzing-master,https://github.com/safemuv/atlas-fuzzing-master
sagpant/OpenVSP,https://github.com/sagpant/OpenVSP
sagpant/pioneer,https://github.com/sagpant/pioneer
sagsango/linux-2.6.39,https://github.com/sagsango/linux-2.6.39
saltsystemslab/gallatin,https://github.com/saltsystemslab/gallatin
saltsystemslab/gpu-filters,https://github.com/saltsystemslab/gpu-filters
samannoy/TiltRotor,https://github.com/samannoy/TiltRotor
samdonnelly/autonomous-navigation,https://github.com/samdonnelly/autonomous-navigation
sammeepay/immortal-ro-renewal,https://github.com/sammeepay/immortal-ro-renewal
samuel0007/bernstein-gpu,https://github.com/samuel0007/bernstein-gpu
sanan222/aerostack-collision-free-path-planner,https://github.com/sanan222/aerostack-collision-free-path-planner
sanan222/aerostack-swarm-drone-traversal,https://github.com/sanan222/aerostack-swarm-drone-traversal
sandeep007734/SGXGauge-Benchmark,https://github.com/sandeep007734/SGXGauge-Benchmark
sandeepnmenon/gpu_datastructures,https://github.com/sandeepnmenon/gpu_datastructures
sandialabs/compadre,https://github.com/sandialabs/compadre
sandialabs/lgrtk,https://github.com/sandialabs/lgrtk
sandialabs/omega_h,https://github.com/sandialabs/omega_h
sandialabs/platoengine,https://github.com/sandialabs/platoengine
sangam11a/commander_px4,https://github.com/sangam11a/commander_px4
sangmichaelxie/doremi,https://github.com/sangmichaelxie/doremi
sankarmanoj/thrust2D,https://github.com/sankarmanoj/thrust2D
santiontanon/transballgl,https://github.com/santiontanon/transballgl
sarat-ravi/old-intersect,https://github.com/sarat-ravi/old-intersect
sarvex/multicore,https://github.com/sarvex/multicore
sash2104/library,https://github.com/sash2104/library
saurabhbajaj123/GNN_minibatch_vs_fullbatch,https://github.com/saurabhbajaj123/GNN_minibatch_vs_fullbatch
sawyermade/operating-systems,https://github.com/sawyermade/operating-systems
sbasami/UAV2024,https://github.com/sbasami/UAV2024
scarensac/SPlisHSPlasH_for_cuda,https://github.com/scarensac/SPlisHSPlasH_for_cuda
scfmh/lossysc,https://github.com/scfmh/lossysc
schefferac2020/PX4_geometric,https://github.com/schefferac2020/PX4_geometric
schencoding/gpu-graph-anns,https://github.com/schencoding/gpu-graph-anns
schuay/gpu_architectures_and_computing,https://github.com/schuay/gpu_architectures_and_computing
scicompuu/sesegpu,https://github.com/scicompuu/sesegpu
scirelli/testForDX7,https://github.com/scirelli/testForDX7
scizz/darkfire-old,https://github.com/scizz/darkfire-old
scott-cjx/UUVController-Software,https://github.com/scott-cjx/UUVController-Software
sean-chester/skycube-templates,https://github.com/sean-chester/skycube-templates
seative/practice,https://github.com/seative/practice
sebastianchavez/pandemic-ro-rathena,https://github.com/sebastianchavez/pandemic-ro-rathena
secdec-research/secdec,https://github.com/secdec-research/secdec
sekelle/octree-miniapp,https://github.com/sekelle/octree-miniapp
seleuco/imame4all,https://github.com/seleuco/imame4all
senicluxus/A3_Aegis_Public_Releases,https://github.com/senicluxus/A3_Aegis_Public_Releases
serbanilca/relion-3.1-relax,https://github.com/serbanilca/relion-3.1-relax
sergkonhar/Home-works-C-R_D,https://github.com/sergkonhar/Home-works-C-R_D
seung-lab/ZNNi,https://github.com/seung-lab/ZNNi
sevagh/Zen,https://github.com/sevagh/Zen
sezzyaep/Fatality.win-Source,https://github.com/sezzyaep/Fatality.win-Source
sfatahizadeh/CS_516_P02,https://github.com/sfatahizadeh/CS_516_P02
sgh8539/dntmdskdisk,https://github.com/sgh8539/dntmdskdisk
sh1ng/arboretum,https://github.com/sh1ng/arboretum
sheldonucr/GPU-GMRES,https://github.com/sheldonucr/GPU-GMRES
sheremat/freesurfer,https://github.com/sheremat/freesurfer
sherrywong1220/AMG2023-self-contained,https://github.com/sherrywong1220/AMG2023-self-contained
shicheng-ye/shicheng-ye.github.io,https://github.com/shicheng-ye/shicheng-ye.github.io
shihyu/jason_note,https://github.com/shihyu/jason_note
shilpitha-03/mpc,https://github.com/shilpitha-03/mpc
shivnshu/CS698O-VR,https://github.com/shivnshu/CS698O-VR
shixun404/cuSZ-Hi,https://github.com/shixun404/cuSZ-Hi
shreyshet/PX4-Autopilot-shrey,https://github.com/shreyshet/PX4-Autopilot-shrey
shupx/swarm_sync_sim,https://github.com/shupx/swarm_sync_sim
shwina/thrust_3Dheat,https://github.com/shwina/thrust_3Dheat
sidharth87/Transitive.Closure.GPU,https://github.com/sidharth87/Transitive.Closure.GPU
sighthoundinc/sampleTRT,https://github.com/sighthoundinc/sampleTRT
simX/d2x-xl,https://github.com/simX/d2x-xl
simoncblyth/env,https://github.com/simoncblyth/env
simoncblyth/opticks,https://github.com/simoncblyth/opticks
simondlevy/Hackflight,https://github.com/simondlevy/Hackflight
sintefmath/equelle,https://github.com/sintefmath/equelle
sioDev-WH/sio_Digital_Twin,https://github.com/sioDev-WH/sio_Digital_Twin
sitonmoon/Fluid-SPH-CUDA,https://github.com/sitonmoon/Fluid-SPH-CUDA
sixeight7/MIDI4.3,https://github.com/sixeight7/MIDI4.3
sjiang95/Pytorch1.1.0-cc2.x,https://github.com/sjiang95/Pytorch1.1.0-cc2.x
sjtuplayer/SuperSVG,https://github.com/sjtuplayer/SuperSVG
skiselkov/openfmc,https://github.com/skiselkov/openfmc
sksat/trochia,https://github.com/sksat/trochia
skybotix/ros_coax,https://github.com/skybotix/ros_coax
skylian/caffe-action,https://github.com/skylian/caffe-action
slash-design/pandaria_5.4.8,https://github.com/slash-design/pandaria_5.4.8
slowfranklin/synology-ds,https://github.com/slowfranklin/synology-ds
smaugmuds/_smaug_,https://github.com/smaugmuds/_smaug_
smcameron/space-nerds-in-space,https://github.com/smcameron/space-nerds-in-space
sminix/graphics-final,https://github.com/sminix/graphics-final
smithk200/ec,https://github.com/smithk200/ec
smokkedout/fatal,https://github.com/smokkedout/fatal
snalli/aerie,https://github.com/snalli/aerie
snap-research/unsupervised-volumetric-animation,https://github.com/snap-research/unsupervised-volumetric-animation
snuspl/nimble,https://github.com/snuspl/nimble
soarlab/Gklee,https://github.com/soarlab/Gklee
socrocket/emc2,https://github.com/socrocket/emc2
sol-eng/connect-roadshow,https://github.com/sol-eng/connect-roadshow
solace-10/Hexterminate,https://github.com/solace-10/Hexterminate
solemnsky/solemnsky,https://github.com/solemnsky/solemnsky
solokirrik/cudaTPM,https://github.com/solokirrik/cudaTPM
sonamkshenoy/Parallelized-Bloom-Filter,https://github.com/sonamkshenoy/Parallelized-Bloom-Filter
sonia-auv/proc_control_ros2,https://github.com/sonia-auv/proc_control_ros2
sonots/cumo,https://github.com/sonots/cumo
sony/nnabla-ext-cuda,https://github.com/sony/nnabla-ext-cuda
soso1729/rov_docker_system,https://github.com/soso1729/rov_docker_system
soumith/badmm.torch,https://github.com/soumith/badmm.torch
soumith/cunnsparse,https://github.com/soumith/cunnsparse
space-station-os/demo_sarj_power_generation,https://github.com/space-station-os/demo_sarj_power_generation
spaceape3001/yq-vulqan,https://github.com/spaceape3001/yq-vulqan
spacecraft-ai/GMAT-R2016a,https://github.com/spacecraft-ai/GMAT-R2016a
spatialdatasciencegroup/GPU-ColocationMininig,https://github.com/spatialdatasciencegroup/GPU-ColocationMininig
specs-feup/websites,https://github.com/specs-feup/websites
spencerfolk/wind_aware_ros,https://github.com/spencerfolk/wind_aware_ros
spetke/ardupilotold,https://github.com/spetke/ardupilotold
sphCow/cuMDNonAffine,https://github.com/sphCow/cuMDNonAffine
sphexa-org/sphexa,https://github.com/sphexa-org/sphexa
spikegpu/ParallelRCM,https://github.com/spikegpu/ParallelRCM
spikegpu/SaPLibrary,https://github.com/spikegpu/SaPLibrary
spikegpu/cuSparseApp,https://github.com/spikegpu/cuSparseApp
spiritedRunning/NcnnDsm,https://github.com/spiritedRunning/NcnnDsm
splxsg/ccminer,https://github.com/splxsg/ccminer
srlabib/Asteroids-Game,https://github.com/srlabib/Asteroids-Game
sshahin0/Image2Video,https://github.com/sshahin0/Image2Video
ssiu/cuda,https://github.com/ssiu/cuda
ssqiao/DHH,https://github.com/ssqiao/DHH
sstokic-tgm/Gladiatorcheatz-v2,https://github.com/sstokic-tgm/Gladiatorcheatz-v2
st-tech/ppf-contact-solver,https://github.com/st-tech/ppf-contact-solver
starmoth/starmoth,https://github.com/starmoth/starmoth
statphysandml/MCMCSimulationLib,https://github.com/statphysandml/MCMCSimulationLib
statphysandml/ODEVisualization,https://github.com/statphysandml/ODEVisualization
steadymingha/cppSat,https://github.com/steadymingha/cppSat
stefanludlow/OpenRPI,https://github.com/stefanludlow/OpenRPI
stochasticHydroTools/LanczosAlgorithm,https://github.com/stochasticHydroTools/LanczosAlgorithm
stochasticHydroTools/libMobility,https://github.com/stochasticHydroTools/libMobility
stotko/stdgpu,https://github.com/stotko/stdgpu
stubhohm/PlaneControlSystem,https://github.com/stubhohm/PlaneControlSystem
stumposs/flightgear-2.8.0-teamboeing,https://github.com/stumposs/flightgear-2.8.0-teamboeing
su2code/SU2_EDU,https://github.com/su2code/SU2_EDU
suancong/qiskit-aer,https://github.com/suancong/qiskit-aer
subCULTron-project/ROS-simulator,https://github.com/subCULTron-project/ROS-simulator
sugata-daiki/seminar_for_cuda_molecular_dynamics_developers,https://github.com/sugata-daiki/seminar_for_cuda_molecular_dynamics_developers
sugikazu75/delta_demos,https://github.com/sugikazu75/delta_demos
sulcgroup/alloassembly,https://github.com/sulcgroup/alloassembly
sulcgroup/anm-oxdna,https://github.com/sulcgroup/anm-oxdna
sulcgroup/crowderoxdna,https://github.com/sulcgroup/crowderoxdna
sulcgroup/satassembly-pyrochlore,https://github.com/sulcgroup/satassembly-pyrochlore
sunnakh/mlearning,https://github.com/sunnakh/mlearning
superQCman/Chiplet_Heterogeneous_newVersion,https://github.com/superQCman/Chiplet_Heterogeneous_newVersion
superQCman/Resnet_simulation,https://github.com/superQCman/Resnet_simulation
superQCman/pytorch-gpgpusim,https://github.com/superQCman/pytorch-gpgpusim
superboubek/Broxy,https://github.com/superboubek/Broxy
superboySB/agile_autonomy_ws,https://github.com/superboySB/agile_autonomy_ws
superxjm/GlobalNonrigidRegistration,https://github.com/superxjm/GlobalNonrigidRegistration
superxjm/xObjRecon,https://github.com/superxjm/xObjRecon
surfii3z/drone_controller,https://github.com/surfii3z/drone_controller
susieqt/pokeppg,https://github.com/susieqt/pokeppg
sveinuah/prosjektoppgave,https://github.com/sveinuah/prosjektoppgave
sverling/qgc_asl,https://github.com/sverling/qgc_asl
svn2github/fs2open,https://github.com/svn2github/fs2open
svn2github/qmcpack,https://github.com/svn2github/qmcpack
swiftomkar/seneca-fast26-pytorch,https://github.com/swiftomkar/seneca-fast26-pytorch
syndicatefilms/rooper,https://github.com/syndicatefilms/rooper
szahid86/GenerativeFaceCompletion_Windows,https://github.com/szahid86/GenerativeFaceCompletion_Windows
szymon-zygula/k-means-clustering,https://github.com/szymon-zygula/k-means-clustering
t-imm/rov-simulator,https://github.com/t-imm/rov-simulator
t3knomanzer/maxmix-software,https://github.com/t3knomanzer/maxmix-software
tai-ai/kartal,https://github.com/tai-ai/kartal
tail-island/try-cuda,https://github.com/tail-island/try-cuda
takagi/cython-thrust,https://github.com/takagi/cython-thrust
takhashimoton/AL-PX4,https://github.com/takhashimoton/AL-PX4
takhashimoton/PX4-practice,https://github.com/takhashimoton/PX4-practice
takoyakiwhite/Saint-Cheats,https://github.com/takoyakiwhite/Saint-Cheats
taksan/Arduino-Lab,https://github.com/taksan/Arduino-Lab
tanhai1302/Inventory-Management,https://github.com/tanhai1302/Inventory-Management
tastest/CMS2,https://github.com/tastest/CMS2
tatfook/ParaCraftMobile,https://github.com/tatfook/ParaCraftMobile
tbh111/Vision-Aided-Navigation-System,https://github.com/tbh111/Vision-Aided-Navigation-System
tchedrace/particles-Simulation-with-Cuda-Based-programming-language-,https://github.com/tchedrace/particles-Simulation-with-Cuda-Based-programming-language-
tdelame/Graphics-Origin,https://github.com/tdelame/Graphics-Origin
tdudleyschool/SIM_SATELLITE,https://github.com/tdudleyschool/SIM_SATELLITE
team-eternity/eternity,https://github.com/team-eternity/eternity
team1868/frc2019,https://github.com/team1868/frc2019
tecracoin/ccminer,https://github.com/tecracoin/ccminer
tegami-lpr/vasfmc,https://github.com/tegami-lpr/vasfmc
tejash05/SafeClick,https://github.com/tejash05/SafeClick
tengdj/FARM,https://github.com/tengdj/FARM
terabyte101/TeraCore,https://github.com/terabyte101/TeraCore
termoshtt/cujak,https://github.com/termoshtt/cujak
tgma-engineering/3D-Drone-Simulation,https://github.com/tgma-engineering/3D-Drone-Simulation
thanhhaibk96/mavros_qgc,https://github.com/thanhhaibk96/mavros_qgc
the-big-mt/SugarBombEngine,https://github.com/the-big-mt/SugarBombEngine
the-martian-trajectory-app/trajectory,https://github.com/the-martian-trajectory-app/trajectory
theKlanc/Z5,https://github.com/theKlanc/Z5
theLongLab/CATE,https://github.com/theLongLab/CATE
thebestcoin/ccminer,https://github.com/thebestcoin/ccminer
thecatinbed/SUPER_ws,https://github.com/thecatinbed/SUPER_ws
thee0ccult/A-Nights-Haunting-Source-MOD,https://github.com/thee0ccult/A-Nights-Haunting-Source-MOD
therealKyp/Earth-and-Beyond-server,https://github.com/therealKyp/Earth-and-Beyond-server
thesiddharth/dpsvm,https://github.com/thesiddharth/dpsvm
thibautvdu/Active-projection-mapping-on-clothing,https://github.com/thibautvdu/Active-projection-mapping-on-clothing
thisistejaspandey/CodersStrikeBack,https://github.com/thisistejaspandey/CodersStrikeBack
thoelze1/neural-net-cuda,https://github.com/thoelze1/neural-net-cuda
thomas-gale/advent-of-code,https://github.com/thomas-gale/advent-of-code
thomasantony/enjomitch-orbiter,https://github.com/thomasantony/enjomitch-orbiter
thomasgubler/qgroundcontrol_ubuntu,https://github.com/thomasgubler/qgroundcontrol_ubuntu
thu-scc/relion,https://github.com/thu-scc/relion
thu-uav/benchmark_sb_min_time,https://github.com/thu-uav/benchmark_sb_min_time
thunlp/APB,https://github.com/thunlp/APB
tianqi-wang1996/DeepRobustDroneRacing,https://github.com/tianqi-wang1996/DeepRobustDroneRacing
tianxiaofan/CommHelper,https://github.com/tianxiaofan/CommHelper
tianyibigdata/gofmm_swig_python,https://github.com/tianyibigdata/gofmm_swig_python
tianzhi0549/pytorch_tf_upsampling,https://github.com/tianzhi0549/pytorch_tf_upsampling
tidewise/simulation-gazebo_usv,https://github.com/tidewise/simulation-gazebo_usv
tier4/autoware.universe_tmp-agnocast,https://github.com/tier4/autoware.universe_tmp-agnocast
tierChampion/LightTransportSimulation,https://github.com/tierChampion/LightTransportSimulation
tiiuae/PX4-Autopilot-stock,https://github.com/tiiuae/PX4-Autopilot-stock
tim108108/PG,https://github.com/tim108108/PG
tipeXwins/PipeLLMine,https://github.com/tipeXwins/PipeLLMine
tjohnson31415/Quantum-Simulations-Course,https://github.com/tjohnson31415/Quantum-Simulations-Course
tkgunji/linux-cortexm-1.12.0-dev,https://github.com/tkgunji/linux-cortexm-1.12.0-dev
tlupes/openmwproj,https://github.com/tlupes/openmwproj
tmacattank/gcopter_homework,https://github.com/tmacattank/gcopter_homework
tmbeardsley/clfts_gpu,https://github.com/tmbeardsley/clfts_gpu
tneck/marian-nmt-distributed,https://github.com/tneck/marian-nmt-distributed
to-aoki/bitsandbytes,https://github.com/to-aoki/bitsandbytes
tokusakurai/Library,https://github.com/tokusakurai/Library
tomashorst/CUDA,https://github.com/tomashorst/CUDA
tommoa/ozgrav-research,https://github.com/tommoa/ozgrav-research
tompickering/exodus,https://github.com/tompickering/exodus
tomtomjhj/gCurve2D,https://github.com/tomtomjhj/gCurve2D
tony-space/WingSimulator,https://github.com/tony-space/WingSimulator
toppers/hakoniwa-ros2pdu,https://github.com/toppers/hakoniwa-ros2pdu
torch/DEPRECEATED-torch7-distro,https://github.com/torch/DEPRECEATED-torch7-distro
torch/cunn,https://github.com/torch/cunn
toziki/GPU4GST,https://github.com/toziki/GPU4GST
toziki/GPUGST,https://github.com/toziki/GPUGST
tpn/cuda,https://github.com/tpn/cuda
tpn/cuda-samples,https://github.com/tpn/cuda-samples
tpys/face-recognition-caffe2,https://github.com/tpys/face-recognition-caffe2
trapexit/3do-star-control-2,https://github.com/trapexit/3do-star-control-2
trieck/pixienn,https://github.com/trieck/pixienn
tronty/CPPEngine,https://github.com/tronty/CPPEngine
trumank/drg-mods,https://github.com/trumank/drg-mods
trungdungit/qgroundcontrol,https://github.com/trungdungit/qgroundcontrol
try918925/Field_Bridge_Code,https://github.com/try918925/Field_Bridge_Code
tsandmann/arm-toolchain-linux,https://github.com/tsandmann/arm-toolchain-linux
tsandmann/arm-toolchain-mac,https://github.com/tsandmann/arm-toolchain-mac
tsaoyu/ORCA_advance_control,https://github.com/tsaoyu/ORCA_advance_control
tschmidt23/NDTensor,https://github.com/tschmidt23/NDTensor
tsender/auv_gnc,https://github.com/tsender/auv_gnc
tsiv/ccminer-cryptonight,https://github.com/tsiv/ccminer-cryptonight
tsmarques/dune,https://github.com/tsmarques/dune
tstellar/cs510fly,https://github.com/tstellar/cs510fly
ttssrr423/qwenBatchInference,https://github.com/ttssrr423/qwenBatchInference
tttapa/BaremetalImproved,https://github.com/tttapa/BaremetalImproved
tudelft/AvoidBench,https://github.com/tudelft/AvoidBench
tudelft/radar_nav,https://github.com/tudelft/radar_nav
tum-vision/prost,https://github.com/tum-vision/prost
tuntpavee/px4_vector_rotation,https://github.com/tuntpavee/px4_vector_rotation
turbotage/HastyCompute,https://github.com/turbotage/HastyCompute
tusen-ai/simpledet,https://github.com/tusen-ai/simpledet
tuxxi/OpenBurn-old,https://github.com/tuxxi/OpenBurn-old
tweska/cern-ssp,https://github.com/tweska/cern-ssp
twist84/ManagedDonkey,https://github.com/twist84/ManagedDonkey
twuebker/gpu-praktikum,https://github.com/twuebker/gpu-praktikum
tyabus/heretic-dos,https://github.com/tyabus/heretic-dos
tyabus/source-sdk-2013-multiplayer-fixes,https://github.com/tyabus/source-sdk-2013-multiplayer-fixes
tyanyuy3125/elaina,https://github.com/tyanyuy3125/elaina
tylergenter/pytorch,https://github.com/tylergenter/pytorch
tyukei/StampFly,https://github.com/tyukei/StampFly
uber/aresdb,https://github.com/uber/aresdb
ucbrise/piranha,https://github.com/ucbrise/piranha
ucsb-coast-lab/moos-ivp-ucsb,https://github.com/ucsb-coast-lab/moos-ivp-ucsb
ucsb-coast-lab/rcProto-MOOS-master,https://github.com/ucsb-coast-lab/rcProto-MOOS-master
ud1/cellWars,https://github.com/ud1/cellWars
uga-ssrl/SSRLCV,https://github.com/uga-ssrl/SSRLCV
ugcs/Ardupilot,https://github.com/ugcs/Ardupilot
ugly-kid-af/kernel_xiaomi_sm6150,https://github.com/ugly-kid-af/kernel_xiaomi_sm6150
ukri-bench/benchmark-dolfinx,https://github.com/ukri-bench/benchmark-dolfinx
uksf/air,https://github.com/uksf/air
uksf/f35,https://github.com/uksf/f35
uksf/modpack,https://github.com/uksf/modpack
undefined-darkness/open-horizon,https://github.com/undefined-darkness/open-horizon
unknownworlds/NS,https://github.com/unknownworlds/NS
unl-nimbus-lab/phys,https://github.com/unl-nimbus-lab/phys
unvirtual/cukd,https://github.com/unvirtual/cukd
uos/lvr2,https://github.com/uos/lvr2
upsj/ginkgo-bot-playground,https://github.com/upsj/ginkgo-bot-playground
ureternalreward/magnetic-force,https://github.com/ureternalreward/magnetic-force
uri-ocean-robotics/mvp_control,https://github.com/uri-ocean-robotics/mvp_control
usbong/documentation,https://github.com/usbong/documentation
usbong/palaka,https://github.com/usbong/palaka
ut-padas/pyrknn,https://github.com/ut-padas/pyrknn
utaresearch/gMicroMC,https://github.com/utaresearch/gMicroMC
utastudents/jsbsimedit,https://github.com/utastudents/jsbsimedit
uuudown/Tartan,https://github.com/uuudown/Tartan
uwsampl/pytorch,https://github.com/uwsampl/pytorch
uwsbel/Thrust-test,https://github.com/uwsbel/Thrust-test
uwsbel/sbel-reproducibility,https://github.com/uwsbel/sbel-reproducibility
uysalere/ggks-multiSelect,https://github.com/uysalere/ggks-multiSelect
uzh-rpg/VAPAR,https://github.com/uzh-rpg/VAPAR
uzh-rpg/flightmare,https://github.com/uzh-rpg/flightmare
uzh-rpg/sb_min_time_quadrotor_planning,https://github.com/uzh-rpg/sb_min_time_quadrotor_planning
uzh-rpg/sim2real_drone_racing,https://github.com/uzh-rpg/sim2real_drone_racing
v21k93/PVPCore,https://github.com/v21k93/PVPCore
v2v3v4/BigWorld-Engine-2.0.1,https://github.com/v2v3v4/BigWorld-Engine-2.0.1
vadhri/cps-notebook,https://github.com/vadhri/cps-notebook
vaisakh-sudheesh/comp-hash_workspace,https://github.com/vaisakh-sudheesh/comp-hash_workspace
valentina-moretti/Nbody,https://github.com/valentina-moretti/Nbody
valina354/Source-Revitalize-OLD,https://github.com/valina354/Source-Revitalize-OLD
vampirot800/Proyecto-Orientado-a-Objetos,https://github.com/vampirot800/Proyecto-Orientado-a-Objetos
vanttec/sensors,https://github.com/vanttec/sensors
vanttec/usv_libs,https://github.com/vanttec/usv_libs
varilsuhad/AMGX,https://github.com/varilsuhad/AMGX
vascokk/NumEr,https://github.com/vascokk/NumEr
vblm12/emeraldqol,https://github.com/vblm12/emeraldqol
venediklee/School,https://github.com/venediklee/School
vertcoin-project/vertminer-nvidia,https://github.com/vertcoin-project/vertminer-nvidia
viannaandreBR/My-Data-Science-Journey,https://github.com/viannaandreBR/My-Data-Science-Journey
vidriotech/realtime,https://github.com/vidriotech/realtime
virtualrobotix/vrbrain_nuttx,https://github.com/virtualrobotix/vrbrain_nuttx
visinf/dpp,https://github.com/visinf/dpp
visit-dav/visit-deps,https://github.com/visit-dav/visit-deps
viswans2132/drone_controller,https://github.com/viswans2132/drone_controller
vitalight/Velvet,https://github.com/vitalight/Velvet
vivekvenkris/SMIRFsoup,https://github.com/vivekvenkris/SMIRFsoup
vivym/cuda-playground-legacy,https://github.com/vivym/cuda-playground-legacy
vivym/cuda-playground_legacy,https://github.com/vivym/cuda-playground_legacy
vivz753/CS134HW,https://github.com/vivz753/CS134HW
voidiii/CUDA_Sample_fuild_simulation,https://github.com/voidiii/CUDA_Sample_fuild_simulation
vpareek2/GraphZero,https://github.com/vpareek2/GraphZero
vs-shirokii/gzdoom-rt,https://github.com/vs-shirokii/gzdoom-rt
vxj9800/quad_gnc,https://github.com/vxj9800/quad_gnc
wabuilderman/EthosEngine,https://github.com/wabuilderman/EthosEngine
waddellt15/badgerboat,https://github.com/waddellt15/badgerboat
waliwali777/Paddle,https://github.com/waliwali777/Paddle
walkacross/pytorch-libtorch-API-translation,https://github.com/walkacross/pytorch-libtorch-API-translation
wallabra/k8vavoom,https://github.com/wallabra/k8vavoom
wang-ruifan/Road-sweeper,https://github.com/wang-ruifan/Road-sweeper
wangdm/dlib-tutorial,https://github.com/wangdm/dlib-tutorial
wasn-lab/Taillight_Recognition_with_VGG16-WaveNet,https://github.com/wasn-lab/Taillight_Recognition_with_VGG16-WaveNet
watakandai/px4_fslqr_controller,https://github.com/watakandai/px4_fslqr_controller
weiguangzhao/BFANet,https://github.com/weiguangzhao/BFANet
weih2/vi_independent_sampler,https://github.com/weih2/vi_independent_sampler
weimin023/testcuda,https://github.com/weimin023/testcuda
weisluke/ncc,https://github.com/weisluke/ncc
weissenberger/multians,https://github.com/weissenberger/multians
welder1976/wowshadow,https://github.com/welder1976/wowshadow
wenlin-koh/Spectral-Clustering---CUDA-C,https://github.com/wenlin-koh/Spectral-Clustering---CUDA-C
wep21/ndt_cuda,https://github.com/wep21/ndt_cuda
wesolowskip/mgr-parser,https://github.com/wesolowskip/mgr-parser
wh2per/AlgoCar_2020,https://github.com/wh2per/AlgoCar_2020
wheaney/XRLinuxDriver,https://github.com/wheaney/XRLinuxDriver
wheelos/apollo-lite,https://github.com/wheelos/apollo-lite
williamnourse/SNS-Toolbox,https://github.com/williamnourse/SNS-Toolbox
winni2k/GLPhase,https://github.com/winni2k/GLPhase
wlandau/gpu,https://github.com/wlandau/gpu
wntrsnw130/QC-final-project,https://github.com/wntrsnw130/QC-final-project
woAIxuexiSR/HashGrid,https://github.com/woAIxuexiSR/HashGrid
wopeizl/frcnn-caffe,https://github.com/wopeizl/frcnn-caffe
wpfhtl/octocopter,https://github.com/wpfhtl/octocopter
wpybtw/skywalker_artifact,https://github.com/wpybtw/skywalker_artifact
wqren/doppia,https://github.com/wqren/doppia
wu6u3/cugraph,https://github.com/wu6u3/cugraph
wuminqaq/HSMU-SpGEMM,https://github.com/wuminqaq/HSMU-SpGEMM
wuminye/bg-triangle,https://github.com/wuminye/bg-triangle
wuwushrek/AirSim,https://github.com/wuwushrek/AirSim
wybosys/nnt,https://github.com/wybosys/nnt
xTayEx/CudaRaytracer,https://github.com/xTayEx/CudaRaytracer
xajhab/hpmpc-cinephoto,https://github.com/xajhab/hpmpc-cinephoto
xavieran/BaKGL,https://github.com/xavieran/BaKGL
xcheng85/cpp-prep,https://github.com/xcheng85/cpp-prep
xcwork/Monthly_Reading,https://github.com/xcwork/Monthly_Reading
xforcevesa/pytorch-riscv64-oe24,https://github.com/xforcevesa/pytorch-riscv64-oe24
xialuxi/arcface-caffe,https://github.com/xialuxi/arcface-caffe
xiaohaoliu/PX4,https://github.com/xiaohaoliu/PX4
xiaohaoo/Yolo_TensorRT,https://github.com/xiaohaoo/Yolo_TensorRT
xiaolin1579/radiator,https://github.com/xiaolin1579/radiator
xiaolonw/caffe-3dnormal_joint_past,https://github.com/xiaolonw/caffe-3dnormal_joint_past
xiaolonw/caffe-3dnormal_joint_pose,https://github.com/xiaolonw/caffe-3dnormal_joint_pose
xiaoxiaoyu1872/PostMPS,https://github.com/xiaoxiaoyu1872/PostMPS
xilinnancheng/numerical_optimization,https://github.com/xilinnancheng/numerical_optimization
xingarkdev/ARK,https://github.com/xingarkdev/ARK
xinglin-yu/AirsimSimulation,https://github.com/xinglin-yu/AirsimSimulation
xingyousong/GPU-Sparse-Matrix-Multiply-CS-267,https://github.com/xingyousong/GPU-Sparse-Matrix-Multiply-CS-267
xishansnow/NeuroCity,https://github.com/xishansnow/NeuroCity
xkp95175333/Off-the-Grid-SDK,https://github.com/xkp95175333/Off-the-Grid-SDK
xman1024/vpic_gpu,https://github.com/xman1024/vpic_gpu
xmba15/ransac_lines_fitting_gpu,https://github.com/xmba15/ransac_lines_fitting_gpu
xn1997/TensorRT-EinsumPlugin,https://github.com/xn1997/TensorRT-EinsumPlugin
xparq/Out_of_Nothing,https://github.com/xparq/Out_of_Nothing
xrLil-Batya/X-RAY-SDK,https://github.com/xrLil-Batya/X-RAY-SDK
xtong-zhang/Chain-of-Focus,https://github.com/xtong-zhang/Chain-of-Focus
xtrymind/kernel_xiaomi_ginkgo,https://github.com/xtrymind/kernel_xiaomi_ginkgo
xuezy-mmi/SSpMM,https://github.com/xuezy-mmi/SSpMM
xuhao1/firmware_heli,https://github.com/xuhao1/firmware_heli
xuyanwen2012/redwood-rt,https://github.com/xuyanwen2012/redwood-rt
xyzPlanB/Scarlet_wayne,https://github.com/xyzPlanB/Scarlet_wayne
yabanbingliang/mobile_robot_planning,https://github.com/yabanbingliang/mobile_robot_planning
yalue/rocm_pytorch,https://github.com/yalue/rocm_pytorch
yanedwar/ACC-Repository2,https://github.com/yanedwar/ACC-Repository2
yanedwar/PX4_SITL_664,https://github.com/yanedwar/PX4_SITL_664
yanedwar/fix_PX4,https://github.com/yanedwar/fix_PX4
yanedwar/sitl_gazebo-for-PX4,https://github.com/yanedwar/sitl_gazebo-for-PX4
yanedwar/test_repo,https://github.com/yanedwar/test_repo
yangqoor/Public,https://github.com/yangqoor/Public
yanyong666/pcl-1.10.1,https://github.com/yanyong666/pcl-1.10.1
yarikoptic/freesurfer-demo,https://github.com/yarikoptic/freesurfer-demo
yasahi-hpc/P3-miniapps,https://github.com/yasahi-hpc/P3-miniapps
yasahi-hpc/pp-EnKF,https://github.com/yasahi-hpc/pp-EnKF
yash27agarwal/PX4_TVC,https://github.com/yash27agarwal/PX4_TVC
yatorho/SC24_ADE,https://github.com/yatorho/SC24_ADE
yatto/Smartpad-810c-Kernel-3.0.8,https://github.com/yatto/Smartpad-810c-Kernel-3.0.8
ycjuan/ycj-blog-code,https://github.com/ycjuan/ycj-blog-code
yekebit/ChatCoach,https://github.com/yekebit/ChatCoach
yibotongxue/my-tensor,https://github.com/yibotongxue/my-tensor
yida/coax,https://github.com/yida/coax
yinqiwen/lmsf,https://github.com/yinqiwen/lmsf
yinyunie/ScenePriors,https://github.com/yinyunie/ScenePriors
yixu34/Mastrix,https://github.com/yixu34/Mastrix
ymaxgit/pytorch,https://github.com/ymaxgit/pytorch
ynakka/catkin_ws_mstar,https://github.com/ynakka/catkin_ws_mstar
yogi-tud/Amethyst,https://github.com/yogi-tud/Amethyst
yogi-tud/space_gpu,https://github.com/yogi-tud/space_gpu
yongsheng268/rapidsai-cuml,https://github.com/yongsheng268/rapidsai-cuml
yonlu/crokro-4th,https://github.com/yonlu/crokro-4th
yooodleee/Hello-CUDA,https://github.com/yooodleee/Hello-CUDA
ysl1016/cuda_iris_classification,https://github.com/ysl1016/cuda_iris_classification
ytkend/compressive-holography-cuda,https://github.com/ytkend/compressive-holography-cuda
ytl001/PX4broadcast,https://github.com/ytl001/PX4broadcast
yucedagonurcan/PointCloudCUDAOps,https://github.com/yucedagonurcan/PointCloudCUDAOps
yuhc/ava-pytorch,https://github.com/yuhc/ava-pytorch
yuj-umd/fastsc,https://github.com/yuj-umd/fastsc
yunke120/qt-python,https://github.com/yunke120/qt-python
yuqj1991/face,https://github.com/yuqj1991/face
yusufborham/Giuletta,https://github.com/yusufborham/Giuletta
yuxianzhi/Top-K,https://github.com/yuxianzhi/Top-K
yyoung213/pythonpracticelog,https://github.com/yyoung213/pythonpracticelog
z-prize/2022-entries,https://github.com/z-prize/2022-entries
zH4x-SDK/zAstroneer-SDK,https://github.com/zH4x-SDK/zAstroneer-SDK
zTerragor/vSLDB,https://github.com/zTerragor/vSLDB
zach007james/agapeML,https://github.com/zach007james/agapeML
zachlatta/jedi-academy,https://github.com/zachlatta/jedi-academy
zainryan/EISC,https://github.com/zainryan/EISC
zainryan/INSIDER-System,https://github.com/zainryan/INSIDER-System
zainryan/Insider-multiapp,https://github.com/zainryan/Insider-multiapp
zdevito/ATen,https://github.com/zdevito/ATen
zdh1995/px4_flap,https://github.com/zdh1995/px4_flap
zdlarr/SAILOR,https://github.com/zdlarr/SAILOR
zedr0n/ccminer-alexis,https://github.com/zedr0n/ccminer-alexis
zeesherman/MutualDipole,https://github.com/zeesherman/MutualDipole
zenustech/zpc,https://github.com/zenustech/zpc
zeroli/pytorch-0.1.1-annotation,https://github.com/zeroli/pytorch-0.1.1-annotation
zeroli/thrust-1.0.0-annotated,https://github.com/zeroli/thrust-1.0.0-annotated
zeroli/thrust-cuda-11.6-annotation,https://github.com/zeroli/thrust-cuda-11.6-annotation
zhang1992wen1023/pvanet-caffe-windows,https://github.com/zhang1992wen1023/pvanet-caffe-windows
zhangbaozhe/docker_tut,https://github.com/zhangbaozhe/docker_tut
zhanggefan/mmdet3d-gaussian,https://github.com/zhanggefan/mmdet3d-gaussian
zhangjianting/curtree,https://github.com/zhangjianting/curtree
zhangxaochen/CuFusion,https://github.com/zhangxaochen/CuFusion
zhejiang-university-robotics-institute/UAV-PX4_Firmware,https://github.com/zhejiang-university-robotics-institute/UAV-PX4_Firmware
zhenweilin/ConstrainedGBM,https://github.com/zhenweilin/ConstrainedGBM
zhijie-yan/dataProcess,https://github.com/zhijie-yan/dataProcess
zhiqi-0/RDMA-MXNet-ps-lite,https://github.com/zhiqi-0/RDMA-MXNet-ps-lite
zhongshp/Co-LRIO,https://github.com/zhongshp/Co-LRIO
zhou13/gOSPREY,https://github.com/zhou13/gOSPREY
zhoutianzi666/HomeWork,https://github.com/zhoutianzi666/HomeWork
zhouxian/FluidLab,https://github.com/zhouxian/FluidLab
zhujiang73/pytorch_mingw,https://github.com/zhujiang73/pytorch_mingw
zhuyh1223/IPDA,https://github.com/zhuyh1223/IPDA
zichongc/CIFSPH-FluidSimulation,https://github.com/zichongc/CIFSPH-FluidSimulation
ziggi/FCNPC,https://github.com/ziggi/FCNPC
zihay/diff-wos,https://github.com/zihay/diff-wos
zionmultiplayer/Client,https://github.com/zionmultiplayer/Client
zitengzela/Legends-of-Azeroth-Pandaria-5.4.8,https://github.com/zitengzela/Legends-of-Azeroth-Pandaria-5.4.8
ziyuhuang123/dataflow_code,https://github.com/ziyuhuang123/dataflow_code
ziyuhuang123/tma_reduce_bug,https://github.com/ziyuhuang123/tma_reduce_bug
zj463261929/caffe2_old,https://github.com/zj463261929/caffe2_old
zjin-lcf/HeCBench,https://github.com/zjin-lcf/HeCBench
zju3dv/SMAP,https://github.com/zju3dv/SMAP
zju3dv/mlp_maps,https://github.com/zju3dv/mlp_maps
zjuchenwei/vector-line-quantization,https://github.com/zjuchenwei/vector-line-quantization
zld3002/airsim,https://github.com/zld3002/airsim
zlwu92/gHyPart_TACO,https://github.com/zlwu92/gHyPart_TACO
zmxiaoj/PX4-Autopilot,https://github.com/zmxiaoj/PX4-Autopilot
zodttd/mame4iphone-private,https://github.com/zodttd/mame4iphone-private
zpzim/STOMPSelfJoin,https://github.com/zpzim/STOMPSelfJoin
zspace/system.cuda-12.6,https://github.com/zspace/system.cuda-12.6
zw2497/Linux-VMinspector,https://github.com/zw2497/Linux-VMinspector
zw2497/Linux-Weight-Round-Robin-scheduler,https://github.com/zw2497/Linux-Weight-Round-Robin-scheduler
zyunlam/telemega-notes,https://github.com/zyunlam/telemega-notes
zzheng33/benchmark,https://github.com/zzheng33/benchmark
zzk0/mindspore,https://github.com/zzk0/mindspore
zzt93/learn_cuda,https://github.com/zzt93/learn_cuda
