repository,file_path,extension,size_bytes,total_thrust,nvidia_apis,thrust_patterns
ROCm/rocm-libraries,projects/rocthrust/testing/partition.cu,.cu,46207,1127,116,"{'thrust::': 490, '#include\\s*<thrust/': 7, 'thrust\\s*::\\s*\\w+': 490, 'device_vector\\s*<': 78, 'host_vector\\s*<': 62}"
ROCm/rocm-libraries,projects/rocthrust/thrust/binary_search.h,.h,82094,724,0,"{'thrust::': 292, '#include\\s*<thrust/': 88, 'thrust\\s*::\\s*\\w+': 292, 'device_vector\\s*<': 52}"
ROCm/rocm-libraries,projects/rocthrust/testing/transform.cu,.cu,24120,482,61,"{'thrust::': 205, '#include\\s*<thrust/': 8, 'thrust\\s*::\\s*\\w+': 205, 'device_vector\\s*<': 37, 'host_vector\\s*<': 27}"
ROCm/rocm-libraries,projects/rocthrust/testing/copy.cu,.cu,22065,425,26,"{'thrust::': 173, '#include\\s*<thrust/': 10, 'thrust\\s*::\\s*\\w+': 173, 'device_vector\\s*<': 38, 'host_vector\\s*<': 31}"
ROCm/rocm-libraries,projects/rocthrust/testing/complex.cu,.cu,26405,415,0,"{'thrust::': 198, '#include\\s*<thrust/': 2, 'thrust\\s*::\\s*\\w+': 198, 'device_vector\\s*<': 1, 'host_vector\\s*<': 16}"
ROCm/rocm-libraries,projects/rocthrust/testing/async_reduce.cu,.cu,37165,399,12,"{'thrust::': 185, '#include\\s*<thrust/': 1, 'thrust\\s*::\\s*\\w+': 185, 'device_vector\\s*<': 18, 'host_vector\\s*<': 10}"
ROCm/rocm-libraries,projects/rocthrust/testing/scan.cu,.cu,25863,361,39,"{'thrust::': 155, '#include\\s*<thrust/': 8, 'thrust\\s*::\\s*\\w+': 155, 'device_vector\\s*<': 26, 'host_vector\\s*<': 17}"
ROCm/rocm-libraries,projects/rocthrust/testing/unique_by_key.cu,.cu,18717,361,30,"{'thrust::': 153, '#include\\s*<thrust/': 4, 'thrust\\s*::\\s*\\w+': 153, 'device_vector\\s*<': 28, 'host_vector\\s*<': 23}"
ROCm/rocm-libraries,projects/rocthrust/testing/remove.cu,.cu,18085,352,22,"{'thrust::': 149, '#include\\s*<thrust/': 6, 'thrust\\s*::\\s*\\w+': 149, 'device_vector\\s*<': 30, 'host_vector\\s*<': 18}"
ROCm/rocm-libraries,projects/rocthrust/testing/transform_scan.cu,.cu,14475,307,43,"{'thrust::': 139, '#include\\s*<thrust/': 6, 'thrust\\s*::\\s*\\w+': 139, 'device_vector\\s*<': 15, 'host_vector\\s*<': 8}"
NVIDIA/cccl,thrust/testing/partition.cu,.cu,45315,1114,110,"{'thrust::': 484, '#include\\s*<thrust/': 6, 'thrust\\s*::\\s*\\w+': 484, 'device_vector\\s*<': 78, 'host_vector\\s*<': 62}"
NVIDIA/cccl,thrust/thrust/binary_search.h,.h,82136,616,0,"{'thrust::': 238, '#include\\s*<thrust/': 88, 'thrust\\s*::\\s*\\w+': 238, 'device_vector\\s*<': 52}"
NVIDIA/cccl,thrust/testing/catch2_test_transform.cu,.cu,22263,457,66,"{'thrust::': 193, '#include\\s*<thrust/': 7, 'thrust\\s*::\\s*\\w+': 193, 'device_vector\\s*<': 37, 'host_vector\\s*<': 27}"
NVIDIA/cccl,thrust/testing/copy.cu,.cu,21802,403,16,"{'thrust::': 162, '#include\\s*<thrust/': 10, 'thrust\\s*::\\s*\\w+': 162, 'device_vector\\s*<': 38, 'host_vector\\s*<': 31}"
NVIDIA/cccl,thrust/testing/complex.cu,.cu,25539,415,0,"{'thrust::': 198, '#include\\s*<thrust/': 2, 'thrust\\s*::\\s*\\w+': 198, 'device_vector\\s*<': 1, 'host_vector\\s*<': 16}"
NVIDIA/cccl,thrust/testing/scan.cu,.cu,24640,347,39,"{'thrust::': 148, '#include\\s*<thrust/': 8, 'thrust\\s*::\\s*\\w+': 148, 'device_vector\\s*<': 26, 'host_vector\\s*<': 17}"
NVIDIA/cccl,thrust/testing/unique_by_key.cu,.cu,18025,353,30,"{'thrust::': 149, '#include\\s*<thrust/': 4, 'thrust\\s*::\\s*\\w+': 149, 'device_vector\\s*<': 28, 'host_vector\\s*<': 23}"
NVIDIA/cccl,cub/test/catch2_test_device_radix_sort_custom.cu,.cu,51296,371,2,"{'thrust::': 107, '#include\\s*<thrust/': 5, 'thrust\\s*::\\s*\\w+': 107, 'device_vector\\s*<': 138, 'host_vector\\s*<': 14}"
NVIDIA/cccl,thrust/testing/remove.cu,.cu,17267,336,16,"{'thrust::': 141, '#include\\s*<thrust/': 6, 'thrust\\s*::\\s*\\w+': 141, 'device_vector\\s*<': 30, 'host_vector\\s*<': 18}"
NVIDIA/cccl,thrust/thrust/transform.h,.h,47780,262,46,"{'thrust::': 115, '#include\\s*<thrust/': 32, 'thrust\\s*::\\s*\\w+': 115}"
ROCm/rocThrust,testing/partition.cu,.cu,49139,1130,116,"{'thrust::': 492, '#include\\s*<thrust/': 6, 'thrust\\s*::\\s*\\w+': 492, 'device_vector\\s*<': 78, 'host_vector\\s*<': 62}"
ROCm/rocThrust,thrust/binary_search.h,.h,81824,724,0,"{'thrust::': 292, '#include\\s*<thrust/': 88, 'thrust\\s*::\\s*\\w+': 292, 'device_vector\\s*<': 52}"
ROCm/rocThrust,testing/transform.cu,.cu,25515,491,61,"{'thrust::': 210, '#include\\s*<thrust/': 7, 'thrust\\s*::\\s*\\w+': 210, 'device_vector\\s*<': 37, 'host_vector\\s*<': 27}"
ROCm/rocThrust,testing/copy.cu,.cu,22736,398,26,"{'thrust::': 164, '#include\\s*<thrust/': 10, 'thrust\\s*::\\s*\\w+': 164, 'device_vector\\s*<': 34, 'host_vector\\s*<': 26}"
ROCm/rocThrust,testing/complex.cu,.cu,26021,417,0,"{'thrust::': 199, '#include\\s*<thrust/': 2, 'thrust\\s*::\\s*\\w+': 199, 'device_vector\\s*<': 1, 'host_vector\\s*<': 16}"
ROCm/rocThrust,testing/async_reduce.cu,.cu,36706,399,12,"{'thrust::': 185, '#include\\s*<thrust/': 1, 'thrust\\s*::\\s*\\w+': 185, 'device_vector\\s*<': 18, 'host_vector\\s*<': 10}"
ROCm/rocThrust,testing/unique_by_key.cu,.cu,18954,361,30,"{'thrust::': 153, '#include\\s*<thrust/': 4, 'thrust\\s*::\\s*\\w+': 153, 'device_vector\\s*<': 28, 'host_vector\\s*<': 23}"
ROCm/rocThrust,testing/scan.cu,.cu,24399,345,38,"{'thrust::': 149, '#include\\s*<thrust/': 8, 'thrust\\s*::\\s*\\w+': 149, 'device_vector\\s*<': 22, 'host_vector\\s*<': 17}"
ROCm/rocThrust,testing/remove.cu,.cu,18949,356,22,"{'thrust::': 151, '#include\\s*<thrust/': 6, 'thrust\\s*::\\s*\\w+': 151, 'device_vector\\s*<': 30, 'host_vector\\s*<': 18}"
ROCm/rocThrust,testing/tuple.cu,.cu,22116,316,0,"{'thrust::': 153, '#include\\s*<thrust/': 3, 'thrust\\s*::\\s*\\w+': 153, 'device_vector\\s*<': 2, 'host_vector\\s*<': 5}"
Picsart-AI-Research/LIVE-Layerwise-Image-Vectorization,DiffVG/thrust/testing/partition.cu,.cu,57271,1130,116,"{'thrust::': 492, '#include\\s*<thrust/': 6, 'thrust\\s*::\\s*\\w+': 492, 'device_vector\\s*<': 78, 'host_vector\\s*<': 62}"
Picsart-AI-Research/LIVE-Layerwise-Image-Vectorization,DiffVG/thrust/thrust/binary_search.h,.h,83645,724,0,"{'thrust::': 292, '#include\\s*<thrust/': 88, 'thrust\\s*::\\s*\\w+': 292, 'device_vector\\s*<': 52}"
Picsart-AI-Research/LIVE-Layerwise-Image-Vectorization,DiffVG/thrust/testing/transform.cu,.cu,27167,491,61,"{'thrust::': 210, '#include\\s*<thrust/': 7, 'thrust\\s*::\\s*\\w+': 210, 'device_vector\\s*<': 37, 'host_vector\\s*<': 27}"
Picsart-AI-Research/LIVE-Layerwise-Image-Vectorization,DiffVG/thrust/testing/copy.cu,.cu,23265,409,26,"{'thrust::': 168, '#include\\s*<thrust/': 9, 'thrust\\s*::\\s*\\w+': 168, 'device_vector\\s*<': 36, 'host_vector\\s*<': 28}"
Picsart-AI-Research/LIVE-Layerwise-Image-Vectorization,DiffVG/thrust/testing/remove.cu,.cu,21934,360,22,"{'thrust::': 153, '#include\\s*<thrust/': 6, 'thrust\\s*::\\s*\\w+': 153, 'device_vector\\s*<': 30, 'host_vector\\s*<': 18}"
Picsart-AI-Research/LIVE-Layerwise-Image-Vectorization,DiffVG/thrust/testing/scan.cu,.cu,22751,332,35,"{'thrust::': 143, '#include\\s*<thrust/': 7, 'thrust\\s*::\\s*\\w+': 143, 'device_vector\\s*<': 22, 'host_vector\\s*<': 17}"
Picsart-AI-Research/LIVE-Layerwise-Image-Vectorization,DiffVG/thrust/testing/async_reduce.cu,.cu,34184,351,6,"{'thrust::': 161, '#include\\s*<thrust/': 5, 'thrust\\s*::\\s*\\w+': 161, 'device_vector\\s*<': 14, 'host_vector\\s*<': 10}"
Picsart-AI-Research/LIVE-Layerwise-Image-Vectorization,DiffVG/thrust/testing/unique_by_key.cu,.cu,15785,297,23,"{'thrust::': 126, '#include\\s*<thrust/': 4, 'thrust\\s*::\\s*\\w+': 126, 'device_vector\\s*<': 22, 'host_vector\\s*<': 19}"
Picsart-AI-Research/LIVE-Layerwise-Image-Vectorization,DiffVG/thrust/thrust/functional.h,.h,54353,301,13,"{'thrust::': 104, '#include\\s*<thrust/': 63, 'thrust\\s*::\\s*\\w+': 104, 'device_vector\\s*<': 30}"
Picsart-AI-Research/LIVE-Layerwise-Image-Vectorization,DiffVG/thrust/thrust/set_operations.h,.h,183272,312,0,"{'thrust::': 124, '#include\\s*<thrust/': 64, 'thrust\\s*::\\s*\\w+': 124}"
MultithreadCorner/Hydra,hydra/detail/utility/Utility_Tuple.h,.h,54474,688,34,"{'thrust::': 344, 'thrust\\s*::\\s*\\w+': 344}"
MultithreadCorner/Hydra,hydra/multivector.h,.h,51713,576,60,"{'thrust::': 288, 'thrust\\s*::\\s*\\w+': 288}"
MultithreadCorner/Hydra,hydra/detail/external/hydra_thrust/binary_search.h,.h,89188,636,0,"{'thrust::': 292, 'thrust\\s*::\\s*\\w+': 292, 'device_vector\\s*<': 52}"
MultithreadCorner/Hydra,hydra/multiarray.h,.h,41629,292,58,"{'thrust::': 146, 'thrust\\s*::\\s*\\w+': 146}"
MultithreadCorner/Hydra,hydra/detail/external/hydra_thrust/functional.h,.h,57991,238,13,"{'thrust::': 104, 'thrust\\s*::\\s*\\w+': 104, 'device_vector\\s*<': 30}"
MultithreadCorner/Hydra,hydra/detail/external/hydra_thrust/set_operations.h,.h,189442,248,0,"{'thrust::': 124, 'thrust\\s*::\\s*\\w+': 124}"
MultithreadCorner/Hydra,hydra/detail/external/hydra_thrust/sort.h,.h,62977,174,14,"{'thrust::': 85, 'thrust\\s*::\\s*\\w+': 85, 'device_vector\\s*<': 4}"
MultithreadCorner/Hydra,hydra/detail/external/hydra_thrust/iterator/detail/iterator_facade_category.h,.h,10777,168,0,"{'thrust::': 84, 'thrust\\s*::\\s*\\w+': 84}"
MultithreadCorner/Hydra,hydra/detail/external/hydra_thrust/scan.h,.h,82379,152,10,"{'thrust::': 76, 'thrust\\s*::\\s*\\w+': 76}"
MultithreadCorner/Hydra,hydra/detail/external/hydra_thrust/unique.h,.h,55502,162,0,"{'thrust::': 81, 'thrust\\s*::\\s*\\w+': 81}"
rapidsai/cugraph,cpp/src/prims/detail/sample_and_compute_local_nbr_indices.cuh,.cuh,316077,897,244,"{'thrust::': 444, '#include\\s*<thrust/': 9, 'thrust\\s*::\\s*\\w+': 444}"
rapidsai/cugraph,cpp/src/sampling/sampling_post_processing_impl.cuh,.cuh,194384,915,190,"{'thrust::': 452, '#include\\s*<thrust/': 11, 'thrust\\s*::\\s*\\w+': 452}"
rapidsai/cugraph,cpp/tests/sampling/detail/sampling_post_processing_validate.cu,.cu,92052,321,66,"{'thrust::': 156, '#include\\s*<thrust/': 9, 'thrust\\s*::\\s*\\w+': 156}"
rapidsai/cugraph,cpp/src/prims/detail/per_v_transform_reduce_e.cuh,.cuh,194537,268,76,"{'thrust::': 129, '#include\\s*<thrust/': 10, 'thrust\\s*::\\s*\\w+': 129}"
rapidsai/cugraph,cpp/tests/utilities/validation_utilities.cu,.cu,31518,224,106,"{'thrust::': 110, '#include\\s*<thrust/': 4, 'thrust\\s*::\\s*\\w+': 110}"
rapidsai/cugraph,cpp/src/prims/detail/nbr_intersection.cuh,.cuh,96698,204,43,"{'thrust::': 92, '#include\\s*<thrust/': 20, 'thrust\\s*::\\s*\\w+': 92}"
rapidsai/cugraph,cpp/include/cugraph/utilities/shuffle_comm.cuh,.cuh,64734,209,19,"{'thrust::': 97, '#include\\s*<thrust/': 15, 'thrust\\s*::\\s*\\w+': 97}"
rapidsai/cugraph,cpp/src/structure/symmetrize_edgelist_impl.cuh,.cuh,62161,196,27,"{'thrust::': 92, '#include\\s*<thrust/': 12, 'thrust\\s*::\\s*\\w+': 92}"
rapidsai/cugraph,cpp/tests/traversal/detail/graph500_validation_utils.cuh,.cuh,49102,173,43,"{'thrust::': 82, '#include\\s*<thrust/': 9, 'thrust\\s*::\\s*\\w+': 82}"
rapidsai/cugraph,cpp/src/structure/create_graph_from_edgelist_impl.cuh,.cuh,134576,174,22,"{'thrust::': 83, '#include\\s*<thrust/': 8, 'thrust\\s*::\\s*\\w+': 83}"
ArtyZe/yolo_segmentation,include/cuda/thrust/binary_search.h,.h,83645,724,0,"{'thrust::': 292, '#include\\s*<thrust/': 88, 'thrust\\s*::\\s*\\w+': 292, 'device_vector\\s*<': 52}"
ArtyZe/yolo_segmentation,include/cuda/thrust/functional.h,.h,49933,319,13,"{'thrust::': 113, '#include\\s*<thrust/': 63, 'thrust\\s*::\\s*\\w+': 113, 'device_vector\\s*<': 30}"
ArtyZe/yolo_segmentation,include/cuda/thrust/set_operations.h,.h,183272,312,0,"{'thrust::': 124, '#include\\s*<thrust/': 64, 'thrust\\s*::\\s*\\w+': 124}"
ArtyZe/yolo_segmentation,include/cuda/thrust/sort.h,.h,60016,227,14,"{'thrust::': 85, '#include\\s*<thrust/': 53, 'thrust\\s*::\\s*\\w+': 85, 'device_vector\\s*<': 4}"
ArtyZe/yolo_segmentation,include/cuda/thrust/detail/tuple_transform.h,.h,13669,228,0,"{'thrust::': 113, '#include\\s*<thrust/': 2, 'thrust\\s*::\\s*\\w+': 113}"
ArtyZe/yolo_segmentation,include/cuda/thrust/scan.h,.h,75270,200,10,"{'thrust::': 76, '#include\\s*<thrust/': 48, 'thrust\\s*::\\s*\\w+': 76}"
ArtyZe/yolo_segmentation,include/cuda/thrust/iterator/detail/iterator_facade_category.h,.h,9972,178,0,"{'thrust::': 84, '#include\\s*<thrust/': 10, 'thrust\\s*::\\s*\\w+': 84}"
ArtyZe/yolo_segmentation,include/cuda/thrust/device_reference.h,.h,28518,177,0,"{'thrust::': 64, '#include\\s*<thrust/': 27, 'thrust\\s*::\\s*\\w+': 64, 'device_vector\\s*<': 22}"
ArtyZe/yolo_segmentation,include/cuda/thrust/partition.h,.h,66850,164,0,"{'thrust::': 63, '#include\\s*<thrust/': 38, 'thrust\\s*::\\s*\\w+': 63}"
ArtyZe/yolo_segmentation,include/cuda/thrust/reduce.h,.h,37074,141,18,"{'thrust::': 58, '#include\\s*<thrust/': 25, 'thrust\\s*::\\s*\\w+': 58}"
oneapi-src/SYCLomatic,clang/test/dpct/thrust-algo.cu,.cu,84734,1563,35,"{'thrust::': 704, '#include\\s*<thrust/': 27, 'thrust\\s*::\\s*\\w+': 704, 'device_vector\\s*<': 66, 'host_vector\\s*<': 62}"
oneapi-src/SYCLomatic,clang/test/dpct/query_api_mapping/Thrust/thrust_api_test_p4.cu,.cu,72743,868,42,"{'thrust::': 368, 'thrust\\s*::\\s*\\w+': 368, 'device_vector\\s*<': 100, 'host_vector\\s*<': 32}"
oneapi-src/SYCLomatic,clang/test/dpct/thrust-for-h2o4gpu.cu,.cu,31588,555,42,"{'thrust::': 224, '#include\\s*<thrust/': 17, 'thrust\\s*::\\s*\\w+': 224, 'device_vector\\s*<': 65, 'host_vector\\s*<': 25}"
oneapi-src/SYCLomatic,clang/test/dpct/thrust-algo-part3.cu,.cu,22661,413,0,"{'thrust::': 180, '#include\\s*<thrust/': 9, 'thrust\\s*::\\s*\\w+': 180, 'device_vector\\s*<': 23, 'host_vector\\s*<': 21}"
oneapi-src/SYCLomatic,clang/test/dpct/thrust-algo-raw-ptr-noneusm.cu,.cu,46822,391,4,"{'thrust::': 172, '#include\\s*<thrust/': 22, 'thrust\\s*::\\s*\\w+': 172, 'device_vector\\s*<': 12, 'host_vector\\s*<': 13}"
oneapi-src/SYCLomatic,clang/test/dpct/query_api_mapping/Thrust/thrust_api_test_p3.cu,.cu,22606,293,22,"{'thrust::': 132, 'thrust\\s*::\\s*\\w+': 132, 'device_vector\\s*<': 24, 'host_vector\\s*<': 5}"
oneapi-src/SYCLomatic,clang/test/dpct/query_api_mapping/test_all.cu,.cu,85808,280,20,"{'thrust::': 140, 'thrust\\s*::\\s*\\w+': 140}"
oneapi-src/SYCLomatic,clang/test/dpct/thrust_template.cu,.cu,12443,229,7,"{'thrust::': 101, '#include\\s*<thrust/': 18, 'thrust\\s*::\\s*\\w+': 101, 'device_vector\\s*<': 6, 'host_vector\\s*<': 3}"
oneapi-src/SYCLomatic,clang/test/dpct/thrust-for-hypre.cu,.cu,11090,201,9,"{'thrust::': 93, '#include\\s*<thrust/': 7, 'thrust\\s*::\\s*\\w+': 93, 'device_vector\\s*<': 8}"
oneapi-src/SYCLomatic,clang/test/dpct/thrust-algo-part2.cu,.cu,12236,180,0,"{'thrust::': 77, '#include\\s*<thrust/': 6, 'thrust\\s*::\\s*\\w+': 77, 'device_vector\\s*<': 10, 'host_vector\\s*<': 10}"
Gfans/UnifiedParticleFrameworkCUDA,src/headers/cuda7.0_include/include/thrust/binary_search.h,.h,83645,724,0,"{'thrust::': 292, '#include\\s*<thrust/': 88, 'thrust\\s*::\\s*\\w+': 292, 'device_vector\\s*<': 52}"
Gfans/UnifiedParticleFrameworkCUDA,src/headers/cuda7.0_include/include/thrust/functional.h,.h,47617,303,12,"{'thrust::': 108, '#include\\s*<thrust/': 59, 'thrust\\s*::\\s*\\w+': 108, 'device_vector\\s*<': 28}"
Gfans/UnifiedParticleFrameworkCUDA,src/headers/cuda7.0_include/include/thrust/set_operations.h,.h,183272,312,0,"{'thrust::': 124, '#include\\s*<thrust/': 64, 'thrust\\s*::\\s*\\w+': 124}"
Gfans/UnifiedParticleFrameworkCUDA,src/headers/cuda7.0_include/include/thrust/sort.h,.h,60016,227,14,"{'thrust::': 85, '#include\\s*<thrust/': 53, 'thrust\\s*::\\s*\\w+': 85, 'device_vector\\s*<': 4}"
Gfans/UnifiedParticleFrameworkCUDA,src/headers/cuda7.0_include/include/thrust/system/cuda/detail/bulk/detail/tuple_transform.hpp,.hpp,13797,229,0,"{'thrust::': 113, '#include\\s*<thrust/': 3, 'thrust\\s*::\\s*\\w+': 113}"
Gfans/UnifiedParticleFrameworkCUDA,src/headers/cuda7.0_include/include/thrust/detail/tuple_transform.h,.h,13675,228,0,"{'thrust::': 113, '#include\\s*<thrust/': 2, 'thrust\\s*::\\s*\\w+': 113}"
Gfans/UnifiedParticleFrameworkCUDA,src/headers/cuda7.0_include/include/thrust/scan.h,.h,75272,200,10,"{'thrust::': 76, '#include\\s*<thrust/': 48, 'thrust\\s*::\\s*\\w+': 76}"
Gfans/UnifiedParticleFrameworkCUDA,src/headers/cuda7.0_include/include/thrust/iterator/detail/iterator_facade_category.h,.h,9972,178,0,"{'thrust::': 84, '#include\\s*<thrust/': 10, 'thrust\\s*::\\s*\\w+': 84}"
Gfans/UnifiedParticleFrameworkCUDA,src/headers/cuda7.0_include/include/thrust/device_reference.h,.h,28048,177,0,"{'thrust::': 64, '#include\\s*<thrust/': 27, 'thrust\\s*::\\s*\\w+': 64, 'device_vector\\s*<': 22}"
Gfans/UnifiedParticleFrameworkCUDA,src/headers/cuda7.0_include/include/thrust/partition.h,.h,66850,164,0,"{'thrust::': 63, '#include\\s*<thrust/': 38, 'thrust\\s*::\\s*\\w+': 63}"
cbuchner1/ccminer,compat/thrust/binary_search.h,.h,83365,724,0,"{'thrust::': 292, '#include\\s*<thrust/': 88, 'thrust\\s*::\\s*\\w+': 292, 'device_vector\\s*<': 52}"
cbuchner1/ccminer,compat/thrust/set_operations.h,.h,182952,312,0,"{'thrust::': 124, '#include\\s*<thrust/': 64, 'thrust\\s*::\\s*\\w+': 124}"
cbuchner1/ccminer,compat/thrust/functional.h,.h,38000,283,12,"{'thrust::': 98, '#include\\s*<thrust/': 59, 'thrust\\s*::\\s*\\w+': 98, 'device_vector\\s*<': 28}"
cbuchner1/ccminer,compat/thrust/sort.h,.h,59756,227,14,"{'thrust::': 85, '#include\\s*<thrust/': 53, 'thrust\\s*::\\s*\\w+': 85, 'device_vector\\s*<': 4}"
cbuchner1/ccminer,compat/thrust/detail/tuple_transform.h,.h,13675,228,0,"{'thrust::': 113, '#include\\s*<thrust/': 2, 'thrust\\s*::\\s*\\w+': 113}"
cbuchner1/ccminer,compat/thrust/iterator/detail/iterator_facade_category.h,.h,11209,215,0,"{'thrust::': 103, '#include\\s*<thrust/': 9, 'thrust\\s*::\\s*\\w+': 103}"
cbuchner1/ccminer,compat/thrust/scan.h,.h,75032,200,10,"{'thrust::': 76, '#include\\s*<thrust/': 48, 'thrust\\s*::\\s*\\w+': 76}"
cbuchner1/ccminer,compat/thrust/detail/internal_functional.h,.h,18020,209,0,"{'thrust::': 102, '#include\\s*<thrust/': 5, 'thrust\\s*::\\s*\\w+': 102}"
cbuchner1/ccminer,compat/thrust/device_reference.h,.h,28048,177,0,"{'thrust::': 64, '#include\\s*<thrust/': 27, 'thrust\\s*::\\s*\\w+': 64, 'device_vector\\s*<': 22}"
cbuchner1/ccminer,compat/thrust/partition.h,.h,66606,164,0,"{'thrust::': 63, '#include\\s*<thrust/': 38, 'thrust\\s*::\\s*\\w+': 63}"
tsiv/ccminer-cryptonight,compat/thrust/binary_search.h,.h,83365,724,0,"{'thrust::': 292, '#include\\s*<thrust/': 88, 'thrust\\s*::\\s*\\w+': 292, 'device_vector\\s*<': 52}"
tsiv/ccminer-cryptonight,compat/thrust/set_operations.h,.h,182952,312,0,"{'thrust::': 124, '#include\\s*<thrust/': 64, 'thrust\\s*::\\s*\\w+': 124}"
tsiv/ccminer-cryptonight,compat/thrust/functional.h,.h,38000,283,12,"{'thrust::': 98, '#include\\s*<thrust/': 59, 'thrust\\s*::\\s*\\w+': 98, 'device_vector\\s*<': 28}"
tsiv/ccminer-cryptonight,compat/thrust/sort.h,.h,59756,227,14,"{'thrust::': 85, '#include\\s*<thrust/': 53, 'thrust\\s*::\\s*\\w+': 85, 'device_vector\\s*<': 4}"
tsiv/ccminer-cryptonight,compat/thrust/detail/tuple_transform.h,.h,13675,228,0,"{'thrust::': 113, '#include\\s*<thrust/': 2, 'thrust\\s*::\\s*\\w+': 113}"
tsiv/ccminer-cryptonight,compat/thrust/iterator/detail/iterator_facade_category.h,.h,11209,215,0,"{'thrust::': 103, '#include\\s*<thrust/': 9, 'thrust\\s*::\\s*\\w+': 103}"
tsiv/ccminer-cryptonight,compat/thrust/scan.h,.h,75032,200,10,"{'thrust::': 76, '#include\\s*<thrust/': 48, 'thrust\\s*::\\s*\\w+': 76}"
tsiv/ccminer-cryptonight,compat/thrust/detail/internal_functional.h,.h,18020,209,0,"{'thrust::': 102, '#include\\s*<thrust/': 5, 'thrust\\s*::\\s*\\w+': 102}"
tsiv/ccminer-cryptonight,compat/thrust/device_reference.h,.h,28048,177,0,"{'thrust::': 64, '#include\\s*<thrust/': 27, 'thrust\\s*::\\s*\\w+': 64, 'device_vector\\s*<': 22}"
tsiv/ccminer-cryptonight,compat/thrust/partition.h,.h,66606,164,0,"{'thrust::': 63, '#include\\s*<thrust/': 38, 'thrust\\s*::\\s*\\w+': 63}"
rapidsai/cudf,cpp/src/io/json/json_tree.cu,.cu,51615,167,44,"{'thrust::': 74, '#include\\s*<thrust/': 18, 'thrust\\s*::\\s*\\w+': 74, 'host_vector\\s*<': 1}"
rapidsai/cudf,cpp/benchmarks/common/generate_input.cu,.cu,48285,155,12,"{'thrust::': 68, '#include\\s*<thrust/': 19, 'thrust\\s*::\\s*\\w+': 68}"
rapidsai/cudf,cpp/src/quantiles/tdigest/tdigest_aggregation.cu,.cu,76381,126,37,"{'thrust::': 55, '#include\\s*<thrust/': 16, 'thrust\\s*::\\s*\\w+': 55}"
rapidsai/cudf,cpp/src/io/orc/writer_impl.cu,.cu,124530,125,22,"{'thrust::': 43, '#include\\s*<thrust/': 15, 'thrust\\s*::\\s*\\w+': 43, 'device_vector\\s*<': 13, 'host_vector\\s*<': 11}"
rapidsai/cudf,cpp/src/io/json/host_tree_algorithms.cu,.cu,48100,109,23,"{'thrust::': 44, '#include\\s*<thrust/': 9, 'thrust\\s*::\\s*\\w+': 44, 'host_vector\\s*<': 12}"
rapidsai/cudf,cpp/src/io/parquet/reader_impl_chunking_utils.cu,.cu,38228,104,28,"{'thrust::': 46, '#include\\s*<thrust/': 7, 'thrust\\s*::\\s*\\w+': 46, 'host_vector\\s*<': 5}"
rapidsai/cudf,cpp/src/lists/dremel.cu,.cu,21637,96,32,"{'thrust::': 44, '#include\\s*<thrust/': 8, 'thrust\\s*::\\s*\\w+': 44}"
rapidsai/cudf,cpp/src/join/sort_merge_join.cu,.cu,31177,110,8,"{'thrust::': 50, '#include\\s*<thrust/': 8, 'thrust\\s*::\\s*\\w+': 50, 'host_vector\\s*<': 2}"
rapidsai/cudf,cpp/src/io/parquet/reader_impl_preprocess.cu,.cu,39323,90,24,"{'thrust::': 39, '#include\\s*<thrust/': 7, 'thrust\\s*::\\s*\\w+': 39, 'device_vector\\s*<': 3, 'host_vector\\s*<': 2}"
rapidsai/cudf,cpp/src/io/parquet/experimental/page_index_filter.cu,.cu,38559,97,9,"{'thrust::': 41, '#include\\s*<thrust/': 5, 'thrust\\s*::\\s*\\w+': 41, 'host_vector\\s*<': 10}"
neka-nat/cupoch,src/cupoch/geometry/trianglemesh.cu,.cu,49876,445,62,"{'thrust::': 181, '#include\\s*<thrust/': 7, 'thrust\\s*::\\s*\\w+': 181, 'device_vector\\s*<': 62, 'host_vector\\s*<': 14}"
neka-nat/cupoch,src/cupoch/geometry/graph.cu,.cu,34223,314,51,"{'thrust::': 128, '#include\\s*<thrust/': 6, 'thrust\\s*::\\s*\\w+': 128, 'device_vector\\s*<': 38, 'host_vector\\s*<': 14}"
neka-nat/cupoch,src/cupoch/integration/uniform_tsdfvolume.cu,.cu,43726,241,48,"{'thrust::': 115, '#include\\s*<thrust/': 3, 'thrust\\s*::\\s*\\w+': 115, 'device_vector\\s*<': 8}"
neka-nat/cupoch,third_party/flann/algorithms/kdtree_cuda_builder.h,.h,29358,266,19,"{'thrust::': 98, '#include\\s*<thrust/': 5, 'thrust\\s*::\\s*\\w+': 98, 'device_vector\\s*<': 64, 'host_vector\\s*<': 1}"
neka-nat/cupoch,third_party/flann/algorithms/kdtree_cuda_3d_index.cu,.cu,36994,276,6,"{'thrust::': 126, '#include\\s*<thrust/': 7, 'thrust\\s*::\\s*\\w+': 126, 'device_vector\\s*<': 17}"
neka-nat/cupoch,src/cupoch/visualization/shader/simple_shader.cu,.cu,38301,226,40,"{'thrust::': 110, '#include\\s*<thrust/': 2, 'thrust\\s*::\\s*\\w+': 110, 'device_vector\\s*<': 4}"
neka-nat/cupoch,src/cupoch/geometry/down_sample.cu,.cu,20659,211,35,"{'thrust::': 89, '#include\\s*<thrust/': 5, 'thrust\\s*::\\s*\\w+': 89, 'device_vector\\s*<': 28}"
neka-nat/cupoch,src/cupoch/collision/collision.cu,.cu,56636,191,51,"{'thrust::': 92, 'thrust\\s*::\\s*\\w+': 92, 'device_vector\\s*<': 5, 'host_vector\\s*<': 2}"
neka-nat/cupoch,src/cupoch/registration/fast_global_registration.cu,.cu,19156,164,25,"{'thrust::': 75, '#include\\s*<thrust/': 5, 'thrust\\s*::\\s*\\w+': 75, 'device_vector\\s*<': 9}"
neka-nat/cupoch,src/cupoch/utility/helper.h,.h,16966,158,18,"{'thrust::': 68, '#include\\s*<thrust/': 7, 'thrust\\s*::\\s*\\w+': 68, 'device_vector\\s*<': 13, 'host_vector\\s*<': 2}"
cusplibrary/cusplibrary,cusp/precond/aggregation/system/detail/generic/evolution_strength.h,.h,15617,174,43,"{'thrust::': 86, '#include\\s*<thrust/': 2, 'thrust\\s*::\\s*\\w+': 86}"
cusplibrary/cusplibrary,cusp/functional.h,.h,31094,164,36,"{'thrust::': 81, '#include\\s*<thrust/': 2, 'thrust\\s*::\\s*\\w+': 81}"
cusplibrary/cusplibrary,cusp/system/detail/generic/blas.h,.h,15003,143,18,"{'thrust::': 68, '#include\\s*<thrust/': 7, 'thrust\\s*::\\s*\\w+': 68}"
cusplibrary/cusplibrary,examples/LinearOperator/block_matrix.cu,.cu,17486,129,30,"{'thrust::': 64, '#include\\s*<thrust/': 1, 'thrust\\s*::\\s*\\w+': 64}"
cusplibrary/cusplibrary,cusp/system/detail/generic/multiply/spmv.h,.h,13735,116,39,"{'thrust::': 55, '#include\\s*<thrust/': 6, 'thrust\\s*::\\s*\\w+': 55}"
cusplibrary/cusplibrary,cusp/system/detail/generic/conversions/coo_to_other.h,.h,15062,131,24,"{'thrust::': 60, '#include\\s*<thrust/': 11, 'thrust\\s*::\\s*\\w+': 60}"
cusplibrary/cusplibrary,cusp/system/detail/generic/multiply/spgemm.h,.h,16473,126,28,"{'thrust::': 59, '#include\\s*<thrust/': 8, 'thrust\\s*::\\s*\\w+': 59}"
cusplibrary/cusplibrary,cusp/iterator/join_iterator.h,.h,13950,134,17,"{'thrust::': 65, '#include\\s*<thrust/': 4, 'thrust\\s*::\\s*\\w+': 65}"
cusplibrary/cusplibrary,cusp/system/detail/generic/multiply/generalized_spmv.h,.h,14437,112,32,"{'thrust::': 53, '#include\\s*<thrust/': 6, 'thrust\\s*::\\s*\\w+': 53}"
cusplibrary/cusplibrary,cusp/system/detail/generic/conversions/dia_to_other.h,.h,10935,111,26,"{'thrust::': 50, '#include\\s*<thrust/': 11, 'thrust\\s*::\\s*\\w+': 50}"
NVlabs/nvbio,nvMicroAssembly/kmers_inl.h,.h,58192,356,95,"{'thrust::': 177, '#include\\s*<thrust/': 1, 'thrust\\s*::\\s*\\w+': 177, 'device_vector\\s*<': 1}"
NVlabs/nvbio,nvbio-test/string_set_test.cu,.cu,36800,361,0,"{'thrust::': 144, '#include\\s*<thrust/': 1, 'thrust\\s*::\\s*\\w+': 144, 'device_vector\\s*<': 36, 'host_vector\\s*<': 36}"
NVlabs/nvbio,nvbio/sufsort/sufsort_priv.h,.h,84678,262,39,"{'thrust::': 116, '#include\\s*<thrust/': 6, 'thrust\\s*::\\s*\\w+': 116, 'device_vector\\s*<': 18, 'host_vector\\s*<': 6}"
NVlabs/nvbio,nvMicroAssembly/assembly_graph_inl.h,.h,23826,135,43,"{'thrust::': 66, 'thrust\\s*::\\s*\\w+': 66, 'device_vector\\s*<': 3}"
NVlabs/nvbio,nvBowtie/bowtie2/cuda/aligner_best_approx_paired.h,.h,46580,135,22,"{'thrust::': 61, 'thrust\\s*::\\s*\\w+': 61, 'device_vector\\s*<': 10, 'host_vector\\s*<': 3}"
NVlabs/nvbio,nvbio/sufsort/sufsort_bucketing.h,.h,38690,112,15,"{'thrust::': 45, '#include\\s*<thrust/': 3, 'thrust\\s*::\\s*\\w+': 45, 'device_vector\\s*<': 6, 'host_vector\\s*<': 13}"
NVlabs/nvbio,nvbio/sufsort/compression_sort.h,.h,40347,104,12,"{'thrust::': 44, '#include\\s*<thrust/': 6, 'thrust\\s*::\\s*\\w+': 44, 'device_vector\\s*<': 10}"
NVlabs/nvbio,nvbio/sufsort/prefix_doubling_sufsort.h,.h,28541,97,12,"{'thrust::': 41, '#include\\s*<thrust/': 5, 'thrust\\s*::\\s*\\w+': 41, 'device_vector\\s*<': 10}"
NVlabs/nvbio,sufsort-test/sufsort_test.cu,.cu,30978,106,0,"{'thrust::': 36, '#include\\s*<thrust/': 1, 'thrust\\s*::\\s*\\w+': 36, 'device_vector\\s*<': 15, 'host_vector\\s*<': 18}"
NVlabs/nvbio,nvbio/fmindex/mem_inl.h,.h,52078,81,25,"{'thrust::': 38, 'thrust\\s*::\\s*\\w+': 38, 'device_vector\\s*<': 3, 'host_vector\\s*<': 2}"
NVIDIA/AMGX,include/cusp/detail/device/conversion.h,.h,36626,453,124,"{'thrust::': 220, '#include\\s*<thrust/': 11, 'thrust\\s*::\\s*\\w+': 220, 'device_vector\\s*<': 2}"
NVIDIA/AMGX,src/aggregation/aggregation_amg_level.cu,.cu,114938,160,25,"{'thrust::': 76, '#include\\s*<thrust/': 7, 'thrust\\s*::\\s*\\w+': 76, 'host_vector\\s*<': 1}"
NVIDIA/AMGX,include/distributed/glue.h,.h,47769,160,8,"{'thrust::': 69, '#include\\s*<thrust/': 5, 'thrust\\s*::\\s*\\w+': 69, 'host_vector\\s*<': 17}"
NVIDIA/AMGX,src/amgx_c.cu,.cu,183512,158,6,"{'thrust::': 69, '#include\\s*<thrust/': 2, 'thrust\\s*::\\s*\\w+': 69, 'host_vector\\s*<': 18}"
NVIDIA/AMGX,src/distributed/distributed_manager.cu,.cu,254496,131,16,"{'thrust::': 62, '#include\\s*<thrust/': 6, 'thrust\\s*::\\s*\\w+': 62, 'host_vector\\s*<': 1}"
NVIDIA/AMGX,src/distributed/distributed_arranger.cu,.cu,150316,131,3,"{'thrust::': 61, '#include\\s*<thrust/': 9, 'thrust\\s*::\\s*\\w+': 61}"
NVIDIA/AMGX,src/aggregation/coarseAgenerators/thrust_coarse_A_generator.cu,.cu,10566,89,26,"{'thrust::': 43, '#include\\s*<thrust/': 3, 'thrust\\s*::\\s*\\w+': 43}"
NVIDIA/AMGX,src/solvers/multicolor_ilu_solver.cu,.cu,83468,112,0,"{'thrust::': 55, '#include\\s*<thrust/': 2, 'thrust\\s*::\\s*\\w+': 55}"
NVIDIA/AMGX,src/aggregation/selectors/geo_selector.cu,.cu,14700,94,18,"{'thrust::': 45, '#include\\s*<thrust/': 4, 'thrust\\s*::\\s*\\w+': 45}"
NVIDIA/AMGX,include/cusp/detail/device/spmm/coo.h,.h,12642,90,21,"{'thrust::': 41, '#include\\s*<thrust/': 8, 'thrust\\s*::\\s*\\w+': 41}"
antonmks/Alenka,cm.cu,.cu,148039,1593,307,"{'thrust::': 764, 'thrust\\s*::\\s*\\w+': 764, 'device_vector\\s*<': 35, 'host_vector\\s*<': 30}"
antonmks/Alenka,operators.cu,.cu,94199,407,20,"{'thrust::': 188, '#include\\s*<thrust/': 2, 'thrust\\s*::\\s*\\w+': 188, 'device_vector\\s*<': 25, 'host_vector\\s*<': 4}"
antonmks/Alenka,select.cu,.cu,45860,332,14,"{'thrust::': 164, 'thrust\\s*::\\s*\\w+': 164, 'device_vector\\s*<': 3, 'host_vector\\s*<': 1}"
antonmks/Alenka,merge.cu,.cu,19472,202,37,"{'thrust::': 94, 'thrust\\s*::\\s*\\w+': 94, 'device_vector\\s*<': 8, 'host_vector\\s*<': 6}"
antonmks/Alenka,compress.cu,.cu,19347,191,8,"{'thrust::': 91, '#include\\s*<thrust/': 1, 'thrust\\s*::\\s*\\w+': 91, 'device_vector\\s*<': 5, 'host_vector\\s*<': 3}"
antonmks/Alenka,sorts.cu,.cu,5211,124,0,"{'thrust::': 61, 'thrust\\s*::\\s*\\w+': 61, 'device_vector\\s*<': 2}"
antonmks/Alenka,cm.h,.h,27770,85,0,"{'thrust::': 23, '#include\\s*<thrust/': 19, 'thrust\\s*::\\s*\\w+': 23, 'device_vector\\s*<': 14, 'host_vector\\s*<': 6}"
antonmks/Alenka,filter.cu,.cu,20128,74,7,"{'thrust::': 35, 'thrust\\s*::\\s*\\w+': 35, 'device_vector\\s*<': 4}"
antonmks/Alenka,strings.cu,.cu,7879,52,0,"{'thrust::': 26, 'thrust\\s*::\\s*\\w+': 26}"
antonmks/Alenka,strings_sort_device.cu,.cu,6253,35,2,"{'thrust::': 17, '#include\\s*<thrust/': 1, 'thrust\\s*::\\s*\\w+': 17}"
zjin-lcf/HeCBench,src/tsne-cuda/nbodyfft.cu,.cu,25331,219,0,"{'thrust::': 98, 'thrust\\s*::\\s*\\w+': 98, 'device_vector\\s*<': 23}"
zjin-lcf/HeCBench,src/tsne-hip/nbodyfft.cu,.cu,24552,207,0,"{'thrust::': 92, 'thrust\\s*::\\s*\\w+': 92, 'device_vector\\s*<': 23}"
zjin-lcf/HeCBench,src/logic-rewrite-hip/balance.cu,.cu,67198,144,29,"{'thrust::': 67, '#include\\s*<thrust/': 10, 'thrust\\s*::\\s*\\w+': 67}"
zjin-lcf/HeCBench,src/logic-rewrite-cuda/balance.cu,.cu,67289,143,29,"{'thrust::': 67, '#include\\s*<thrust/': 9, 'thrust\\s*::\\s*\\w+': 67}"
zjin-lcf/HeCBench,src/tsne-cuda/fit_tsne.cu,.cu,24343,126,0,"{'thrust::': 46, 'thrust\\s*::\\s*\\w+': 46, 'device_vector\\s*<': 32, 'host_vector\\s*<': 2}"
zjin-lcf/HeCBench,src/tsne-hip/fit_tsne.cu,.cu,24340,126,0,"{'thrust::': 46, 'thrust\\s*::\\s*\\w+': 46, 'device_vector\\s*<': 32, 'host_vector\\s*<': 2}"
zjin-lcf/HeCBench,src/tsne-cuda/nbodyfft.h,.h,4021,92,0,"{'thrust::': 32, '#include\\s*<thrust/': 1, 'thrust\\s*::\\s*\\w+': 32, 'device_vector\\s*<': 27}"
zjin-lcf/HeCBench,src/tsne-hip/nbodyfft.h,.h,4021,92,0,"{'thrust::': 32, '#include\\s*<thrust/': 1, 'thrust\\s*::\\s*\\w+': 32, 'device_vector\\s*<': 27}"
zjin-lcf/HeCBench,src/logic-rewrite-hip/refactor_mffc.cu,.cu,42307,76,6,"{'thrust::': 34, '#include\\s*<thrust/': 8, 'thrust\\s*::\\s*\\w+': 34}"
zjin-lcf/HeCBench,src/logic-rewrite-cuda/refactor_mffc.cu,.cu,42384,76,6,"{'thrust::': 34, '#include\\s*<thrust/': 8, 'thrust\\s*::\\s*\\w+': 34}"
QMCPACK/qmcpack,external_codes/boost_multi/multi/include/boost/multi/adaptors/thrust/test/memory_resource.cu,.cu,11346,228,0,"{'thrust::': 111, '#include\\s*<thrust/': 5, 'thrust\\s*::\\s*\\w+': 111, 'thrust\\.h': 1}"
QMCPACK/qmcpack,external_codes/boost_multi/multi/include/boost/multi/adaptors/cuda/cublas/test/all.cu,.cu,83723,208,16,"{'thrust::': 102, '#include\\s*<thrust/': 3, 'thrust\\s*::\\s*\\w+': 102, 'thrust\\.h': 1}"
QMCPACK/qmcpack,src/AFQMC/Numerics/detail/CUDA/Kernels/Auwn_Bun_Cuw.cu,.cu,30693,200,0,"{'thrust::': 99, '#include\\s*<thrust/': 2, 'thrust\\s*::\\s*\\w+': 99}"
QMCPACK/qmcpack,src/AFQMC/Numerics/detail/CUDA/Kernels/determinant.cu,.cu,20713,179,0,"{'thrust::': 87, '#include\\s*<thrust/': 5, 'thrust\\s*::\\s*\\w+': 87}"
QMCPACK/qmcpack,src/AFQMC/Numerics/detail/CUDA/Kernels/dot_wabn.cu,.cu,17339,160,0,"{'thrust::': 79, '#include\\s*<thrust/': 2, 'thrust\\s*::\\s*\\w+': 79}"
QMCPACK/qmcpack,external_codes/boost_multi/multi/include/boost/multi/adaptors/cuda/cublas/context.hpp,.hpp,20403,154,0,"{'thrust::': 76, '#include\\s*<thrust/': 2, 'thrust\\s*::\\s*\\w+': 76}"
QMCPACK/qmcpack,src/AFQMC/Numerics/detail/CUDA/Kernels/construct_X.cu,.cu,11868,128,0,"{'thrust::': 63, '#include\\s*<thrust/': 2, 'thrust\\s*::\\s*\\w+': 63}"
QMCPACK/qmcpack,external_codes/boost_multi/multi/include/boost/multi/adaptors/thrust.hpp,.hpp,9431,117,0,"{'thrust::': 55, '#include\\s*<thrust/': 7, 'thrust\\s*::\\s*\\w+': 55}"
QMCPACK/qmcpack,external_codes/boost_multi/multi/include/boost/multi/adaptors/thrust/fix_copy.hpp,.hpp,9071,84,0,"{'thrust::': 42, 'thrust\\s*::\\s*\\w+': 42}"
QMCPACK/qmcpack,src/AFQMC/Numerics/detail/CUDA/Kernels/batched_dot_wabn_wban.cu,.cu,11314,82,0,"{'thrust::': 40, '#include\\s*<thrust/': 2, 'thrust\\s*::\\s*\\w+': 40}"
fzi-forschungszentrum-informatik/gpu-voxels,packages/gpu_voxels/src/gpu_voxels/octree/NTree.hpp,.hpp,137381,719,54,"{'thrust::': 274, '#include\\s*<thrust/': 14, 'thrust\\s*::\\s*\\w+': 274, 'device_vector\\s*<': 127, 'host_vector\\s*<': 30}"
fzi-forschungszentrum-informatik/gpu-voxels,packages/gpu_voxels/src/gpu_voxels/voxellist/TemplateVoxelList.hpp,.hpp,51010,404,83,"{'thrust::': 187, '#include\\s*<thrust/': 10, 'thrust\\s*::\\s*\\w+': 187, 'device_vector\\s*<': 9, 'host_vector\\s*<': 11}"
fzi-forschungszentrum-informatik/gpu-voxels,packages/gpu_voxels/src/gpu_voxels/voxelmap/DistanceVoxelMap.hpp,.hpp,46477,220,30,"{'thrust::': 97, '#include\\s*<thrust/': 10, 'thrust\\s*::\\s*\\w+': 97, 'device_vector\\s*<': 14, 'host_vector\\s*<': 2}"
fzi-forschungszentrum-informatik/gpu-voxels,packages/gpu_voxels/src/gpu_voxels/voxellist/BitVoxelList.hpp,.hpp,32850,201,42,"{'thrust::': 94, '#include\\s*<thrust/': 1, 'thrust\\s*::\\s*\\w+': 94, 'device_vector\\s*<': 10, 'host_vector\\s*<': 2}"
fzi-forschungszentrum-informatik/gpu-voxels,packages/gpu_voxels/src/gpu_voxels/octree/test/Tests.cu,.cu,25682,128,5,"{'thrust::': 44, '#include\\s*<thrust/': 5, 'thrust\\s*::\\s*\\w+': 44, 'device_vector\\s*<': 5, 'host_vector\\s*<': 30}"
fzi-forschungszentrum-informatik/gpu-voxels,packages/gpu_voxels/src/gpu_voxels/octree/PointCloud.cu,.cu,17937,95,8,"{'thrust::': 34, '#include\\s*<thrust/': 7, 'thrust\\s*::\\s*\\w+': 34, 'device_vector\\s*<': 13, 'host_vector\\s*<': 7}"
fzi-forschungszentrum-informatik/gpu-voxels,packages/gpu_voxels/src/gpu_voxels/octree/Sensor.cu,.cu,14410,90,0,"{'thrust::': 30, 'thrust\\s*::\\s*\\w+': 30, 'device_vector\\s*<': 30}"
fzi-forschungszentrum-informatik/gpu-voxels,packages/gpu_voxels/src/gpu_voxels/octree/NTree.h,.h,21368,83,1,"{'thrust::': 29, '#include\\s*<thrust/': 2, 'thrust\\s*::\\s*\\w+': 29, 'device_vector\\s*<': 14, 'host_vector\\s*<': 9}"
fzi-forschungszentrum-informatik/gpu-voxels,packages/gpu_voxels/src/gpu_voxels/octree/kernels/kernel_Octree.h,.h,96346,60,23,"{'thrust::': 28, '#include\\s*<thrust/': 4, 'thrust\\s*::\\s*\\w+': 28}"
fzi-forschungszentrum-informatik/gpu-voxels,packages/gpu_voxels/src/gpu_voxels/helpers_highlevel/DistanceMapConverter.cu,.cu,7106,67,11,"{'thrust::': 30, '#include\\s*<thrust/': 4, 'thrust\\s*::\\s*\\w+': 30, 'device_vector\\s*<': 3}"
NVIDIA/cuopt,cpp/src/mip/problem/problem.cu,.cu,78053,213,33,"{'thrust::': 102, '#include\\s*<thrust/': 9, 'thrust\\s*::\\s*\\w+': 102}"
NVIDIA/cuopt,cpp/src/mip/presolve/trivial_presolve.cuh,.cuh,18456,128,28,"{'thrust::': 57, '#include\\s*<thrust/': 14, 'thrust\\s*::\\s*\\w+': 57}"
NVIDIA/cuopt,cpp/src/routing/local_search/compute_compatible.cu,.cu,34502,97,14,"{'thrust::': 48, '#include\\s*<thrust/': 1, 'thrust\\s*::\\s*\\w+': 48}"
NVIDIA/cuopt,cpp/src/mip/feasibility_jump/feasibility_jump.cu,.cu,54367,96,7,"{'thrust::': 46, '#include\\s*<thrust/': 4, 'thrust\\s*::\\s*\\w+': 46}"
NVIDIA/cuopt,cpp/src/mip/solution/solution.cu,.cu,26731,68,20,"{'thrust::': 33, '#include\\s*<thrust/': 2, 'thrust\\s*::\\s*\\w+': 33}"
NVIDIA/cuopt,cpp/tests/mip/problem_test.cu,.cu,14981,81,2,"{'thrust::': 32, '#include\\s*<thrust/': 10, 'thrust\\s*::\\s*\\w+': 32, 'host_vector\\s*<': 7}"
NVIDIA/cuopt,cpp/src/routing/utilities/check_input.cu,.cu,20020,70,11,"{'thrust::': 33, '#include\\s*<thrust/': 4, 'thrust\\s*::\\s*\\w+': 33}"
NVIDIA/cuopt,cpp/src/linear_programming/restart_strategy/pdlp_restart_strategy.cu,.cu,93353,70,9,"{'thrust::': 30, '#include\\s*<thrust/': 10, 'thrust\\s*::\\s*\\w+': 30}"
NVIDIA/cuopt,cpp/src/mip/presolve/bounds_update_helpers.cuh,.cuh,15694,76,3,"{'thrust::': 38, 'thrust\\s*::\\s*\\w+': 38}"
NVIDIA/cuopt,cpp/src/mip/presolve/multi_probe.cu,.cu,20813,66,8,"{'thrust::': 31, '#include\\s*<thrust/': 4, 'thrust\\s*::\\s*\\w+': 31}"
dmlc/xgboost,src/metric/auc.cu,.cu,34179,195,46,"{'thrust::': 90, '#include\\s*<thrust/': 3, 'thrust\\s*::\\s*\\w+': 90, 'device_vector\\s*<': 12}"
dmlc/xgboost,src/common/quantile.cu,.cu,31205,117,28,"{'thrust::': 53, '#include\\s*<thrust/': 6, 'thrust\\s*::\\s*\\w+': 53, 'device_vector\\s*<': 5}"
dmlc/xgboost,src/common/device_helpers.cuh,.cuh,31635,129,15,"{'thrust::': 59, '#include\\s*<thrust/': 9, 'thrust\\s*::\\s*\\w+': 59, 'device_vector\\s*<': 2}"
dmlc/xgboost,src/objective/lambdarank_obj.cu,.cu,27892,99,25,"{'thrust::': 47, '#include\\s*<thrust/': 5, 'thrust\\s*::\\s*\\w+': 47}"
dmlc/xgboost,tests/cpp/tree/gpu_hist/test_evaluate_splits.cu,.cu,29435,107,0,"{'thrust::': 32, '#include\\s*<thrust/': 1, 'thrust\\s*::\\s*\\w+': 32, 'device_vector\\s*<': 41, 'host_vector\\s*<': 1}"
dmlc/xgboost,tests/cpp/common/test_span.cu,.cu,11622,96,0,"{'thrust::': 36, '#include\\s*<thrust/': 3, 'thrust\\s*::\\s*\\w+': 36, 'device_vector\\s*<': 11, 'host_vector\\s*<': 10}"
dmlc/xgboost,src/encoder/ordinal.cuh,.cuh,14798,73,12,"{'thrust::': 32, '#include\\s*<thrust/': 8, 'thrust\\s*::\\s*\\w+': 32, 'device_vector\\s*<': 1}"
dmlc/xgboost,src/tree/gpu_hist/gradient_based_sampler.cu,.cu,15876,70,10,"{'thrust::': 33, '#include\\s*<thrust/': 4, 'thrust\\s*::\\s*\\w+': 33}"
dmlc/xgboost,src/data/ellpack_page.cu,.cu,33934,68,11,"{'thrust::': 31, '#include\\s*<thrust/': 4, 'thrust\\s*::\\s*\\w+': 31, 'device_vector\\s*<': 2}"
dmlc/xgboost,tests/cpp/common/test_quantile.cu,.cu,28799,63,6,"{'thrust::': 26, 'thrust\\s*::\\s*\\w+': 26, 'device_vector\\s*<': 10, 'host_vector\\s*<': 1}"
NVIDIA/cuCollections,include/cuco/utility/key_generator.cuh,.cuh,18264,114,10,"{'thrust::': 48, '#include\\s*<thrust/': 12, 'thrust\\s*::\\s*\\w+': 48, 'device_vector\\s*<': 6}"
NVIDIA/cuCollections,tests/dynamic_map/retrieve_all_test.cu,.cu,4797,68,6,"{'thrust::': 26, '#include\\s*<thrust/': 6, 'thrust\\s*::\\s*\\w+': 26, 'device_vector\\s*<': 10}"
NVIDIA/cuCollections,tests/static_map/retrieve_if_test.cu,.cu,9224,71,2,"{'thrust::': 28, '#include\\s*<thrust/': 3, 'thrust\\s*::\\s*\\w+': 28, 'device_vector\\s*<': 12}"
NVIDIA/cuCollections,tests/static_multimap/retrieve_if_test.cu,.cu,9422,71,2,"{'thrust::': 27, '#include\\s*<thrust/': 5, 'thrust\\s*::\\s*\\w+': 27, 'device_vector\\s*<': 12}"
NVIDIA/cuCollections,tests/static_set/retrieve_if_test.cu,.cu,8778,65,0,"{'thrust::': 25, '#include\\s*<thrust/': 3, 'thrust\\s*::\\s*\\w+': 25, 'device_vector\\s*<': 12}"
NVIDIA/cuCollections,tests/static_multiset/retrieve_if_test.cu,.cu,8796,65,0,"{'thrust::': 25, '#include\\s*<thrust/': 3, 'thrust\\s*::\\s*\\w+': 25, 'device_vector\\s*<': 12}"
NVIDIA/cuCollections,tests/static_set/unique_sequence_test.cu,.cu,6355,44,5,"{'thrust::': 17, '#include\\s*<thrust/': 6, 'thrust\\s*::\\s*\\w+': 17, 'device_vector\\s*<': 4}"
NVIDIA/cuCollections,tests/static_map/duplicate_keys_test.cu,.cu,5241,43,4,"{'thrust::': 15, '#include\\s*<thrust/': 7, 'thrust\\s*::\\s*\\w+': 15, 'device_vector\\s*<': 6}"
NVIDIA/cuCollections,tests/static_map/find_test.cu,.cu,7072,39,7,"{'thrust::': 15, '#include\\s*<thrust/': 8, 'thrust\\s*::\\s*\\w+': 15, 'device_vector\\s*<': 1}"
NVIDIA/cuCollections,tests/static_multiset/count_test.cu,.cu,7481,37,6,"{'thrust::': 16, '#include\\s*<thrust/': 3, 'thrust\\s*::\\s*\\w+': 16, 'device_vector\\s*<': 2}"
uber/aresdb,query/functor.hpp,.hpp,45988,691,75,"{'thrust::': 345, '#include\\s*<thrust/': 1, 'thrust\\s*::\\s*\\w+': 345}"
uber/aresdb,query/functor_unittest.cu,.cu,47072,482,90,"{'thrust::': 235, '#include\\s*<thrust/': 6, 'thrust\\s*::\\s*\\w+': 235, 'host_vector\\s*<': 6}"
uber/aresdb,query/iterator.hpp,.hpp,52639,463,23,"{'thrust::': 228, '#include\\s*<thrust/': 7, 'thrust\\s*::\\s*\\w+': 228}"
uber/aresdb,query/iterator_unittest.cu,.cu,26171,93,22,"{'thrust::': 44, '#include\\s*<thrust/': 5, 'thrust\\s*::\\s*\\w+': 44}"
uber/aresdb,query/hll.cu,.cu,13242,84,25,"{'thrust::': 39, '#include\\s*<thrust/': 2, 'thrust\\s*::\\s*\\w+': 39, 'device_vector\\s*<': 4}"
uber/aresdb,query/binder.hpp,.hpp,29541,74,9,"{'thrust::': 37, 'thrust\\s*::\\s*\\w+': 37}"
uber/aresdb,query/sort_reduce.cu,.cu,12214,72,9,"{'thrust::': 33, '#include\\s*<thrust/': 4, 'thrust\\s*::\\s*\\w+': 33, 'device_vector\\s*<': 2}"
uber/aresdb,query/unittest_utils.hpp,.hpp,11469,77,0,"{'thrust::': 29, '#include\\s*<thrust/': 5, 'thrust\\s*::\\s*\\w+': 29, 'device_vector\\s*<': 5, 'host_vector\\s*<': 9}"
uber/aresdb,query/functor.cu,.cu,8908,52,4,"{'thrust::': 26, 'thrust\\s*::\\s*\\w+': 26}"
uber/aresdb,query/hash_reduction.cu,.cu,15039,27,5,"{'thrust::': 13, '#include\\s*<thrust/': 1, 'thrust\\s*::\\s*\\w+': 13}"
zhongshp/Co-LRIO,include/third_parties/flann/algorithms/kdtree_cuda_3d_index.cu,.cu,56362,468,7,"{'thrust::': 228, '#include\\s*<thrust/': 9, 'thrust\\s*::\\s*\\w+': 228, 'host_vector\\s*<': 3}"
zhongshp/Co-LRIO,include/third_parties/flann/algorithms/kdtree_cuda_builder.h,.h,35947,393,19,"{'thrust::': 192, '#include\\s*<thrust/': 7, 'thrust\\s*::\\s*\\w+': 192, 'host_vector\\s*<': 2}"
zhongshp/Co-LRIO,include/third_parties/gicp/cuda/gaussian_voxelmap.cu,.cu,12447,264,9,"{'thrust::': 121, 'thrust\\s*::\\s*\\w+': 121, 'device_vector\\s*<': 21, 'host_vector\\s*<': 1}"
zhongshp/Co-LRIO,include/third_parties/gicp/cuda/ndt_compute_derivatives.cu,.cu,9423,149,11,"{'thrust::': 72, '#include\\s*<thrust/': 1, 'thrust\\s*::\\s*\\w+': 72, 'device_vector\\s*<': 4}"
zhongshp/Co-LRIO,include/third_parties/gicp/cuda/compute_derivatives.cu,.cu,6782,109,7,"{'thrust::': 50, '#include\\s*<thrust/': 4, 'thrust\\s*::\\s*\\w+': 50, 'device_vector\\s*<': 5}"
zhongshp/Co-LRIO,include/third_parties/gicp/cuda/brute_force_knn.cu,.cu,4126,94,7,"{'thrust::': 41, '#include\\s*<thrust/': 5, 'thrust\\s*::\\s*\\w+': 41, 'device_vector\\s*<': 7}"
zhongshp/Co-LRIO,include/third_parties/gicp/cuda/fast_vgicp_cuda.cu,.cu,10569,90,2,"{'thrust::': 31, '#include\\s*<thrust/': 3, 'thrust\\s*::\\s*\\w+': 31, 'device_vector\\s*<': 13, 'host_vector\\s*<': 12}"
zhongshp/Co-LRIO,include/third_parties/gicp/cuda/covariance_regularization.cu,.cu,5016,76,7,"{'thrust::': 34, '#include\\s*<thrust/': 3, 'thrust\\s*::\\s*\\w+': 34, 'device_vector\\s*<': 5}"
zhongshp/Co-LRIO,include/third_parties/gicp/cuda/covariance_estimation_rbf.cu,.cu,5409,71,1,"{'thrust::': 31, '#include\\s*<thrust/': 3, 'thrust\\s*::\\s*\\w+': 31, 'device_vector\\s*<': 6}"
zhongshp/Co-LRIO,include/third_parties/gicp/cuda/find_voxel_correspondences.cu,.cu,3970,69,1,"{'thrust::': 31, '#include\\s*<thrust/': 3, 'thrust\\s*::\\s*\\w+': 31, 'device_vector\\s*<': 4}"
PaddlePaddle/Paddle,paddle/phi/common/complex.h,.h,20160,120,0,"{'thrust::': 59, '#include\\s*<thrust/': 2, 'thrust\\s*::\\s*\\w+': 59}"
PaddlePaddle/Paddle,paddle/phi/kernels/gpu/unique_kernel.cu,.cu,27721,98,6,"{'thrust::': 45, '#include\\s*<thrust/': 8, 'thrust\\s*::\\s*\\w+': 45}"
PaddlePaddle/Paddle,paddle/phi/kernels/gpu/graph_reindex_kernel.cu,.cu,15884,103,1,"{'thrust::': 44, '#include\\s*<thrust/': 5, 'thrust\\s*::\\s*\\w+': 44, 'device_vector\\s*<': 10}"
PaddlePaddle/Paddle,paddle/phi/kernels/gpu/unique_consecutive_functor.h,.h,17515,83,2,"{'thrust::': 38, '#include\\s*<thrust/': 7, 'thrust\\s*::\\s*\\w+': 38}"
PaddlePaddle/Paddle,paddle/phi/kernels/gpu/graph_sample_neighbors_kernel.cu,.cu,17002,70,3,"{'thrust::': 31, '#include\\s*<thrust/': 6, 'thrust\\s*::\\s*\\w+': 31, 'device_vector\\s*<': 2}"
PaddlePaddle/Paddle,paddle/phi/kernels/strings/gpu/strings_lower_upper_kernel.cu,.cu,7420,60,8,"{'thrust::': 28, 'thrust\\s*::\\s*\\w+': 28, 'device_vector\\s*<': 4}"
PaddlePaddle/Paddle,paddle/phi/kernels/sparse/gpu/convolution.cu.h,.h,22216,65,3,"{'thrust::': 30, '#include\\s*<thrust/': 5, 'thrust\\s*::\\s*\\w+': 30}"
PaddlePaddle/Paddle,paddle/phi/kernels/sparse/gpu/slice_kernel.cu,.cu,28205,50,12,"{'thrust::': 24, '#include\\s*<thrust/': 2, 'thrust\\s*::\\s*\\w+': 24}"
PaddlePaddle/Paddle,paddle/phi/kernels/legacy/gpu/moe_ops_partial_nosoftmaxtopk_kernel.cu,.cu,23880,55,3,"{'thrust::': 26, 'thrust\\s*::\\s*\\w+': 26, 'host_vector\\s*<': 3}"
PaddlePaddle/Paddle,paddle/phi/kernels/funcs/mode.h,.h,6833,51,2,"{'thrust::': 20, '#include\\s*<thrust/': 8, 'thrust\\s*::\\s*\\w+': 20, 'device_vector\\s*<': 3}"
rapidsai/raft,cpp/tests/core/mdarray.cu,.cu,35538,132,21,"{'thrust::': 58, '#include\\s*<thrust/': 5, 'thrust\\s*::\\s*\\w+': 58, 'device_vector\\s*<': 10, 'host_vector\\s*<': 1}"
rapidsai/raft,cpp/include/raft/cluster/detail/kmeans_deprecated.cuh,.cuh,40541,116,8,"{'thrust::': 51, '#include\\s*<thrust/': 14, 'thrust\\s*::\\s*\\w+': 51}"
rapidsai/raft,cpp/include/raft/solver/detail/lap_functions.cuh,.cuh,22527,112,4,"{'thrust::': 54, '#include\\s*<thrust/': 4, 'thrust\\s*::\\s*\\w+': 54}"
rapidsai/raft,cpp/include/raft/neighbors/detail/nn_descent.cuh,.cuh,58867,90,0,"{'thrust::': 34, '#include\\s*<thrust/': 5, 'thrust\\s*::\\s*\\w+': 34, 'device_vector\\s*<': 8, 'host_vector\\s*<': 9}"
rapidsai/raft,cpp/include/raft/sparse/solver/detail/mst_solver_inl.cuh,.cuh,18065,70,12,"{'thrust::': 28, '#include\\s*<thrust/': 14, 'thrust\\s*::\\s*\\w+': 28}"
rapidsai/raft,cpp/tests/core/span.cu,.cu,5821,68,7,"{'thrust::': 27, '#include\\s*<thrust/': 7, 'thrust\\s*::\\s*\\w+': 27, 'device_vector\\s*<': 4, 'host_vector\\s*<': 3}"
rapidsai/raft,cpp/include/raft/spectral/detail/spectral_util.cuh,.cuh,6748,61,9,"{'thrust::': 26, '#include\\s*<thrust/': 9, 'thrust\\s*::\\s*\\w+': 26}"
rapidsai/raft,cpp/include/raft/sparse/neighbors/detail/cross_component_nn.cuh,.cuh,21440,61,8,"{'thrust::': 23, '#include\\s*<thrust/': 10, 'thrust\\s*::\\s*\\w+': 23, 'device_vector\\s*<': 5}"
rapidsai/raft,cpp/include/raft/spatial/knn/detail/ball_cover.cuh,.cuh,28374,59,5,"{'thrust::': 25, '#include\\s*<thrust/': 9, 'thrust\\s*::\\s*\\w+': 25}"
rapidsai/raft,cpp/tests/stats/weighted_mean.cu,.cu,13570,47,0,"{'thrust::': 15, '#include\\s*<thrust/': 2, 'thrust\\s*::\\s*\\w+': 15, 'device_vector\\s*<': 3, 'host_vector\\s*<': 12}"
catboost/catboost,contrib/libs/nvidia/thrust/thrust/functional.h,.h,55075,301,13,"{'thrust::': 104, '#include\\s*<thrust/': 63, 'thrust\\s*::\\s*\\w+': 104, 'device_vector\\s*<': 30}"
catboost/catboost,contrib/libs/nvidia/thrust/thrust/iterator/detail/iterator_facade_category.h,.h,9981,178,0,"{'thrust::': 84, '#include\\s*<thrust/': 10, 'thrust\\s*::\\s*\\w+': 84}"
catboost/catboost,contrib/libs/nvidia/thrust/thrust/detail/functional/operators/relational_operators.h,.h,7904,77,0,"{'thrust::': 36, '#include\\s*<thrust/': 5, 'thrust\\s*::\\s*\\w+': 36}"
catboost/catboost,contrib/libs/nvidia/thrust/thrust/detail/functional/operators/arithmetic_operators.h,.h,10319,69,0,"{'thrust::': 32, '#include\\s*<thrust/': 5, 'thrust\\s*::\\s*\\w+': 32}"
catboost/catboost,contrib/libs/nvidia/thrust/thrust/iterator/counting_iterator.h,.h,8164,64,3,"{'thrust::': 25, '#include\\s*<thrust/': 10, 'thrust\\s*::\\s*\\w+': 25, 'device_vector\\s*<': 4}"
catboost/catboost,contrib/libs/nvidia/thrust/thrust/detail/functional/operators/operator_adaptors.h,.h,3747,64,0,"{'thrust::': 29, '#include\\s*<thrust/': 6, 'thrust\\s*::\\s*\\w+': 29}"
catboost/catboost,contrib/libs/nvidia/thrust/thrust/detail/functional/composite.h,.h,4163,61,0,"{'thrust::': 29, '#include\\s*<thrust/': 3, 'thrust\\s*::\\s*\\w+': 29}"
catboost/catboost,contrib/libs/nvidia/thrust/thrust/detail/raw_reference_cast.h,.h,8069,58,0,"{'thrust::': 26, '#include\\s*<thrust/': 6, 'thrust\\s*::\\s*\\w+': 26}"
catboost/catboost,contrib/libs/nvidia/thrust/thrust/detail/type_traits/pointer_traits.h,.h,11185,51,0,"{'thrust::': 23, '#include\\s*<thrust/': 5, 'thrust\\s*::\\s*\\w+': 23}"
catboost/catboost,contrib/libs/nvidia/thrust/thrust/detail/type_traits/function_traits.h,.h,3375,47,0,"{'thrust::': 22, '#include\\s*<thrust/': 3, 'thrust\\s*::\\s*\\w+': 22}"
h2oai/h2o4gpu,src/gpu/kmeans/kmeans_h2o4gpu.cu,.cu,37028,247,4,"{'thrust::': 89, '#include\\s*<thrust/': 5, 'thrust\\s*::\\s*\\w+': 89, 'device_vector\\s*<': 39, 'host_vector\\s*<': 25}"
h2oai/h2o4gpu,src/gpu/kmeans/kmeans_labels.h,.h,17768,196,0,"{'thrust::': 78, '#include\\s*<thrust/': 4, 'thrust\\s*::\\s*\\w+': 78, 'device_vector\\s*<': 32, 'host_vector\\s*<': 4}"
h2oai/h2o4gpu,src/gpu/matrix/matrix_dense.cu,.cu,79950,186,10,"{'thrust::': 88, '#include\\s*<thrust/': 10, 'thrust\\s*::\\s*\\w+': 88}"
h2oai/h2o4gpu,tests/cpp/gpu/kmeans/test_kmeans_centroids.cu,.cu,10202,165,0,"{'thrust::': 63, '#include\\s*<thrust/': 1, 'thrust\\s*::\\s*\\w+': 63, 'device_vector\\s*<': 20, 'host_vector\\s*<': 18}"
h2oai/h2o4gpu,tests/cpp/gpu/arima/test_arima.cu,.cu,12314,164,0,"{'thrust::': 63, '#include\\s*<thrust/': 2, 'thrust\\s*::\\s*\\w+': 63, 'device_vector\\s*<': 25, 'host_vector\\s*<': 11}"
h2oai/h2o4gpu,src/gpu/data/matrix.cu,.cu,20753,88,18,"{'thrust::': 40, '#include\\s*<thrust/': 2, 'thrust\\s*::\\s*\\w+': 40, 'device_vector\\s*<': 6}"
h2oai/h2o4gpu,src/gpu/kmeans/kmeans_impl.h,.h,8325,78,0,"{'thrust::': 27, '#include\\s*<thrust/': 3, 'thrust\\s*::\\s*\\w+': 27, 'device_vector\\s*<': 17, 'host_vector\\s*<': 4}"
h2oai/h2o4gpu,src/gpu/kmeans/kmeans_labels.cu,.cu,11852,72,0,"{'thrust::': 30, 'thrust\\s*::\\s*\\w+': 30, 'device_vector\\s*<': 12}"
h2oai/h2o4gpu,src/gpu/data/matrix.cuh,.cuh,14772,65,5,"{'thrust::': 32, 'thrust\\s*::\\s*\\w+': 32, 'host_vector\\s*<': 1}"
h2oai/h2o4gpu,tests/cpp/gpu/kmeans/test_kmeans_h2o4gpu.cu,.cu,4322,67,0,"{'thrust::': 22, '#include\\s*<thrust/': 1, 'thrust\\s*::\\s*\\w+': 22, 'device_vector\\s*<': 12, 'host_vector\\s*<': 10}"
GooFit/GooFit,src/PDFs/physics/Amp4Body_TD.cu,.cu,41655,160,29,"{'thrust::': 76, 'thrust\\s*::\\s*\\w+': 76, 'device_vector\\s*<': 8}"
GooFit/GooFit,src/PDFs/physics/Amp3Body_TD.cu,.cu,38256,157,30,"{'thrust::': 75, '#include\\s*<thrust/': 1, 'thrust\\s*::\\s*\\w+': 75, 'device_vector\\s*<': 6}"
GooFit/GooFit,src/PDFs/physics/Amp4Body.cu,.cu,26941,118,29,"{'thrust::': 55, 'thrust\\s*::\\s*\\w+': 55, 'device_vector\\s*<': 8}"
GooFit/GooFit,src/PDFs/physics/detail/NormEvents_4Body_Base.cu,.cu,13474,121,24,"{'thrust::': 57, '#include\\s*<thrust/': 4, 'thrust\\s*::\\s*\\w+': 57, 'device_vector\\s*<': 3}"
GooFit/GooFit,src/PDFs/physics/Amp3Body.cu,.cu,21483,118,24,"{'thrust::': 54, '#include\\s*<thrust/': 2, 'thrust\\s*::\\s*\\w+': 54, 'device_vector\\s*<': 8}"
GooFit/GooFit,src/PDFs/GooPdf.cu,.cu,13783,84,15,"{'thrust::': 34, '#include\\s*<thrust/': 8, 'thrust\\s*::\\s*\\w+': 34, 'device_vector\\s*<': 2, 'host_vector\\s*<': 6}"
GooFit/GooFit,src/PDFs/physics/Amp3Body_IS.cu,.cu,9380,44,10,"{'thrust::': 20, '#include\\s*<thrust/': 2, 'thrust\\s*::\\s*\\w+': 20, 'device_vector\\s*<': 2}"
GooFit/GooFit,include/goofit/detail/ThrustOverride.h,.h,4677,49,3,"{'thrust::': 19, '#include\\s*<thrust/': 11, 'thrust\\s*::\\s*\\w+': 19}"
GooFit/GooFit,src/PDFs/combine/ConvolutionPdf.cu,.cu,13918,40,10,"{'thrust::': 18, '#include\\s*<thrust/': 2, 'thrust\\s*::\\s*\\w+': 18, 'device_vector\\s*<': 2}"
GooFit/GooFit,src/PDFs/physics/detail/SpecialDalitzIntegrator.cu,.cu,5576,41,0,"{'thrust::': 20, '#include\\s*<thrust/': 1, 'thrust\\s*::\\s*\\w+': 20}"
rapidsai/cuml,cpp/tests/sg/svc_test.cu,.cu,79804,124,22,"{'thrust::': 58, '#include\\s*<thrust/': 8, 'thrust\\s*::\\s*\\w+': 58}"
rapidsai/cuml,cpp/tests/sg/rf_test.cu,.cu,58870,141,5,"{'thrust::': 48, '#include\\s*<thrust/': 13, 'thrust\\s*::\\s*\\w+': 48, 'device_vector\\s*<': 25, 'host_vector\\s*<': 7}"
rapidsai/cuml,cpp/src/hdbscan/condensed_hierarchy.cu,.cu,8335,95,16,"{'thrust::': 42, '#include\\s*<thrust/': 11, 'thrust\\s*::\\s*\\w+': 42}"
rapidsai/cuml,cpp/src/hdbscan/detail/select.cuh,.cuh,19187,70,12,"{'thrust::': 29, '#include\\s*<thrust/': 12, 'thrust\\s*::\\s*\\w+': 29}"
rapidsai/cuml,cpp/src/genetic/fitness.cuh,.cuh,11927,69,8,"{'thrust::': 26, '#include\\s*<thrust/': 11, 'thrust\\s*::\\s*\\w+': 26, 'device_vector\\s*<': 6}"
rapidsai/cuml,cpp/src/arima/batched_arima.cu,.cu,37254,66,4,"{'thrust::': 30, '#include\\s*<thrust/': 6, 'thrust\\s*::\\s*\\w+': 30}"
rapidsai/cuml,cpp/src/tsa/auto_arima.cuh,.cuh,17483,57,8,"{'thrust::': 25, '#include\\s*<thrust/': 7, 'thrust\\s*::\\s*\\w+': 25}"
rapidsai/cuml,cpp/src/hdbscan/detail/stabilities.cuh,.cuh,8839,55,10,"{'thrust::': 23, '#include\\s*<thrust/': 9, 'thrust\\s*::\\s*\\w+': 23}"
rapidsai/cuml,cpp/src/hdbscan/prediction_data.cu,.cu,10809,43,10,"{'thrust::': 18, '#include\\s*<thrust/': 7, 'thrust\\s*::\\s*\\w+': 18}"
rapidsai/cuml,cpp/src/umap/simpl_set_embed/algo.cuh,.cuh,13326,42,7,"{'thrust::': 19, '#include\\s*<thrust/': 4, 'thrust\\s*::\\s*\\w+': 19}"
projectchrono/chrono,src/chrono_fsi/sph/utils/UtilsPrintSph.cu,.cu,27088,286,0,"{'thrust::': 95, '#include\\s*<thrust/': 1, 'thrust\\s*::\\s*\\w+': 95, 'device_vector\\s*<': 26, 'host_vector\\s*<': 69}"
projectchrono/chrono,src/chrono_fsi/sph/physics/FsiDataManager.cuh,.cuh,20853,260,0,"{'thrust::': 88, '#include\\s*<thrust/': 6, 'thrust\\s*::\\s*\\w+': 88, 'device_vector\\s*<': 51, 'host_vector\\s*<': 27}"
projectchrono/chrono,src/chrono_fsi/sph/physics/FsiDataManager.cu,.cu,37595,210,14,"{'thrust::': 91, '#include\\s*<thrust/': 12, 'thrust\\s*::\\s*\\w+': 91, 'device_vector\\s*<': 14, 'host_vector\\s*<': 2}"
projectchrono/chrono,src/chrono_fsi/sph/physics/FsiForceISPH.cu,.cu,64440,99,7,"{'thrust::': 44, '#include\\s*<thrust/': 3, 'thrust\\s*::\\s*\\w+': 44, 'device_vector\\s*<': 8}"
projectchrono/chrono,src/chrono_fsi/sph/physics/BceManager.cu,.cu,56377,88,10,"{'thrust::': 35, '#include\\s*<thrust/': 4, 'thrust\\s*::\\s*\\w+': 35, 'device_vector\\s*<': 12, 'host_vector\\s*<': 2}"
projectchrono/chrono,src/chrono_fsi/sph/utils/UtilsPrintSph.cuh,.cuh,5221,98,0,"{'thrust::': 32, '#include\\s*<thrust/': 2, 'thrust\\s*::\\s*\\w+': 32, 'device_vector\\s*<': 26, 'host_vector\\s*<': 6}"
projectchrono/chrono,src/chrono_fsi/sph/physics/FsiParticleRelocator.cu,.cu,7773,74,5,"{'thrust::': 30, '#include\\s*<thrust/': 14, 'thrust\\s*::\\s*\\w+': 30}"
projectchrono/chrono,src/chrono/multicore_math/thrust.h,.h,5826,66,8,"{'thrust::': 29, '#include\\s*<thrust/': 8, 'thrust\\s*::\\s*\\w+': 29}"
projectchrono/chrono,src/chrono_fsi/sph/physics/FsiForce.cu,.cu,3604,58,2,"{'thrust::': 20, '#include\\s*<thrust/': 2, 'thrust\\s*::\\s*\\w+': 20, 'device_vector\\s*<': 16}"
projectchrono/chrono,src/chrono_fsi/sph/physics/FsiInterface.cu,.cu,4874,43,6,"{'thrust::': 16, '#include\\s*<thrust/': 3, 'thrust\\s*::\\s*\\w+': 16, 'device_vector\\s*<': 6, 'host_vector\\s*<': 2}"
Qiskit/qiskit-aer,src/simulators/statevector/chunk/thrust_kernels.hpp,.hpp,66980,429,1,"{'thrust::': 214, 'thrust\\s*::\\s*\\w+': 214, 'thrust\\.h': 1}"
Qiskit/qiskit-aer,src/simulators/statevector/chunk/device_chunk_container.hpp,.hpp,43507,265,6,"{'thrust::': 132, 'thrust\\s*::\\s*\\w+': 132, 'host_vector\\s*<': 1}"
Qiskit/qiskit-aer,src/simulators/tensor_network/tensor_net_contractor_cuTensorNet.hpp,.hpp,40649,170,4,"{'thrust::': 81, 'thrust\\s*::\\s*\\w+': 81, 'device_vector\\s*<': 7, 'thrust\\.h': 1}"
Qiskit/qiskit-aer,src/simulators/density_matrix/densitymatrix_thrust.hpp,.hpp,46303,161,0,"{'thrust::': 80, 'thrust\\s*::\\s*\\w+': 80, 'thrust\\.h': 1}"
Qiskit/qiskit-aer,src/simulators/statevector/qubitvector_thrust.hpp,.hpp,107788,129,0,"{'thrust::': 64, 'thrust\\s*::\\s*\\w+': 64, 'host_vector\\s*<': 1}"
Qiskit/qiskit-aer,src/simulators/statevector/chunk/chunk_container.hpp,.hpp,40337,107,6,"{'thrust::': 53, 'thrust\\s*::\\s*\\w+': 53, 'thrust\\.h': 1}"
Qiskit/qiskit-aer,src/simulators/statevector/chunk/host_chunk_container.hpp,.hpp,10423,83,2,"{'thrust::': 41, 'thrust\\s*::\\s*\\w+': 41, 'host_vector\\s*<': 1}"
Qiskit/qiskit-aer,src/simulators/statevector/chunk/cuda_kernels.hpp,.hpp,9736,24,0,"{'thrust::': 12, 'thrust\\s*::\\s*\\w+': 12}"
Qiskit/qiskit-aer,src/misc/wrap_thrust.hpp,.hpp,1620,18,0,{'#include\\s*<thrust/': 18}
Qiskit/qiskit-aer,src/simulators/statevector/chunk/chunk.hpp,.hpp,16844,16,0,"{'thrust::': 8, 'thrust\\s*::\\s*\\w+': 8}"
isce-framework/isce3,tests/cxx/isce3/cuda/fft/cuda-fft.cu,.cu,8855,183,0,"{'thrust::': 78, '#include\\s*<thrust/': 2, 'thrust\\s*::\\s*\\w+': 78, 'device_vector\\s*<': 25}"
isce-framework/isce3,tests/cxx/isce3/cuda/fft/cuda-fftplan.cu,.cu,6960,124,0,"{'thrust::': 52, '#include\\s*<thrust/': 2, 'thrust\\s*::\\s*\\w+': 52, 'device_vector\\s*<': 18}"
isce-framework/isce3,cxx/isce3/cuda/fft/FFT.h,.h,7025,120,0,"{'thrust::': 60, 'thrust\\s*::\\s*\\w+': 60}"
isce-framework/isce3,cxx/isce3/cuda/signal/gpuCrossMul.cu,.cu,23477,92,0,"{'thrust::': 37, '#include\\s*<thrust/': 3, 'thrust\\s*::\\s*\\w+': 37, 'device_vector\\s*<': 11, 'host_vector\\s*<': 4}"
isce-framework/isce3,cxx/isce3/cuda/signal/gpuSignal.cu,.cu,36897,86,0,"{'thrust::': 43, 'thrust\\s*::\\s*\\w+': 43}"
isce-framework/isce3,cxx/isce3/cuda/focus/Backproject.cu,.cu,29585,79,3,"{'thrust::': 30, '#include\\s*<thrust/': 4, 'thrust\\s*::\\s*\\w+': 30, 'device_vector\\s*<': 15}"
isce-framework/isce3,cxx/isce3/cuda/fft/FFTPlan.h,.h,18555,73,0,"{'thrust::': 36, '#include\\s*<thrust/': 1, 'thrust\\s*::\\s*\\w+': 36}"
isce-framework/isce3,tests/cxx/isce3/cuda/fft/FFTTestHelper.h,.h,6894,71,0,"{'thrust::': 33, '#include\\s*<thrust/': 2, 'thrust\\s*::\\s*\\w+': 33, 'device_vector\\s*<': 3}"
isce-framework/isce3,cxx/isce3/cuda/geocode/MaskedMinMax.cu,.cu,4395,57,4,"{'thrust::': 25, '#include\\s*<thrust/': 5, 'thrust\\s*::\\s*\\w+': 25, 'device_vector\\s*<': 2}"
isce-framework/isce3,cxx/isce3/cuda/image/gpuResampSlc.cu,.cu,14146,52,0,"{'thrust::': 22, '#include\\s*<thrust/': 2, 'thrust\\s*::\\s*\\w+': 22, 'device_vector\\s*<': 5, 'host_vector\\s*<': 1}"
abacusmodeling/abacus-develop,source/source_pw/module_pwdft/kernels/cuda/stress_op.cu,.cu,41205,183,0,"{'thrust::': 91, '#include\\s*<thrust/': 1, 'thrust\\s*::\\s*\\w+': 91}"
abacusmodeling/abacus-develop,source/source_pw/module_pwdft/kernels/rocm/stress_op.hip.cu,.cu,40946,177,0,"{'thrust::': 88, '#include\\s*<thrust/': 1, 'thrust\\s*::\\s*\\w+': 88}"
abacusmodeling/abacus-develop,source/source_pw/module_pwdft/kernels/cuda/force_op.cu,.cu,31483,127,0,"{'thrust::': 63, '#include\\s*<thrust/': 1, 'thrust\\s*::\\s*\\w+': 63}"
abacusmodeling/abacus-develop,source/source_pw/module_pwdft/kernels/rocm/force_op.hip.cu,.cu,26638,123,0,"{'thrust::': 61, '#include\\s*<thrust/': 1, 'thrust\\s*::\\s*\\w+': 61}"
abacusmodeling/abacus-develop,source/source_hsolver/kernels/cuda/bpcg_kernel_op.cu,.cu,17888,67,0,"{'thrust::': 33, '#include\\s*<thrust/': 1, 'thrust\\s*::\\s*\\w+': 33}"
abacusmodeling/abacus-develop,source/source_hsolver/kernels/rocm/bpcg_kernel_op.hip.cu,.cu,13811,67,0,"{'thrust::': 33, '#include\\s*<thrust/': 1, 'thrust\\s*::\\s*\\w+': 33}"
abacusmodeling/abacus-develop,source/source_base/kernels/cuda/math_kernel_op_vec.cu,.cu,18380,45,0,"{'thrust::': 22, '#include\\s*<thrust/': 1, 'thrust\\s*::\\s*\\w+': 22}"
abacusmodeling/abacus-develop,source/source_base/kernels/rocm/math_kernel_op_vec.hip.cu,.cu,20594,45,0,"{'thrust::': 22, '#include\\s*<thrust/': 1, 'thrust\\s*::\\s*\\w+': 22}"
abacusmodeling/abacus-develop,source/source_base/kernels/rocm/math_kernel_op.hip.cu,.cu,22686,33,0,"{'thrust::': 16, '#include\\s*<thrust/': 1, 'thrust\\s*::\\s*\\w+': 16}"
abacusmodeling/abacus-develop,source/source_basis/module_pw/kernels/cuda/pw_op.cu,.cu,7278,33,0,"{'thrust::': 16, '#include\\s*<thrust/': 1, 'thrust\\s*::\\s*\\w+': 16}"
PointCloudLibrary/pcl,cuda/io/src/disparity_to_cloud.cu,.cu,22027,183,22,"{'thrust::': 89, '#include\\s*<thrust/': 2, 'thrust\\s*::\\s*\\w+': 89, 'device_vector\\s*<': 2, 'host_vector\\s*<': 1}"
PointCloudLibrary/pcl,gpu/surface/src/cuda/convex_hull.cu,.cu,23010,168,7,"{'thrust::': 78, '#include\\s*<thrust/': 12, 'thrust\\s*::\\s*\\w+': 78}"
PointCloudLibrary/pcl,cuda/sample_consensus/src/sac_model_1point_plane.cu,.cu,34387,99,14,"{'thrust::': 48, '#include\\s*<thrust/': 3, 'thrust\\s*::\\s*\\w+': 48}"
PointCloudLibrary/pcl,gpu/features/src/centroid.cu,.cu,6486,72,4,"{'thrust::': 33, '#include\\s*<thrust/': 6, 'thrust\\s*::\\s*\\w+': 33}"
PointCloudLibrary/pcl,cuda/sample_consensus/src/sac_model_plane.cu,.cu,15541,66,8,"{'thrust::': 32, '#include\\s*<thrust/': 2, 'thrust\\s*::\\s*\\w+': 32}"
PointCloudLibrary/pcl,cuda/sample_consensus/src/sac_model.cu,.cu,7713,54,15,"{'thrust::': 25, '#include\\s*<thrust/': 4, 'thrust\\s*::\\s*\\w+': 25}"
PointCloudLibrary/pcl,cuda/common/include/pcl/cuda/point_cloud.h,.h,12199,63,4,"{'thrust::': 30, 'thrust\\s*::\\s*\\w+': 30, 'device_vector\\s*<': 1, 'host_vector\\s*<': 1, 'thrust\\.h': 1}"
PointCloudLibrary/pcl,cuda/io/src/debayering.cu,.cu,14387,59,5,"{'thrust::': 25, 'thrust\\s*::\\s*\\w+': 25, 'device_vector\\s*<': 7, 'host_vector\\s*<': 1, 'thrust\\.h': 1}"
PointCloudLibrary/pcl,cuda/io/src/kinect_smoothing.cu,.cu,15287,52,2,"{'thrust::': 24, '#include\\s*<thrust/': 1, 'thrust\\s*::\\s*\\w+': 24, 'device_vector\\s*<': 2, 'host_vector\\s*<': 1}"
PointCloudLibrary/pcl,gpu/octree/src/cuda/octree_builder.cu,.cu,14403,48,5,"{'thrust::': 21, '#include\\s*<thrust/': 6, 'thrust\\s*::\\s*\\w+': 21}"
NVIDIA/accelerated-computing-hub,gpu-cpp-tutorial/notebooks/01.05-Serial-vs-Parallel/Solutions/ach.h,.h,4942,57,0,"{'thrust::': 22, '#include\\s*<thrust/': 13, 'thrust\\s*::\\s*\\w+': 22}"
NVIDIA/accelerated-computing-hub,gpu-cpp-tutorial/notebooks/01.05-Serial-vs-Parallel/Sources/ach.h,.h,4942,57,0,"{'thrust::': 22, '#include\\s*<thrust/': 13, 'thrust\\s*::\\s*\\w+': 22}"
NVIDIA/accelerated-computing-hub,gpu-cpp-tutorial/notebooks/03.05-Shared-Memory/Solutions/ach.cuh,.cuh,6176,55,1,"{'thrust::': 21, '#include\\s*<thrust/': 7, 'thrust\\s*::\\s*\\w+': 21, 'device_vector\\s*<': 4, 'host_vector\\s*<': 2}"
NVIDIA/accelerated-computing-hub,gpu-cpp-tutorial/notebooks/03.05-Shared-Memory/Sources/ach.cuh,.cuh,6176,55,1,"{'thrust::': 21, '#include\\s*<thrust/': 7, 'thrust\\s*::\\s*\\w+': 21, 'device_vector\\s*<': 4, 'host_vector\\s*<': 2}"
NVIDIA/accelerated-computing-hub,gpu-cpp-tutorial/notebooks/03.04-Synchronization/Solutions/ach.cuh,.cuh,6176,55,1,"{'thrust::': 21, '#include\\s*<thrust/': 7, 'thrust\\s*::\\s*\\w+': 21, 'device_vector\\s*<': 4, 'host_vector\\s*<': 2}"
NVIDIA/accelerated-computing-hub,gpu-cpp-tutorial/notebooks/03.04-Synchronization/Sources/ach.cuh,.cuh,6176,55,1,"{'thrust::': 21, '#include\\s*<thrust/': 7, 'thrust\\s*::\\s*\\w+': 21, 'device_vector\\s*<': 4, 'host_vector\\s*<': 2}"
NVIDIA/accelerated-computing-hub,gpu-cpp-tutorial/notebooks/01.04-Vocabulary-Types/Sources/ach.h,.h,4173,51,0,"{'thrust::': 20, '#include\\s*<thrust/': 11, 'thrust\\s*::\\s*\\w+': 20}"
NVIDIA/accelerated-computing-hub,gpu-cpp-tutorial/notebooks/02.02-Asynchrony/Solutions/ach.h,.h,5331,50,0,"{'thrust::': 17, '#include\\s*<thrust/': 14, 'thrust\\s*::\\s*\\w+': 17, 'device_vector\\s*<': 2}"
NVIDIA/accelerated-computing-hub,gpu-cpp-tutorial/notebooks/02.02-Asynchrony/Sources/ach.h,.h,5329,50,0,"{'thrust::': 17, '#include\\s*<thrust/': 14, 'thrust\\s*::\\s*\\w+': 17, 'device_vector\\s*<': 2}"
NVIDIA/accelerated-computing-hub,gpu-cpp-tutorial/notebooks/02.03-Streams/Solutions/ach.h,.h,5347,50,0,"{'thrust::': 17, '#include\\s*<thrust/': 14, 'thrust\\s*::\\s*\\w+': 17, 'device_vector\\s*<': 2}"
eclipse-xacc/xacc,quantum/plugins/ibm/aer/src/simulators/statevector/chunk/thrust_kernels.hpp,.hpp,57653,365,1,"{'thrust::': 182, 'thrust\\s*::\\s*\\w+': 182, 'thrust\\.h': 1}"
eclipse-xacc/xacc,quantum/plugins/ibm/aer/src/simulators/statevector/chunk/device_chunk_container.hpp,.hpp,36079,255,6,"{'thrust::': 127, 'thrust\\s*::\\s*\\w+': 127, 'host_vector\\s*<': 1}"
eclipse-xacc/xacc,quantum/plugins/ibm/aer/src/simulators/density_matrix/densitymatrix_thrust.hpp,.hpp,44559,161,0,"{'thrust::': 80, 'thrust\\s*::\\s*\\w+': 80, 'thrust\\.h': 1}"
eclipse-xacc/xacc,quantum/plugins/ibm/aer/src/simulators/statevector/qubitvector_thrust.hpp,.hpp,101799,129,0,"{'thrust::': 64, 'thrust\\s*::\\s*\\w+': 64, 'host_vector\\s*<': 1}"
eclipse-xacc/xacc,quantum/plugins/ibm/aer/src/simulators/statevector/chunk/chunk_container.hpp,.hpp,31971,105,6,"{'thrust::': 52, 'thrust\\s*::\\s*\\w+': 52, 'thrust\\.h': 1}"
eclipse-xacc/xacc,quantum/plugins/ibm/aer/src/simulators/statevector/chunk/host_chunk_container.hpp,.hpp,9148,83,2,"{'thrust::': 41, 'thrust\\s*::\\s*\\w+': 41, 'host_vector\\s*<': 1}"
eclipse-xacc/xacc,quantum/plugins/ibm/aer/src/simulators/statevector/chunk/cuda_kernels.hpp,.hpp,8714,24,0,"{'thrust::': 12, 'thrust\\s*::\\s*\\w+': 12}"
eclipse-xacc/xacc,quantum/plugins/ibm/aer/src/misc/wrap_thrust.hpp,.hpp,1430,18,0,{'#include\\s*<thrust/': 18}
eclipse-xacc/xacc,quantum/plugins/ibm/aer/src/simulators/statevector/chunk/chunk.hpp,.hpp,13380,16,0,"{'thrust::': 8, 'thrust\\s*::\\s*\\w+': 8}"
eclipse-xacc/xacc,quantum/plugins/ibm/aer/src/simulators/statevector/chunk/cuStateVec_chunk_container.hpp,.hpp,27788,10,0,"{'thrust::': 5, 'thrust\\s*::\\s*\\w+': 5}"
isi-nlp/Zoph_RNN,src/tree_LSTM.hpp,.hpp,40180,204,0,"{'thrust::': 102, 'thrust\\s*::\\s*\\w+': 102}"
isi-nlp/Zoph_RNN,src/Input_To_Hidden_Layer.hpp,.hpp,54035,118,0,"{'thrust::': 59, 'thrust\\s*::\\s*\\w+': 59}"
isi-nlp/Zoph_RNN,src/bi_encoder.hpp,.hpp,38567,106,0,"{'thrust::': 53, 'thrust\\s*::\\s*\\w+': 53}"
isi-nlp/Zoph_RNN,src/softmax.hpp,.hpp,40249,74,0,"{'thrust::': 37, 'thrust\\s*::\\s*\\w+': 37}"
isi-nlp/Zoph_RNN,src/Hidden_To_Hidden_Layer.hpp,.hpp,33516,64,0,"{'thrust::': 32, 'thrust\\s*::\\s*\\w+': 32}"
isi-nlp/Zoph_RNN,src/encoder_multi_source.hpp,.hpp,23438,56,0,"{'thrust::': 28, 'thrust\\s*::\\s*\\w+': 28}"
isi-nlp/Zoph_RNN,src/attention_layer.hpp,.hpp,28923,52,0,"{'thrust::': 26, 'thrust\\s*::\\s*\\w+': 26}"
isi-nlp/Zoph_RNN,src/BZ_CUDA_UTIL.h,.h,32848,48,0,"{'thrust::': 20, '#include\\s*<thrust/': 4, 'thrust\\s*::\\s*\\w+': 20, 'host_vector\\s*<': 4}"
isi-nlp/Zoph_RNN,src/NCE.hpp,.hpp,43342,46,0,"{'thrust::': 23, 'thrust\\s*::\\s*\\w+': 23}"
isi-nlp/Zoph_RNN,src/model.hpp,.hpp,111998,44,0,"{'thrust::': 22, 'thrust\\s*::\\s*\\w+': 22}"
NVIDIA/cutlass,test/unit/cute/ampere/ldsm.cu,.cu,14320,148,0,"{'thrust::': 58, '#include\\s*<thrust/': 2, 'thrust\\s*::\\s*\\w+': 58, 'device_vector\\s*<': 15, 'host_vector\\s*<': 15}"
NVIDIA/cutlass,test/unit/cute/hopper/stsm.cu,.cu,14367,148,0,"{'thrust::': 58, '#include\\s*<thrust/': 2, 'thrust\\s*::\\s*\\w+': 58, 'device_vector\\s*<': 15, 'host_vector\\s*<': 15}"
NVIDIA/cutlass,test/unit/cute/cooperative_gemm_common.hpp,.hpp,30665,60,0,"{'thrust::': 22, '#include\\s*<thrust/': 2, 'thrust\\s*::\\s*\\w+': 22, 'device_vector\\s*<': 8, 'host_vector\\s*<': 6}"
NVIDIA/cutlass,test/unit/gemm/device/sm90_gemm_f8_f8_f8_tensor_op_f32_blockwise.cu,.cu,12010,45,0,"{'thrust::': 21, '#include\\s*<thrust/': 3, 'thrust\\s*::\\s*\\w+': 21}"
NVIDIA/cutlass,test/unit/gemm/device/sm100_gemm_f8_f8_f8_tensor_op_f32_blockwise.cu,.cu,12854,45,0,"{'thrust::': 21, '#include\\s*<thrust/': 3, 'thrust\\s*::\\s*\\w+': 21}"
NVIDIA/cutlass,test/unit/gemm/device/sm90_gett_f16_f16_f16_tensor_op.cu,.cu,7193,32,0,"{'thrust::': 10, '#include\\s*<thrust/': 2, 'thrust\\s*::\\s*\\w+': 10, 'device_vector\\s*<': 5, 'host_vector\\s*<': 5}"
NVIDIA/cutlass,examples/51_hopper_gett/51_hopper_gett.cu,.cu,17340,30,0,"{'thrust::': 10, 'thrust\\s*::\\s*\\w+': 10, 'device_vector\\s*<': 5, 'host_vector\\s*<': 5}"
NVIDIA/cutlass,examples/cute/tutorial/blackwell/02_mma_tma_sm100.cu,.cu,35790,29,0,"{'thrust::': 9, '#include\\s*<thrust/': 2, 'thrust\\s*::\\s*\\w+': 9, 'device_vector\\s*<': 4, 'host_vector\\s*<': 5}"
NVIDIA/cutlass,examples/cute/tutorial/blackwell/04_mma_tma_2sm_sm100.cu,.cu,40253,29,0,"{'thrust::': 9, '#include\\s*<thrust/': 2, 'thrust\\s*::\\s*\\w+': 9, 'device_vector\\s*<': 4, 'host_vector\\s*<': 5}"
NVIDIA/cutlass,examples/cute/tutorial/blackwell/01_mma_sm100.cu,.cu,31848,29,0,"{'thrust::': 9, '#include\\s*<thrust/': 2, 'thrust\\s*::\\s*\\w+': 9, 'device_vector\\s*<': 4, 'host_vector\\s*<': 5}"
petsc/petsc,src/mat/impls/aij/seq/seqcusparse/aijcusparse.cu,.cu,263036,399,68,"{'thrust::': 197, '#include\\s*<thrust/': 5, 'thrust\\s*::\\s*\\w+': 197}"
petsc/petsc,src/vec/vec/impls/seq/cupm/vecseqcupm_impl.hpp,.hpp,85124,244,34,"{'thrust::': 117, '#include\\s*<thrust/': 10, 'thrust\\s*::\\s*\\w+': 117}"
petsc/petsc,src/snes/tutorials/ex47cu.cu,.cu,7269,84,4,"{'thrust::': 39, '#include\\s*<thrust/': 6, 'thrust\\s*::\\s*\\w+': 39}"
petsc/petsc,src/sys/classes/random/impls/curand/curand2.cu,.cu,2147,37,4,"{'thrust::': 17, '#include\\s*<thrust/': 3, 'thrust\\s*::\\s*\\w+': 17}"
petsc/petsc,include/petsc/private/matdensecupmimpl.h,.h,27052,32,2,"{'thrust::': 12, '#include\\s*<thrust/': 7, 'thrust\\s*::\\s*\\w+': 12, 'device_vector\\s*<': 1}"
petsc/petsc,src/mat/impls/h2opus/cuda/math2opus.cu,.cu,75133,32,0,"{'thrust::': 11, 'thrust\\s*::\\s*\\w+': 11, 'device_vector\\s*<': 5, 'host_vector\\s*<': 5}"
petsc/petsc,src/ksp/ksp/impls/hpddm/cuda/hpddm.cu,.cu,2515,27,0,"{'thrust::': 13, '#include\\s*<thrust/': 1, 'thrust\\s*::\\s*\\w+': 13}"
petsc/petsc,src/mat/impls/dense/seq/cupm/matseqdensecupm.hpp,.hpp,83236,19,4,"{'thrust::': 9, 'thrust\\s*::\\s*\\w+': 9, 'device_vector\\s*<': 1}"
petsc/petsc,src/mat/impls/h2opus/cuda/math2opusutils.cu,.cu,7528,19,0,"{'thrust::': 8, '#include\\s*<thrust/': 3, 'thrust\\s*::\\s*\\w+': 8}"
petsc/petsc,src/sys/objects/device/impls/cupm/cupmthrustutility.hpp,.hpp,2237,17,0,"{'thrust::': 7, '#include\\s*<thrust/': 3, 'thrust\\s*::\\s*\\w+': 7}"
quiver-team/torch-quiver,srcs/cpp/include/quiver/quiver.cu.hpp,.hpp,17577,258,18,"{'thrust::': 112, '#include\\s*<thrust/': 2, 'thrust\\s*::\\s*\\w+': 112, 'device_vector\\s*<': 32}"
quiver-team/torch-quiver,srcs/cpp/include/quiver/reindex.cu.hpp,.hpp,15981,244,9,"{'thrust::': 100, '#include\\s*<thrust/': 2, 'thrust\\s*::\\s*\\w+': 100, 'device_vector\\s*<': 42}"
quiver-team/torch-quiver,srcs/cpp/src/quiver/cuda/quiver_sample.cu,.cu,20911,208,3,"{'thrust::': 88, '#include\\s*<thrust/': 2, 'thrust\\s*::\\s*\\w+': 88, 'device_vector\\s*<': 30}"
quiver-team/torch-quiver,srcs/cpp/include/quiver/zip.cu.hpp,.hpp,2712,120,13,"{'thrust::': 46, '#include\\s*<thrust/': 3, 'thrust\\s*::\\s*\\w+': 46, 'device_vector\\s*<': 25}"
quiver-team/torch-quiver,tests/cpp/test_async_algo.cu,.cu,1968,43,1,"{'thrust::': 18, '#include\\s*<thrust/': 1, 'thrust\\s*::\\s*\\w+': 18, 'device_vector\\s*<': 6}"
quiver-team/torch-quiver,benchmarks/cpp/bench_quiver_gpu.cu,.cu,2761,40,2,"{'thrust::': 15, '#include\\s*<thrust/': 1, 'thrust\\s*::\\s*\\w+': 15, 'device_vector\\s*<': 9}"
quiver-team/torch-quiver,tests/cpp/test_quiver.cu,.cu,4247,25,0,"{'thrust::': 9, 'thrust\\s*::\\s*\\w+': 9, 'device_vector\\s*<': 7}"
quiver-team/torch-quiver,benchmarks/cpp/bench_async_algo.cu,.cu,1768,16,2,"{'thrust::': 6, '#include\\s*<thrust/': 1, 'thrust\\s*::\\s*\\w+': 6, 'device_vector\\s*<': 3}"
quiver-team/torch-quiver,tests/cpp/test_reindex.cu,.cu,2119,17,0,"{'thrust::': 7, 'thrust\\s*::\\s*\\w+': 7, 'device_vector\\s*<': 3}"
quiver-team/torch-quiver,srcs/cpp/include/quiver/algorithm.cu.hpp,.hpp,1636,14,2,"{'thrust::': 6, '#include\\s*<thrust/': 2, 'thrust\\s*::\\s*\\w+': 6}"
JanuszBedkowski/gpu_computing_in_robotics,use_cases/common/src/cudaRegularGridDecompositionFunctions.cu,.cu,39219,196,6,"{'thrust::': 98, 'thrust\\s*::\\s*\\w+': 98}"
JanuszBedkowski/gpu_computing_in_robotics,tutorial/lesson_11/src/lesson_11.cu,.cu,55833,72,7,"{'thrust::': 32, '#include\\s*<thrust/': 8, 'thrust\\s*::\\s*\\w+': 32}"
JanuszBedkowski/gpu_computing_in_robotics,tutorial/lesson_9/src/lesson_9.cu,.cu,40667,72,7,"{'thrust::': 32, '#include\\s*<thrust/': 8, 'thrust\\s*::\\s*\\w+': 32}"
JanuszBedkowski/gpu_computing_in_robotics,tutorial/lesson_10/src/lesson_10.cu,.cu,55269,72,7,"{'thrust::': 32, '#include\\s*<thrust/': 8, 'thrust\\s*::\\s*\\w+': 32}"
JanuszBedkowski/gpu_computing_in_robotics,tutorial/lesson_8/src/lesson_8.cu,.cu,31138,42,1,"{'thrust::': 17, '#include\\s*<thrust/': 8, 'thrust\\s*::\\s*\\w+': 17}"
JanuszBedkowski/gpu_computing_in_robotics,tutorial/lesson_3/src/lesson_3.cu,.cu,16680,42,1,"{'thrust::': 17, '#include\\s*<thrust/': 8, 'thrust\\s*::\\s*\\w+': 17}"
JanuszBedkowski/gpu_computing_in_robotics,tutorial/lesson_2/src/lesson_2.cu,.cu,9814,42,1,"{'thrust::': 17, '#include\\s*<thrust/': 8, 'thrust\\s*::\\s*\\w+': 17}"
JanuszBedkowski/gpu_computing_in_robotics,tutorial/lesson_4/src/lesson_4.cu,.cu,13252,42,1,"{'thrust::': 17, '#include\\s*<thrust/': 8, 'thrust\\s*::\\s*\\w+': 17}"
JanuszBedkowski/gpu_computing_in_robotics,tutorial/lesson_5/src/lesson_5.cu,.cu,35328,42,1,"{'thrust::': 17, '#include\\s*<thrust/': 8, 'thrust\\s*::\\s*\\w+': 17}"
JanuszBedkowski/gpu_computing_in_robotics,tutorial/lesson_1/src/lesson_1.cu,.cu,9120,42,1,"{'thrust::': 17, '#include\\s*<thrust/': 8, 'thrust\\s*::\\s*\\w+': 17}"
espressomd/espresso,maintainer/walberla_kernels/templates/FieldAccessors.tmpl.cu,.cu,45366,213,1,"{'thrust::': 86, '#include\\s*<thrust/': 5, 'thrust\\s*::\\s*\\w+': 86, 'device_vector\\s*<': 36}"
espressomd/espresso,src/walberla_bridge/src/lattice_boltzmann/generated_kernels/FieldAccessorsDoublePrecisionCUDA.cu,.cu,54909,213,1,"{'thrust::': 86, '#include\\s*<thrust/': 5, 'thrust\\s*::\\s*\\w+': 86, 'device_vector\\s*<': 36}"
espressomd/espresso,src/walberla_bridge/src/lattice_boltzmann/generated_kernels/FieldAccessorsSinglePrecisionCUDA.cu,.cu,54493,213,1,"{'thrust::': 86, '#include\\s*<thrust/': 5, 'thrust\\s*::\\s*\\w+': 86, 'device_vector\\s*<': 36}"
espressomd/espresso,maintainer/walberla_kernels/templates/EK_FieldAccessors.tmpl.cu,.cu,19675,91,0,"{'thrust::': 37, '#include\\s*<thrust/': 2, 'thrust\\s*::\\s*\\w+': 37, 'device_vector\\s*<': 15}"
espressomd/espresso,src/walberla_bridge/src/electrokinetics/generated_kernels/EK_FieldAccessors_single_precision_CUDA.cu,.cu,20235,91,0,"{'thrust::': 37, '#include\\s*<thrust/': 2, 'thrust\\s*::\\s*\\w+': 37, 'device_vector\\s*<': 15}"
espressomd/espresso,src/walberla_bridge/src/electrokinetics/generated_kernels/EK_FieldAccessors_double_precision_CUDA.cu,.cu,20378,91,0,"{'thrust::': 37, '#include\\s*<thrust/': 2, 'thrust\\s*::\\s*\\w+': 37, 'device_vector\\s*<': 15}"
espressomd/espresso,src/core/system/GpuParticleData_cuda.cu,.cu,13585,34,0,"{'thrust::': 12, '#include\\s*<thrust/': 2, 'thrust\\s*::\\s*\\w+': 12, 'device_vector\\s*<': 8}"
espressomd/espresso,src/core/electrostatics/p3m_gpu_error_cuda.cu,.cu,4797,21,1,"{'thrust::': 9, '#include\\s*<thrust/': 2, 'thrust\\s*::\\s*\\w+': 9, 'device_vector\\s*<': 1}"
espressomd/espresso,src/core/system/ResourceCleanup.hpp,.hpp,5870,8,0,"{'thrust::': 3, '#include\\s*<thrust/': 2, 'thrust\\s*::\\s*\\w+': 3}"
espressomd/espresso,maintainer/walberla_kernels/templates/FieldAccessors.tmpl.cuh,.cuh,8834,7,0,"{'thrust::': 2, '#include\\s*<thrust/': 1, 'thrust\\s*::\\s*\\w+': 2, 'device_vector\\s*<': 2}"
mc2-project/secure-xgboost,enclave/src/common/device_helpers.cuh,.cuh,37367,142,11,"{'thrust::': 59, '#include\\s*<thrust/': 13, 'thrust\\s*::\\s*\\w+': 59, 'device_vector\\s*<': 11}"
mc2-project/secure-xgboost,enclave/src/metric/rank_metric.cu,.cu,29809,105,25,"{'thrust::': 40, '#include\\s*<thrust/': 1, 'thrust\\s*::\\s*\\w+': 40, 'device_vector\\s*<': 24}"
mc2-project/secure-xgboost,enclave/src/common/quantile.cu,.cu,22785,102,19,"{'thrust::': 47, '#include\\s*<thrust/': 5, 'thrust\\s*::\\s*\\w+': 47, 'device_vector\\s*<': 3}"
mc2-project/secure-xgboost,enclave/src/tree/gpu_hist/gradient_based_sampler.cu,.cu,15040,79,10,"{'thrust::': 38, '#include\\s*<thrust/': 3, 'thrust\\s*::\\s*\\w+': 38}"
mc2-project/secure-xgboost,enclave/src/objective/rank_obj.cu,.cu,38907,62,11,"{'thrust::': 27, '#include\\s*<thrust/': 5, 'thrust\\s*::\\s*\\w+': 27, 'device_vector\\s*<': 3}"
mc2-project/secure-xgboost,enclave/src/common/hist_util.cuh,.cuh,14858,50,6,"{'thrust::': 18, '#include\\s*<thrust/': 1, 'thrust\\s*::\\s*\\w+': 18, 'device_vector\\s*<': 13}"
mc2-project/secure-xgboost,enclave/src/common/hist_util.cu,.cu,15144,35,3,"{'thrust::': 8, '#include\\s*<thrust/': 9, 'thrust\\s*::\\s*\\w+': 8, 'device_vector\\s*<': 10}"
mc2-project/secure-xgboost,enclave/src/data/ellpack_page.cu,.cu,17641,30,5,"{'thrust::': 13, '#include\\s*<thrust/': 2, 'thrust\\s*::\\s*\\w+': 13, 'device_vector\\s*<': 2}"
mc2-project/secure-xgboost,enclave/src/tree/constraints.cu,.cu,12137,30,0,"{'thrust::': 13, '#include\\s*<thrust/': 4, 'thrust\\s*::\\s*\\w+': 13}"
mc2-project/secure-xgboost,enclave/src/data/simple_dmatrix.cu,.cu,3654,23,2,"{'thrust::': 10, '#include\\s*<thrust/': 3, 'thrust\\s*::\\s*\\w+': 10}"
NVIDIA-Genomics-Research/GenomeWorks,cudamapper/tests/Test_CudamapperIndexGPU.cu,.cu,141808,500,0,"{'thrust::': 166, '#include\\s*<thrust/': 2, 'thrust\\s*::\\s*\\w+': 166, 'device_vector\\s*<': 25, 'host_vector\\s*<': 141}"
NVIDIA-Genomics-Research/GenomeWorks,cudamapper/tests/Test_CudamapperMatcherGPU.cu,.cu,38358,170,0,"{'thrust::': 56, '#include\\s*<thrust/': 2, 'thrust\\s*::\\s*\\w+': 56, 'host_vector\\s*<': 56}"
NVIDIA-Genomics-Research/GenomeWorks,cudamapper/src/index_gpu.cuh,.cuh,57847,34,3,"{'thrust::': 14, '#include\\s*<thrust/': 6, 'thrust\\s*::\\s*\\w+': 14}"
NVIDIA-Genomics-Research/GenomeWorks,cudamapper/src/overlapper_triggered.cu,.cu,18401,19,3,"{'thrust::': 8, '#include\\s*<thrust/': 2, 'thrust\\s*::\\s*\\w+': 8, 'host_vector\\s*<': 1}"
NVIDIA-Genomics-Research/GenomeWorks,cudaaligner/src/ukkonen_gpu.cu,.cu,12681,17,2,"{'thrust::': 8, '#include\\s*<thrust/': 1, 'thrust\\s*::\\s*\\w+': 8}"
NVIDIA-Genomics-Research/GenomeWorks,common/base/include/claraparabricks/genomeworks/utils/cudasort.cuh,.cuh,10523,15,0,"{'thrust::': 6, '#include\\s*<thrust/': 3, 'thrust\\s*::\\s*\\w+': 6}"
NVIDIA-Genomics-Research/GenomeWorks,cudamapper/src/matcher_gpu.cu,.cu,25975,12,3,"{'thrust::': 5, '#include\\s*<thrust/': 2, 'thrust\\s*::\\s*\\w+': 5}"
NVIDIA-Genomics-Research/GenomeWorks,cudaextender/src/ungapped_xdrop.cu,.cu,12469,15,0,"{'thrust::': 6, '#include\\s*<thrust/': 3, 'thrust\\s*::\\s*\\w+': 6}"
NVIDIA-Genomics-Research/GenomeWorks,common/base/tests/Test_UtilsCudasort.cu,.cu,11889,13,0,"{'thrust::': 4, '#include\\s*<thrust/': 1, 'thrust\\s*::\\s*\\w+': 4, 'host_vector\\s*<': 4}"
NVIDIA-Genomics-Research/GenomeWorks,cudamapper/src/index_gpu.cu,.cu,8755,10,3,"{'thrust::': 5, 'thrust\\s*::\\s*\\w+': 5}"
gadgetron/gadgetron,toolboxes/core/gpu/cuNDArray_elemwise.cu,.cu,36114,193,26,"{'thrust::': 96, '#include\\s*<thrust/': 1, 'thrust\\s*::\\s*\\w+': 96}"
gadgetron/gadgetron,test/cuVector_td_test_kernels.cu,.cu,14119,120,7,"{'thrust::': 45, 'thrust\\s*::\\s*\\w+': 45, 'device_vector\\s*<': 30}"
gadgetron/gadgetron,toolboxes/core/gpu/cuNDArray_operators.cu,.cu,13468,87,15,"{'thrust::': 41, '#include\\s*<thrust/': 5, 'thrust\\s*::\\s*\\w+': 41}"
gadgetron/gadgetron,toolboxes/nfft/gpu/cuGriddingConvolution.cu,.cu,36500,54,1,"{'thrust::': 20, '#include\\s*<thrust/': 3, 'thrust\\s*::\\s*\\w+': 20, 'device_vector\\s*<': 11}"
gadgetron/gadgetron,toolboxes/solvers/gpu/cuSolverUtils.cu,.cu,4878,36,11,"{'thrust::': 17, '#include\\s*<thrust/': 2, 'thrust\\s*::\\s*\\w+': 17}"
gadgetron/gadgetron,toolboxes/registration/optical_flow/gpu/cuResampleOperator.cu,.cu,3695,44,2,"{'thrust::': 15, '#include\\s*<thrust/': 6, 'thrust\\s*::\\s*\\w+': 15, 'device_vector\\s*<': 8}"
gadgetron/gadgetron,toolboxes/nfft/gpu/ConvolverNC2C_sparse.cuh,.cuh,6752,40,3,"{'thrust::': 17, '#include\\s*<thrust/': 1, 'thrust\\s*::\\s*\\w+': 17, 'device_vector\\s*<': 5}"
gadgetron/gadgetron,toolboxes/core/gpu/cuNDArray.h,.h,22816,37,0,"{'thrust::': 18, '#include\\s*<thrust/': 1, 'thrust\\s*::\\s*\\w+': 18}"
gadgetron/gadgetron,toolboxes/mri/pmri/gpu/trajectory_utils.cu,.cu,1097,25,7,"{'thrust::': 12, '#include\\s*<thrust/': 1, 'thrust\\s*::\\s*\\w+': 12}"
gadgetron/gadgetron,toolboxes/registration/optical_flow/gpu/cuResampleOperator.h,.h,1284,28,0,"{'thrust::': 9, '#include\\s*<thrust/': 1, 'thrust\\s*::\\s*\\w+': 9, 'device_vector\\s*<': 9}"
ebirenbaum/ParticleSolver,gpu/src/cuda/wrappers_cuda.cu,.cu,36876,355,42,"{'thrust::': 160, 'thrust\\s*::\\s*\\w+': 160, 'device_vector\\s*<': 34, 'host_vector\\s*<': 1}"
ebirenbaum/ParticleSolver,gpu/src/cuda/solver.cu,.cu,7735,143,20,"{'thrust::': 63, '#include\\s*<thrust/': 7, 'thrust\\s*::\\s*\\w+': 63, 'device_vector\\s*<': 10}"
ebirenbaum/ParticleSolver,gpu/src/cuda/integration.cu,.cu,16236,116,11,"{'thrust::': 52, '#include\\s*<thrust/': 5, 'thrust\\s*::\\s*\\w+': 52, 'device_vector\\s*<': 7}"
ebirenbaum/ParticleSolver,gpu/src/cuda/kernel_impl.cuh,.cuh,18364,54,0,"{'thrust::': 27, 'thrust\\s*::\\s*\\w+': 27}"
ebirenbaum/ParticleSolver,gpu/src/cuda/solver_kernel.cuh,.cuh,8594,50,0,"{'thrust::': 25, 'thrust\\s*::\\s*\\w+': 25}"
ebirenbaum/ParticleSolver,gpu/src/cuda/shared_variables.cu,.cu,2224,23,0,"{'thrust::': 10, 'thrust\\s*::\\s*\\w+': 10, 'device_vector\\s*<': 3}"
ebirenbaum/ParticleSolver,gpu/src/cuda/integration_kernel.cuh,.cuh,19960,19,0,"{'thrust::': 9, '#include\\s*<thrust/': 1, 'thrust\\s*::\\s*\\w+': 9}"
rapidsai/cuvs,cpp/src/sparse/neighbors/detail/cross_component_nn.cuh,.cuh,24251,67,8,"{'thrust::': 25, '#include\\s*<thrust/': 10, 'thrust\\s*::\\s*\\w+': 25, 'device_vector\\s*<': 7}"
rapidsai/cuvs,cpp/src/sparse/cluster/detail/spectral/spectral_util.cuh,.cuh,6884,61,9,"{'thrust::': 26, '#include\\s*<thrust/': 9, 'thrust\\s*::\\s*\\w+': 26}"
rapidsai/cuvs,cpp/src/neighbors/ball_cover/ball_cover.cuh,.cuh,21977,43,3,"{'thrust::': 18, '#include\\s*<thrust/': 6, 'thrust\\s*::\\s*\\w+': 18, 'device_vector\\s*<': 1}"
rapidsai/cuvs,cpp/src/cluster/detail/agglomerative.cuh,.cuh,10470,36,3,"{'thrust::': 13, '#include\\s*<thrust/': 10, 'thrust\\s*::\\s*\\w+': 13}"
rapidsai/cuvs,cpp/src/cluster/detail/kmeans_mg.cuh,.cuh,32695,35,3,"{'thrust::': 10, '#include\\s*<thrust/': 6, 'thrust\\s*::\\s*\\w+': 10, 'device_vector\\s*<': 9}"
rapidsai/cuvs,cpp/src/cluster/detail/kmeans.cuh,.cuh,54266,31,4,"{'thrust::': 6, '#include\\s*<thrust/': 3, 'thrust\\s*::\\s*\\w+': 6, 'device_vector\\s*<': 16}"
rapidsai/cuvs,cpp/src/neighbors/detail/cagra/graph_core.cuh,.cuh,67376,26,0,"{'device_vector\\s*<': 11, 'host_vector\\s*<': 15}"
rapidsai/cuvs,cpp/src/cluster/detail/kmeans_balanced.cuh,.cuh,49590,17,4,"{'thrust::': 7, '#include\\s*<thrust/': 3, 'thrust\\s*::\\s*\\w+': 7}"
rapidsai/cuvs,cpp/src/cluster/detail/mst.cuh,.cuh,15935,18,3,"{'thrust::': 6, '#include\\s*<thrust/': 3, 'thrust\\s*::\\s*\\w+': 6, 'device_vector\\s*<': 3}"
rapidsai/cuvs,cpp/tests/cluster/kmeans.cu,.cu,16193,19,1,"{'thrust::': 5, '#include\\s*<thrust/': 2, 'thrust\\s*::\\s*\\w+': 5, 'device_vector\\s*<': 7}"
darglein/saiga,src/saiga/cuda/tests/convolution_test.cu,.cu,10028,95,0,"{'thrust::': 35, 'thrust\\s*::\\s*\\w+': 35, 'device_vector\\s*<': 11, 'host_vector\\s*<': 14}"
darglein/saiga,samples/cuda/sample_cuda_reduce.cu,.cu,5737,52,14,"{'thrust::': 22, 'thrust\\s*::\\s*\\w+': 22, 'device_vector\\s*<': 8}"
darglein/saiga,samples/cuda/sample_cuda_radix_sort.cu,.cu,3332,58,4,"{'thrust::': 23, 'thrust\\s*::\\s*\\w+': 23, 'device_vector\\s*<': 12}"
darglein/saiga,src/saiga/cuda/tests/dot_test.cu,.cu,5881,61,0,"{'thrust::': 24, '#include\\s*<thrust/': 1, 'thrust\\s*::\\s*\\w+': 24, 'device_vector\\s*<': 8, 'host_vector\\s*<': 4}"
darglein/saiga,tests/test_cuda_thrust.cu,.cu,3058,51,5,"{'thrust::': 19, 'thrust\\s*::\\s*\\w+': 19, 'device_vector\\s*<': 5, 'host_vector\\s*<': 8}"
darglein/saiga,src/saiga/cuda/tests/cudaTest.cu,.cu,4826,40,5,"{'thrust::': 14, '#include\\s*<thrust/': 4, 'thrust\\s*::\\s*\\w+': 14, 'device_vector\\s*<': 4, 'host_vector\\s*<': 4}"
darglein/saiga,src/saiga/cuda/tests/scan_test.cu,.cu,4093,34,1,"{'thrust::': 13, 'thrust\\s*::\\s*\\w+': 13, 'device_vector\\s*<': 4, 'host_vector\\s*<': 4}"
darglein/saiga,samples/cuda/sample_cuda_global_memory.cu,.cu,8183,28,0,"{'thrust::': 10, 'thrust\\s*::\\s*\\w+': 10, 'device_vector\\s*<': 6, 'host_vector\\s*<': 2}"
darglein/saiga,src/saiga/cuda/tests/cusparsetest.cu,.cu,7225,28,0,"{'thrust::': 11, 'thrust\\s*::\\s*\\w+': 11, 'device_vector\\s*<': 5, 'host_vector\\s*<': 1}"
darglein/saiga,src/saiga/cuda/tests/reduce_test.cu,.cu,3337,25,2,"{'thrust::': 10, 'thrust\\s*::\\s*\\w+': 10, 'device_vector\\s*<': 4, 'host_vector\\s*<': 1}"
aboria/Aboria,src/detail/Helpers.h,.h,16712,211,0,"{'thrust::': 105, '#include\\s*<thrust/': 1, 'thrust\\s*::\\s*\\w+': 105}"
aboria/Aboria,src/Traits.h,.h,22496,112,15,"{'thrust::': 55, 'thrust\\s*::\\s*\\w+': 55, 'device_vector\\s*<': 1, 'host_vector\\s*<': 1}"
aboria/Aboria,src/detail/Get.h,.h,15103,108,0,"{'thrust::': 54, 'thrust\\s*::\\s*\\w+': 54}"
aboria/Aboria,src/detail/Algorithms.h,.h,28020,62,7,"{'thrust::': 30, 'thrust\\s*::\\s*\\w+': 30, 'device_vector\\s*<': 2}"
aboria/Aboria,src/Get.h,.h,39552,52,0,"{'thrust::': 26, 'thrust\\s*::\\s*\\w+': 26}"
aboria/Aboria,tests/neighbours.h,.h,58185,26,0,"{'thrust::': 13, 'thrust\\s*::\\s*\\w+': 13}"
aboria/Aboria,src/detail/Particles.h,.h,16355,24,0,"{'thrust::': 12, 'thrust\\s*::\\s*\\w+': 12}"
aboria/Aboria,tests/metafunctions.h,.h,14318,18,2,"{'thrust::': 8, 'thrust\\s*::\\s*\\w+': 8, 'device_vector\\s*<': 2}"
aboria/Aboria,tests/parallel.h,.h,9962,18,1,"{'thrust::': 9, 'thrust\\s*::\\s*\\w+': 9}"
aboria/Aboria,tests/md_level1.h,.h,8900,16,0,"{'thrust::': 8, 'thrust\\s*::\\s*\\w+': 8}"
heavyai/heavydb,Tests/ProfileUtils.cu,.cu,70821,290,16,"{'thrust::': 130, '#include\\s*<thrust/': 4, 'thrust\\s*::\\s*\\w+': 130, 'device_vector\\s*<': 26}"
heavyai/heavydb,QueryEngine/TopKSort.cu,.cu,15708,100,10,"{'thrust::': 47, '#include\\s*<thrust/': 6, 'thrust\\s*::\\s*\\w+': 47}"
heavyai/heavydb,QueryEngine/ResultSetSortImpl.cu,.cu,20866,72,4,"{'thrust::': 27, '#include\\s*<thrust/': 4, 'thrust\\s*::\\s*\\w+': 27, 'host_vector\\s*<': 14}"
heavyai/heavydb,QueryEngine/InPlaceSortImpl.cu,.cu,7546,47,4,"{'thrust::': 21, '#include\\s*<thrust/': 5, 'thrust\\s*::\\s*\\w+': 21}"
heavyai/heavydb,DataMgr/Allocators/thrust/TypedThrustAllocator.h,.h,6730,49,0,"{'thrust::': 22, '#include\\s*<thrust/': 3, 'thrust\\s*::\\s*\\w+': 22, 'device_vector\\s*<': 2}"
heavyai/heavydb,Shared/gpu_enabled.h,.h,3340,43,3,"{'thrust::': 19, '#include\\s*<thrust/': 5, 'thrust\\s*::\\s*\\w+': 19}"
heavyai/heavydb,QueryEngine/JoinHashTable/Runtime/HashJoinRuntimeGpu.cu,.cu,28777,30,5,"{'thrust::': 14, '#include\\s*<thrust/': 2, 'thrust\\s*::\\s*\\w+': 14}"
heavyai/heavydb,DataMgr/Allocators/thrust/DataMgrAllocationPolicy.h,.h,2364,15,0,"{'thrust::': 7, '#include\\s*<thrust/': 1, 'thrust\\s*::\\s*\\w+': 7}"
heavyai/heavydb,ThirdParty/warpcore/include/helpers/custom_thrust_allocators.cuh,.cuh,2964,15,0,"{'thrust::': 7, '#include\\s*<thrust/': 1, 'thrust\\s*::\\s*\\w+': 7}"
heavyai/heavydb,Shared/DoubleSort.h,.h,5704,8,4,"{'thrust::': 4, 'thrust\\s*::\\s*\\w+': 4}"
microsoft/vattention,pod_attn/csrc/cutlass/test/unit/cute/ampere/ldsm.cu,.cu,14320,148,0,"{'thrust::': 58, '#include\\s*<thrust/': 2, 'thrust\\s*::\\s*\\w+': 58, 'device_vector\\s*<': 15, 'host_vector\\s*<': 15}"
microsoft/vattention,pod_attn/csrc/cutlass/test/unit/cute/hopper/stsm.cu,.cu,14367,148,0,"{'thrust::': 58, '#include\\s*<thrust/': 2, 'thrust\\s*::\\s*\\w+': 58, 'device_vector\\s*<': 15, 'host_vector\\s*<': 15}"
microsoft/vattention,pod_attn/csrc/cutlass/test/unit/cute/cooperative_gemm_common.hpp,.hpp,18240,37,0,"{'thrust::': 13, '#include\\s*<thrust/': 2, 'thrust\\s*::\\s*\\w+': 13, 'device_vector\\s*<': 4, 'host_vector\\s*<': 5}"
microsoft/vattention,pod_attn/csrc/cutlass/examples/51_hopper_gett/51_hopper_gett.cu,.cu,17340,30,0,"{'thrust::': 10, 'thrust\\s*::\\s*\\w+': 10, 'device_vector\\s*<': 5, 'host_vector\\s*<': 5}"
microsoft/vattention,pod_attn/csrc/cutlass/test/unit/cute/ampere/cp_async.cu,.cu,3527,28,0,"{'thrust::': 10, '#include\\s*<thrust/': 2, 'thrust\\s*::\\s*\\w+': 10, 'device_vector\\s*<': 3, 'host_vector\\s*<': 3}"
microsoft/vattention,pod_attn/csrc/cutlass/examples/cute/tutorial/sgemm_sm70.cu,.cu,18881,23,0,"{'thrust::': 7, '#include\\s*<thrust/': 2, 'thrust\\s*::\\s*\\w+': 7, 'device_vector\\s*<': 3, 'host_vector\\s*<': 4}"
microsoft/vattention,pod_attn/csrc/cutlass/examples/cute/tutorial/sgemm_2.cu,.cu,19286,23,0,"{'thrust::': 7, '#include\\s*<thrust/': 2, 'thrust\\s*::\\s*\\w+': 7, 'device_vector\\s*<': 3, 'host_vector\\s*<': 4}"
microsoft/vattention,pod_attn/csrc/cutlass/examples/cute/tutorial/sgemm_1.cu,.cu,17292,23,0,"{'thrust::': 7, '#include\\s*<thrust/': 2, 'thrust\\s*::\\s*\\w+': 7, 'device_vector\\s*<': 3, 'host_vector\\s*<': 4}"
microsoft/vattention,pod_attn/csrc/cutlass/examples/cute/tutorial/sgemm_sm80.cu,.cu,19981,23,0,"{'thrust::': 7, '#include\\s*<thrust/': 2, 'thrust\\s*::\\s*\\w+': 7, 'device_vector\\s*<': 3, 'host_vector\\s*<': 4}"
microsoft/vattention,pod_attn/csrc/cutlass/test/unit/cute/volta/cooperative_copy.cu,.cu,20948,21,0,"{'thrust::': 7, '#include\\s*<thrust/': 2, 'thrust\\s*::\\s*\\w+': 7, 'device_vector\\s*<': 2, 'host_vector\\s*<': 3}"
peridyno/peridyno,src/Interaction/Module/SurfaceInteraction.cu,.cu,33423,101,10,"{'thrust::': 50, '#include\\s*<thrust/': 1, 'thrust\\s*::\\s*\\w+': 50}"
peridyno/peridyno,src/Interaction/Module/PointInteraction.cu,.cu,21465,65,6,"{'thrust::': 32, '#include\\s*<thrust/': 1, 'thrust\\s*::\\s*\\w+': 32}"
peridyno/peridyno,src/Interaction/Module/EdgeInteraction.cu,.cu,22235,65,6,"{'thrust::': 32, '#include\\s*<thrust/': 1, 'thrust\\s*::\\s*\\w+': 32}"
peridyno/peridyno,src/Topology/Cuda/Topology/SparseOctree.cu,.cu,30211,51,9,"{'thrust::': 25, '#include\\s*<thrust/': 1, 'thrust\\s*::\\s*\\w+': 25}"
peridyno/peridyno,src/Topology/Cuda/Topology/SimplexSet.cu,.cu,11770,49,8,"{'thrust::': 24, '#include\\s*<thrust/': 1, 'thrust\\s*::\\s*\\w+': 24}"
peridyno/peridyno,src/Topology/Cuda/Topology/PolygonSet.cu,.cu,11061,45,6,"{'thrust::': 22, '#include\\s*<thrust/': 1, 'thrust\\s*::\\s*\\w+': 22}"
peridyno/peridyno,src/Modeling/Commands/PolygonSetToTriangleSet.cu,.cu,10534,29,4,"{'thrust::': 14, '#include\\s*<thrust/': 1, 'thrust\\s*::\\s*\\w+': 14}"
peridyno/peridyno,src/Topology/Cuda/Topology/TetrahedronSet.cu,.cu,22432,25,5,"{'thrust::': 12, '#include\\s*<thrust/': 1, 'thrust\\s*::\\s*\\w+': 12}"
peridyno/peridyno,src/Modeling/Commands/ExtractTriangleSets.cu,.cu,6973,17,2,"{'thrust::': 8, '#include\\s*<thrust/': 1, 'thrust\\s*::\\s*\\w+': 8}"
peridyno/peridyno,src/Topology/Cuda/Collision/CollisionDetectionBroadPhase.cu,.cu,13716,15,2,"{'thrust::': 7, '#include\\s*<thrust/': 1, 'thrust\\s*::\\s*\\w+': 7}"
sangmichaelxie/doremi,flash-attention/csrc/cutlass/test/unit/cute/hopper/tma_load.cu,.cu,18990,162,0,"{'thrust::': 60, '#include\\s*<thrust/': 2, 'thrust\\s*::\\s*\\w+': 60, 'device_vector\\s*<': 20, 'host_vector\\s*<': 20}"
sangmichaelxie/doremi,flash-attention/csrc/cutlass/test/unit/cute/ampere/ldsm.cu,.cu,14320,148,0,"{'thrust::': 58, '#include\\s*<thrust/': 2, 'thrust\\s*::\\s*\\w+': 58, 'device_vector\\s*<': 15, 'host_vector\\s*<': 15}"
sangmichaelxie/doremi,flash-attention/csrc/cutlass/test/unit/cute/hopper/stsm.cu,.cu,14365,148,0,"{'thrust::': 58, '#include\\s*<thrust/': 2, 'thrust\\s*::\\s*\\w+': 58, 'device_vector\\s*<': 15, 'host_vector\\s*<': 15}"
sangmichaelxie/doremi,flash-attention/csrc/cutlass/test/unit/cute/hopper/tma_store.cu,.cu,13875,130,0,"{'thrust::': 48, '#include\\s*<thrust/': 2, 'thrust\\s*::\\s*\\w+': 48, 'device_vector\\s*<': 16, 'host_vector\\s*<': 16}"
sangmichaelxie/doremi,flash-attention/csrc/cutlass/test/unit/cute/ampere/cp_async.cu,.cu,3527,28,0,"{'thrust::': 10, '#include\\s*<thrust/': 2, 'thrust\\s*::\\s*\\w+': 10, 'device_vector\\s*<': 3, 'host_vector\\s*<': 3}"
sangmichaelxie/doremi,flash-attention/csrc/cutlass/examples/cute/tutorial/sgemm_nt_1.cu,.cu,14342,26,0,"{'thrust::': 8, '#include\\s*<thrust/': 2, 'thrust\\s*::\\s*\\w+': 8, 'device_vector\\s*<': 3, 'host_vector\\s*<': 5}"
sangmichaelxie/doremi,flash-attention/csrc/cutlass/include/cute/arch/mma_sm90.hpp,.hpp,36696,6,0,"{'thrust::': 3, 'thrust\\s*::\\s*\\w+': 3}"
sangmichaelxie/doremi,flash-attention/csrc/cutlass/include/cute/numeric/complex.hpp,.hpp,4516,5,0,"{'thrust::': 2, '#include\\s*<thrust/': 1, 'thrust\\s*::\\s*\\w+': 2}"
sangmichaelxie/doremi,flash-attention/csrc/rotary/rotary_cuda.cu,.cu,1984,4,0,"{'thrust::': 2, 'thrust\\s*::\\s*\\w+': 2}"
sangmichaelxie/doremi,flash-attention/csrc/cutlass/test/unit/pipeline/pipeline_async.cu,.cu,15532,2,0,{'#include\\s*<thrust/': 2}
HpWang-whu/YOHO,MinkowskiEngine/src/coordinate_map_gpu.cu,.cu,102533,304,57,"{'thrust::': 147, '#include\\s*<thrust/': 6, 'thrust\\s*::\\s*\\w+': 147, 'device_vector\\s*<': 4}"
HpWang-whu/YOHO,MinkowskiEngine/src/kernel_map.cuh,.cuh,15707,50,8,"{'thrust::': 19, '#include\\s*<thrust/': 6, 'thrust\\s*::\\s*\\w+': 19, 'device_vector\\s*<': 3, 'host_vector\\s*<': 3}"
HpWang-whu/YOHO,MinkowskiEngine/src/coordinate_map_functors.cuh,.cuh,7492,33,2,"{'thrust::': 15, '#include\\s*<thrust/': 3, 'thrust\\s*::\\s*\\w+': 15}"
HpWang-whu/YOHO,MinkowskiEngine/src/pooling_max_kernel.cu,.cu,16090,26,3,"{'thrust::': 9, '#include\\s*<thrust/': 8, 'thrust\\s*::\\s*\\w+': 9}"
HpWang-whu/YOHO,MinkowskiEngine/tests/cpp/coordinate_map_gpu_test.cu,.cu,10341,25,0,"{'thrust::': 10, '#include\\s*<thrust/': 3, 'thrust\\s*::\\s*\\w+': 10, 'device_vector\\s*<': 2}"
HpWang-whu/YOHO,MinkowskiEngine/src/coordinate_map_gpu.cuh,.cuh,13366,23,0,"{'thrust::': 8, '#include\\s*<thrust/': 1, 'thrust\\s*::\\s*\\w+': 8, 'device_vector\\s*<': 6}"
HpWang-whu/YOHO,MinkowskiEngine/src/gpu.cu,.cu,4911,21,0,"{'thrust::': 7, 'thrust\\s*::\\s*\\w+': 7, 'device_vector\\s*<': 7}"
HpWang-whu/YOHO,MinkowskiEngine/src/spmm.cu,.cu,24251,16,5,"{'thrust::': 8, 'thrust\\s*::\\s*\\w+': 8}"
HpWang-whu/YOHO,MinkowskiEngine/src/3rdparty/concurrent_unordered_map.cuh,.cuh,21970,18,2,"{'thrust::': 8, '#include\\s*<thrust/': 2, 'thrust\\s*::\\s*\\w+': 8}"
HpWang-whu/YOHO,MinkowskiEngine/src/pooling_avg_kernel.cu,.cu,20939,16,2,"{'thrust::': 4, '#include\\s*<thrust/': 8, 'thrust\\s*::\\s*\\w+': 4}"
HpWang-whu/RoReg,utils/MinkowskiEngine/src/coordinate_map_gpu.cu,.cu,102533,304,57,"{'thrust::': 147, '#include\\s*<thrust/': 6, 'thrust\\s*::\\s*\\w+': 147, 'device_vector\\s*<': 4}"
HpWang-whu/RoReg,utils/MinkowskiEngine/src/kernel_map.cuh,.cuh,15707,50,8,"{'thrust::': 19, '#include\\s*<thrust/': 6, 'thrust\\s*::\\s*\\w+': 19, 'device_vector\\s*<': 3, 'host_vector\\s*<': 3}"
HpWang-whu/RoReg,utils/MinkowskiEngine/src/coordinate_map_functors.cuh,.cuh,7492,33,2,"{'thrust::': 15, '#include\\s*<thrust/': 3, 'thrust\\s*::\\s*\\w+': 15}"
HpWang-whu/RoReg,utils/MinkowskiEngine/src/pooling_max_kernel.cu,.cu,16090,26,3,"{'thrust::': 9, '#include\\s*<thrust/': 8, 'thrust\\s*::\\s*\\w+': 9}"
HpWang-whu/RoReg,utils/MinkowskiEngine/tests/cpp/coordinate_map_gpu_test.cu,.cu,10341,25,0,"{'thrust::': 10, '#include\\s*<thrust/': 3, 'thrust\\s*::\\s*\\w+': 10, 'device_vector\\s*<': 2}"
HpWang-whu/RoReg,utils/MinkowskiEngine/src/coordinate_map_gpu.cuh,.cuh,13366,23,0,"{'thrust::': 8, '#include\\s*<thrust/': 1, 'thrust\\s*::\\s*\\w+': 8, 'device_vector\\s*<': 6}"
HpWang-whu/RoReg,utils/MinkowskiEngine/src/gpu.cu,.cu,4911,21,0,"{'thrust::': 7, 'thrust\\s*::\\s*\\w+': 7, 'device_vector\\s*<': 7}"
HpWang-whu/RoReg,utils/MinkowskiEngine/src/spmm.cu,.cu,24251,16,5,"{'thrust::': 8, 'thrust\\s*::\\s*\\w+': 8}"
HpWang-whu/RoReg,utils/MinkowskiEngine/src/3rdparty/concurrent_unordered_map.cuh,.cuh,21970,18,2,"{'thrust::': 8, '#include\\s*<thrust/': 2, 'thrust\\s*::\\s*\\w+': 8}"
HpWang-whu/RoReg,utils/MinkowskiEngine/src/pooling_avg_kernel.cu,.cu,20939,16,2,"{'thrust::': 4, '#include\\s*<thrust/': 8, 'thrust\\s*::\\s*\\w+': 4}"
pytorch/pytorch,c10/util/complex_math.h,.h,12533,96,0,"{'thrust::': 48, 'thrust\\s*::\\s*\\w+': 48}"
pytorch/pytorch,aten/src/ATen/native/sparse/cuda/SoftMax.cu,.cu,22273,59,9,"{'thrust::': 20, '#include\\s*<thrust/': 19, 'thrust\\s*::\\s*\\w+': 20}"
pytorch/pytorch,aten/src/ATen/native/cuda/LegacyThrustHelpers.cu,.cu,3208,44,8,"{'thrust::': 19, '#include\\s*<thrust/': 6, 'thrust\\s*::\\s*\\w+': 19}"
pytorch/pytorch,aten/src/ATen/native/cuda/TensorModeKernel.cu,.cu,9845,44,3,"{'thrust::': 17, '#include\\s*<thrust/': 10, 'thrust\\s*::\\s*\\w+': 17}"
pytorch/pytorch,aten/src/ATen/native/sparse/cuda/SparseCUDATensor.cu,.cu,7197,30,1,"{'thrust::': 9, '#include\\s*<thrust/': 12, 'thrust\\s*::\\s*\\w+': 9}"
pytorch/pytorch,aten/src/ATen/native/sparse/cuda/SparseMatMul.cu,.cu,25791,24,4,"{'thrust::': 7, '#include\\s*<thrust/': 10, 'thrust\\s*::\\s*\\w+': 7}"
pytorch/pytorch,aten/src/ATen/native/cuda/Unique.cu,.cu,8859,22,2,"{'thrust::': 8, '#include\\s*<thrust/': 6, 'thrust\\s*::\\s*\\w+': 8}"
pytorch/pytorch,torch/headeronly/util/complex.h,.h,18077,23,0,"{'thrust::': 11, '#include\\s*<thrust/': 1, 'thrust\\s*::\\s*\\w+': 11}"
pytorch/pytorch,c10/test/util/complex_test_common.h,.h,20546,18,0,"{'thrust::': 9, 'thrust\\s*::\\s*\\w+': 9}"
pytorch/pytorch,aten/src/ATen/native/sparse/cuda/SparseCUDATensorMath.cu,.cu,37235,17,0,"{'thrust::': 6, '#include\\s*<thrust/': 5, 'thrust\\s*::\\s*\\w+': 6}"
ZJU-FAST-Lab/Fast-tracker,src/common_utils/uav_simulator/so3_quadrotor_simulator/include/ode/libs/numeric/odeint/examples/thrust/lorenz_parameters.cu,.cu,10564,144,20,"{'thrust::': 68, '#include\\s*<thrust/': 3, 'thrust\\s*::\\s*\\w+': 68, 'device_vector\\s*<': 2, 'host_vector\\s*<': 3}"
ZJU-FAST-Lab/Fast-tracker,src/common_utils/uav_simulator/so3_quadrotor_simulator/include/ode/boost/numeric/odeint/external/thrust/thrust_algebra.hpp,.hpp,7604,77,29,"{'thrust::': 37, '#include\\s*<thrust/': 3, 'thrust\\s*::\\s*\\w+': 37}"
ZJU-FAST-Lab/Fast-tracker,src/common_utils/uav_simulator/so3_quadrotor_simulator/include/ode/boost/numeric/odeint/external/thrust/thrust_operations.hpp,.hpp,7823,88,0,"{'thrust::': 43, '#include\\s*<thrust/': 2, 'thrust\\s*::\\s*\\w+': 43}"
ZJU-FAST-Lab/Fast-tracker,src/common_utils/uav_simulator/so3_quadrotor_simulator/include/ode/boost/numeric/odeint/external/thrust/thrust_resize.hpp,.hpp,3062,86,0,"{'thrust::': 29, '#include\\s*<thrust/': 2, 'thrust\\s*::\\s*\\w+': 29, 'device_vector\\s*<': 17, 'host_vector\\s*<': 9}"
ZJU-FAST-Lab/Fast-tracker,src/common_utils/uav_simulator/so3_quadrotor_simulator/include/ode/libs/numeric/odeint/examples/thrust/phase_oscillator_chain.cu,.cu,5263,52,8,"{'thrust::': 22, '#include\\s*<thrust/': 3, 'thrust\\s*::\\s*\\w+': 22, 'device_vector\\s*<': 2, 'host_vector\\s*<': 3}"
ZJU-FAST-Lab/Fast-tracker,src/common_utils/uav_simulator/so3_quadrotor_simulator/include/ode/libs/numeric/odeint/examples/thrust/phase_oscillator_ensemble.cu,.cu,8731,42,10,"{'thrust::': 18, '#include\\s*<thrust/': 3, 'thrust\\s*::\\s*\\w+': 18, 'device_vector\\s*<': 1, 'host_vector\\s*<': 2}"
ZJU-FAST-Lab/Fast-tracker,src/common_utils/uav_simulator/so3_quadrotor_simulator/include/ode/libs/numeric/odeint/examples/thrust/relaxation.cu,.cu,2191,22,4,"{'thrust::': 10, '#include\\s*<thrust/': 1, 'thrust\\s*::\\s*\\w+': 10, 'device_vector\\s*<': 1}"
ZJU-FAST-Lab/Fast-tracker,src/common_utils/uav_simulator/so3_quadrotor_simulator/include/ode/libs/numeric/odeint/test_external/thrust/check_thrust.cu,.cu,2147,12,0,"{'thrust::': 4, '#include\\s*<thrust/': 2, 'thrust\\s*::\\s*\\w+': 4, 'device_vector\\s*<': 1, 'host_vector\\s*<': 1}"
glotzerlab/hoomd-blue,hoomd/CommunicatorGPU.cu,.cu,114901,135,12,"{'thrust::': 60, '#include\\s*<thrust/': 15, 'thrust\\s*::\\s*\\w+': 60}"
glotzerlab/hoomd-blue,hoomd/md/MolecularForceCompute.cu,.cu,19845,116,5,"{'thrust::': 50, '#include\\s*<thrust/': 16, 'thrust\\s*::\\s*\\w+': 50}"
glotzerlab/hoomd-blue,hoomd/hpmc/UpdaterGCAGPU.cu,.cu,13174,83,7,"{'thrust::': 35, '#include\\s*<thrust/': 13, 'thrust\\s*::\\s*\\w+': 35}"
glotzerlab/hoomd-blue,hoomd/md/ForceCompositeGPU.cu,.cu,38779,31,3,"{'thrust::': 12, '#include\\s*<thrust/': 7, 'thrust\\s*::\\s*\\w+': 12}"
glotzerlab/hoomd-blue,hoomd/BondedGroupData.cu,.cu,13279,29,2,"{'thrust::': 12, '#include\\s*<thrust/': 5, 'thrust\\s*::\\s*\\w+': 12}"
glotzerlab/hoomd-blue,hoomd/mpcd/CommunicatorGPU.cu,.cu,11245,26,4,"{'thrust::': 10, '#include\\s*<thrust/': 6, 'thrust\\s*::\\s*\\w+': 10}"
glotzerlab/hoomd-blue,hoomd/SFCPackTunerGPU.cu,.cu,11951,15,2,"{'thrust::': 6, '#include\\s*<thrust/': 3, 'thrust\\s*::\\s*\\w+': 6}"
glotzerlab/hoomd-blue,hoomd/ParticleGroup.cu,.cu,4800,13,2,"{'thrust::': 5, '#include\\s*<thrust/': 3, 'thrust\\s*::\\s*\\w+': 5}"
glotzerlab/hoomd-blue,hoomd/md/MuellerPlatheFlowGPU.cu,.cu,9595,13,2,"{'thrust::': 5, '#include\\s*<thrust/': 3, 'thrust\\s*::\\s*\\w+': 5}"
glotzerlab/hoomd-blue,hoomd/CellListGPU.cu,.cu,14939,8,1,"{'thrust::': 3, '#include\\s*<thrust/': 2, 'thrust\\s*::\\s*\\w+': 3}"
dingwentao/GPU-lossless-compression,cuda-bzip2-ipdpsw/gpuBWTSort.cu,.cu,19222,181,17,"{'thrust::': 79, '#include\\s*<thrust/': 6, 'thrust\\s*::\\s*\\w+': 79, 'device_vector\\s*<': 17}"
dingwentao/GPU-lossless-compression,cudpp-inpar/ext/cub/test/test_iterator.cu,.cu,25549,56,0,"{'thrust::': 27, '#include\\s*<thrust/': 2, 'thrust\\s*::\\s*\\w+': 27}"
dingwentao/GPU-lossless-compression,cudpp-inpar/ext/cub/test/test_device_select_if.cu,.cu,37640,52,0,"{'thrust::': 24, '#include\\s*<thrust/': 4, 'thrust\\s*::\\s*\\w+': 24}"
dingwentao/GPU-lossless-compression,cudpp-inpar/ext/cub/test/test_device_scan.cu,.cu,33600,26,2,"{'thrust::': 12, '#include\\s*<thrust/': 2, 'thrust\\s*::\\s*\\w+': 12}"
dingwentao/GPU-lossless-compression,cudpp-inpar/ext/cub/test/test_device_radix_sort.cu,.cu,46469,25,2,"{'thrust::': 11, '#include\\s*<thrust/': 3, 'thrust\\s*::\\s*\\w+': 11}"
dingwentao/GPU-lossless-compression,cudpp-inpar/ext/cub/test/test_device_reduce_by_key.cu,.cu,30363,19,1,"{'thrust::': 8, '#include\\s*<thrust/': 3, 'thrust\\s*::\\s*\\w+': 8}"
dingwentao/GPU-lossless-compression,cudpp-inpar/ext/cub/test/test_device_run_length_encode.cu,.cu,31192,19,1,"{'thrust::': 8, '#include\\s*<thrust/': 3, 'thrust\\s*::\\s*\\w+': 8}"
dingwentao/GPU-lossless-compression,cudpp-inpar/src/cudpp/app/radixsort_app.cu,.cu,41087,15,2,"{'thrust::': 6, '#include\\s*<thrust/': 3, 'thrust\\s*::\\s*\\w+': 6}"
dingwentao/GPU-lossless-compression,cudpp-inpar/ext/moderngpu/benchmarkreducebykey/benchmarkreducebykey.cu,.cu,10380,12,1,"{'thrust::': 4, '#include\\s*<thrust/': 4, 'thrust\\s*::\\s*\\w+': 4}"
dingwentao/GPU-lossless-compression,cudpp-inpar/ext/cub/test/test_device_select_unique.cu,.cu,21518,12,0,"{'thrust::': 4, '#include\\s*<thrust/': 4, 'thrust\\s*::\\s*\\w+': 4}"
TiledTensor/TiledCUDA,examples/cpp/03_flash_attention/flash_attn.cu,.cu,8822,121,0,"{'thrust::': 51, 'thrust\\s*::\\s*\\w+': 51, 'device_vector\\s*<': 4, 'host_vector\\s*<': 15}"
TiledTensor/TiledCUDA,tests/cpp/cell/test_swizzled_copy.cu,.cu,19366,62,0,"{'thrust::': 24, '#include\\s*<thrust/': 2, 'thrust\\s*::\\s*\\w+': 24, 'device_vector\\s*<': 6, 'host_vector\\s*<': 6}"
TiledTensor/TiledCUDA,examples/cpp/02_fused_two_gemms/fused_gemm.cu,.cu,10251,62,0,"{'thrust::': 25, 'thrust\\s*::\\s*\\w+': 25, 'device_vector\\s*<': 6, 'host_vector\\s*<': 6}"
TiledTensor/TiledCUDA,examples/cpp/01_gemm/02_gemm_all_mem/main.cu,.cu,4503,50,0,"{'thrust::': 21, 'thrust\\s*::\\s*\\w+': 21, 'device_vector\\s*<': 4, 'host_vector\\s*<': 4}"
TiledTensor/TiledCUDA,tests/cpp/cell/test_gemm.cu,.cu,12934,46,0,"{'thrust::': 18, '#include\\s*<thrust/': 2, 'thrust\\s*::\\s*\\w+': 18, 'device_vector\\s*<': 4, 'host_vector\\s*<': 4}"
TiledTensor/TiledCUDA,tests/cpp/cell/test_g2s_load.cu,.cu,5187,46,0,"{'thrust::': 18, '#include\\s*<thrust/': 2, 'thrust\\s*::\\s*\\w+': 18, 'device_vector\\s*<': 4, 'host_vector\\s*<': 4}"
TiledTensor/TiledCUDA,examples/cpp/01_gemm/01_gemm_global_reg/main.cu,.cu,3899,44,0,"{'thrust::': 18, 'thrust\\s*::\\s*\\w+': 18, 'device_vector\\s*<': 4, 'host_vector\\s*<': 4}"
TiledTensor/TiledCUDA,tests/cpp/cell/test_softmax.cu,.cu,5354,29,0,"{'thrust::': 11, '#include\\s*<thrust/': 2, 'thrust\\s*::\\s*\\w+': 11, 'device_vector\\s*<': 2, 'host_vector\\s*<': 3}"
TiledTensor/TiledCUDA,tests/cpp/cell/test_reduce.cu,.cu,6112,18,0,"{'thrust::': 6, '#include\\s*<thrust/': 2, 'thrust\\s*::\\s*\\w+': 6, 'device_vector\\s*<': 2, 'host_vector\\s*<': 2}"
TiledTensor/TiledCUDA,tests/cpp/cell/test_g2r_copy.cu,.cu,11255,14,0,"{'thrust::': 4, '#include\\s*<thrust/': 2, 'thrust\\s*::\\s*\\w+': 4, 'device_vector\\s*<': 2, 'host_vector\\s*<': 2}"
nvidia-isaac/nvblox,nvblox/src/sensors/image.cu,.cu,16450,64,5,"{'thrust::': 30, '#include\\s*<thrust/': 4, 'thrust\\s*::\\s*\\w+': 30}"
nvidia-isaac/nvblox,nvblox/tests/lib/cuda/mesh_utils.cu,.cu,14762,53,3,"{'thrust::': 16, '#include\\s*<thrust/': 6, 'thrust\\s*::\\s*\\w+': 16, 'device_vector\\s*<': 15}"
nvidia-isaac/nvblox,nvblox/src/serialization/serialization_gpu.cu,.cu,11237,30,0,{'host_vector\\s*<': 30}
nvidia-isaac/nvblox,nvblox/include/nvblox/integrators/esdf_integrator.h,.h,17904,22,0,"{'device_vector\\s*<': 17, 'host_vector\\s*<': 5}"
nvidia-isaac/nvblox,nvblox/tests/test_gpu_hash_interface.cu,.cu,11466,20,1,"{'thrust::': 8, 'thrust\\s*::\\s*\\w+': 8, 'device_vector\\s*<': 2, 'host_vector\\s*<': 2}"
nvidia-isaac/nvblox,nvblox/src/integrators/esdf_integrator.cu,.cu,65533,18,1,"{'thrust::': 4, 'thrust\\s*::\\s*\\w+': 4, 'device_vector\\s*<': 10}"
nvidia-isaac/nvblox,nvblox/src/semantics/image_projector.cu,.cu,4734,17,2,"{'thrust::': 6, '#include\\s*<thrust/': 5, 'thrust\\s*::\\s*\\w+': 6}"
nvidia-isaac/nvblox,nvblox/include/nvblox/map/internal/cuda/impl/layer_impl.cuh,.cuh,7087,17,1,"{'thrust::': 4, '#include\\s*<thrust/': 3, 'thrust\\s*::\\s*\\w+': 4, 'device_vector\\s*<': 6}"
nvidia-isaac/nvblox,nvblox/src/rays/sphere_tracer.cu,.cu,26316,18,0,"{'thrust::': 5, '#include\\s*<thrust/': 3, 'thrust\\s*::\\s*\\w+': 5, 'device_vector\\s*<': 5}"
nvidia-isaac/nvblox,nvblox/tests/lib/cuda/gpu_layer_utils.cu,.cu,3770,14,0,"{'thrust::': 3, '#include\\s*<thrust/': 1, 'thrust\\s*::\\s*\\w+': 3, 'device_vector\\s*<': 5, 'host_vector\\s*<': 2}"
lawmurray/LibBi,share/src/bi/primitive/vector_primitive.hpp,.hpp,32682,160,22,"{'thrust::': 80, 'thrust\\s*::\\s*\\w+': 80}"
lawmurray/LibBi,share/src/bi/host/math/vector.hpp,.hpp,23611,50,0,"{'thrust::': 14, 'thrust\\s*::\\s*\\w+': 14, 'host_vector\\s*<': 22}"
lawmurray/LibBi,share/src/bi/primitive/matrix_primitive.hpp,.hpp,17610,42,7,"{'thrust::': 21, 'thrust\\s*::\\s*\\w+': 21}"
lawmurray/LibBi,share/src/bi/cuda/math/vector.hpp,.hpp,22817,30,0,"{'thrust::': 14, 'thrust\\s*::\\s*\\w+': 14, 'host_vector\\s*<': 2}"
lawmurray/LibBi,share/src/bi/primitive/functor.hpp,.hpp,13381,20,0,"{'thrust::': 10, 'thrust\\s*::\\s*\\w+': 10}"
lawmurray/LibBi,share/src/testbi/Test.hpp,.hpp,3506,14,1,"{'thrust::': 2, 'thrust\\s*::\\s*\\w+': 2, 'host_vector\\s*<': 10}"
lawmurray/LibBi,share/src/bi/primitive/cross_pitched_range.hpp,.hpp,1403,8,0,"{'thrust::': 4, 'thrust\\s*::\\s*\\w+': 4}"
lawmurray/LibBi,share/src/bi/mpi/resampler/DistributedResampler.hpp,.hpp,9179,7,0,"{'thrust::': 2, 'thrust\\s*::\\s*\\w+': 2, 'host_vector\\s*<': 3}"
lawmurray/LibBi,share/src/bi/cuda/cache/AncestryCacheGPU.cuh,.cuh,3379,6,1,"{'thrust::': 3, 'thrust\\s*::\\s*\\w+': 3}"
lawmurray/LibBi,share/src/bi/primitive/stuttered_range.hpp,.hpp,1820,6,0,"{'thrust::': 3, 'thrust\\s*::\\s*\\w+': 3}"
ddemidov/amgcl,amgcl/backend/cuda.hpp,.hpp,24428,285,12,"{'thrust::': 108, '#include\\s*<thrust/': 7, 'thrust\\s*::\\s*\\w+': 108, 'device_vector\\s*<': 62}"
ddemidov/amgcl,amgcl/relaxation/cusparse_ilu0.hpp,.hpp,28349,100,0,"{'thrust::': 46, '#include\\s*<thrust/': 1, 'thrust\\s*::\\s*\\w+': 46, 'device_vector\\s*<': 7}"
ddemidov/amgcl,amgcl/backend/vexcl_static_matrix.hpp,.hpp,39652,23,0,{'device_vector\\s*<': 23}
ddemidov/amgcl,tutorial/1.poisson3Db/poisson3Db_cuda.cu,.cu,3077,6,0,"{'thrust::': 2, 'thrust\\s*::\\s*\\w+': 2, 'device_vector\\s*<': 2}"
torch/cunn,lib/THCUNN/generic/BCECriterion.cu,.cu,3634,58,20,"{'thrust::': 29, 'thrust\\s*::\\s*\\w+': 29}"
torch/cunn,lib/THCUNN/generic/LookupTable.cu,.cu,6824,56,10,"{'thrust::': 28, 'thrust\\s*::\\s*\\w+': 28}"
torch/cunn,lib/THCUNN/generic/LookupTableBag.cu,.cu,6726,40,8,"{'thrust::': 20, 'thrust\\s*::\\s*\\w+': 20}"
torch/cunn,lib/THCUNN/BCECriterion.cu,.cu,2339,25,0,"{'thrust::': 10, '#include\\s*<thrust/': 5, 'thrust\\s*::\\s*\\w+': 10}"
torch/cunn,lib/THCUNN/generic/SmoothL1Criterion.cu,.cu,2758,20,1,"{'thrust::': 10, 'thrust\\s*::\\s*\\w+': 10}"
torch/cunn,lib/THCUNN/generic/MSECriterion.cu,.cu,2379,20,1,"{'thrust::': 10, 'thrust\\s*::\\s*\\w+': 10}"
torch/cunn,lib/THCUNN/generic/AbsCriterion.cu,.cu,2020,16,1,"{'thrust::': 8, 'thrust\\s*::\\s*\\w+': 8}"
torch/cunn,lib/THCUNN/generic/MarginCriterion.cu,.cu,2334,16,1,"{'thrust::': 8, 'thrust\\s*::\\s*\\w+': 8}"
torch/cunn,lib/THCUNN/generic/SoftMarginCriterion.cu,.cu,2092,16,1,"{'thrust::': 8, 'thrust\\s*::\\s*\\w+': 8}"
torch/cunn,lib/THCUNN/generic/DistKLDivCriterion.cu,.cu,2468,16,1,"{'thrust::': 8, 'thrust\\s*::\\s*\\w+': 8}"
NVIDIA/kmeans,labels.h,.h,6355,108,0,"{'thrust::': 41, '#include\\s*<thrust/': 1, 'thrust\\s*::\\s*\\w+': 41, 'device_vector\\s*<': 23, 'host_vector\\s*<': 2}"
NVIDIA/kmeans,test.cu,.cu,5229,85,0,"{'thrust::': 28, '#include\\s*<thrust/': 1, 'thrust\\s*::\\s*\\w+': 28, 'device_vector\\s*<': 26, 'host_vector\\s*<': 2}"
NVIDIA/kmeans,labels.cu,.cu,9481,71,0,"{'thrust::': 28, 'thrust\\s*::\\s*\\w+': 28, 'device_vector\\s*<': 15}"
NVIDIA/kmeans,kmeans.cu,.cu,5014,69,1,"{'thrust::': 24, '#include\\s*<thrust/': 1, 'thrust\\s*::\\s*\\w+': 24, 'device_vector\\s*<': 18, 'host_vector\\s*<': 2}"
NVIDIA/kmeans,centroids.cu,.cu,5292,38,1,"{'thrust::': 14, '#include\\s*<thrust/': 4, 'thrust\\s*::\\s*\\w+': 14, 'device_vector\\s*<': 6}"
NVIDIA/kmeans,centroids.h,.h,464,19,0,"{'thrust::': 6, '#include\\s*<thrust/': 1, 'thrust\\s*::\\s*\\w+': 6, 'device_vector\\s*<': 6}"
NVIDIA/kmeans,kmeans.h,.h,2125,13,0,"{'thrust::': 4, '#include\\s*<thrust/': 1, 'thrust\\s*::\\s*\\w+': 4, 'device_vector\\s*<': 4}"
kaust-csg-uaamg/uaamg,CG_benchmarks/amgcl/backend/cuda.hpp,.hpp,22834,277,12,"{'thrust::': 107, '#include\\s*<thrust/': 7, 'thrust\\s*::\\s*\\w+': 107, 'device_vector\\s*<': 56}"
kaust-csg-uaamg/uaamg,CG_benchmarks/amgcl/relaxation/cusparse_ilu0.hpp,.hpp,20447,87,0,"{'thrust::': 41, '#include\\s*<thrust/': 1, 'thrust\\s*::\\s*\\w+': 41, 'device_vector\\s*<': 4}"
kaust-csg-uaamg/uaamg,CG_benchmarks/amgcl/backend/vexcl_static_matrix.hpp,.hpp,38525,23,0,{'device_vector\\s*<': 23}
LLNL/hiop,src/LinAlg/VectorCudaKernels.cu,.cu,45452,360,21,"{'thrust::': 172, '#include\\s*<thrust/': 12, 'thrust\\s*::\\s*\\w+': 172, 'device_vector\\s*<': 4}"
LLNL/hiop,src/LinAlg/VectorHipKernels.hpp,.hpp,12561,1,0,{'#include\\s*<thrust/': 1}
LLNL/hiop,src/LinAlg/VectorCudaKernels.hpp,.hpp,12397,1,0,{'#include\\s*<thrust/': 1}
LLNL/hiop,src/Utils/MathKernelsCuda.cu,.cu,6440,1,0,{'#include\\s*<thrust/': 1}
szellmann/visionaray,test/unittests/array.cu,.cu,6776,81,0,"{'thrust::': 32, '#include\\s*<thrust/': 5, 'thrust\\s*::\\s*\\w+': 32, 'device_vector\\s*<': 6, 'host_vector\\s*<': 6}"
szellmann/visionaray,src/viewer/render_instances.cu,.cu,4158,64,0,"{'thrust::': 28, 'thrust\\s*::\\s*\\w+': 28, 'device_vector\\s*<': 8}"
szellmann/visionaray,src/viewer/render.h,.h,13514,49,0,"{'thrust::': 16, '#include\\s*<thrust/': 1, 'thrust\\s*::\\s*\\w+': 16, 'device_vector\\s*<': 16}"
szellmann/visionaray,test/unittests/texture.cu,.cu,10809,42,0,"{'thrust::': 15, '#include\\s*<thrust/': 1, 'thrust\\s*::\\s*\\w+': 15, 'device_vector\\s*<': 4, 'host_vector\\s*<': 7}"
szellmann/visionaray,src/viewer/render_generic_material.cu,.cu,2893,39,0,"{'thrust::': 16, 'thrust\\s*::\\s*\\w+': 16, 'device_vector\\s*<': 7}"
szellmann/visionaray,src/viewer/render_plastic.cu,.cu,2461,39,0,"{'thrust::': 16, 'thrust\\s*::\\s*\\w+': 16, 'device_vector\\s*<': 7}"
szellmann/visionaray,include/visionaray/bvh.h,.h,29450,16,0,{'device_vector\\s*<': 16}
szellmann/visionaray,src/examples/raytracinginoneweekend_cuda/main.cu,.cu,10503,13,0,"{'thrust::': 5, '#include\\s*<thrust/': 1, 'thrust\\s*::\\s*\\w+': 5, 'device_vector\\s*<': 2}"
szellmann/visionaray,src/examples/opengl_interop/main.cu,.cu,27357,13,0,"{'thrust::': 5, '#include\\s*<thrust/': 1, 'thrust\\s*::\\s*\\w+': 5, 'device_vector\\s*<': 2}"
szellmann/visionaray,src/examples/cuda_unified_memory/main.cu,.cu,8719,12,0,"{'thrust::': 4, '#include\\s*<thrust/': 2, 'thrust\\s*::\\s*\\w+': 4, 'device_vector\\s*<': 1, 'host_vector\\s*<': 1}"
AnkaChan/Gaia,Simulator/Modules/BVH/GPU_LBVH.cuh,.cuh,24073,136,22,"{'thrust::': 53, '#include\\s*<thrust/': 16, 'thrust\\s*::\\s*\\w+': 53, 'device_vector\\s*<': 8, 'host_vector\\s*<': 6}"
AnkaChan/Gaia,Simulator/Modules/BVH/bvh.cuh,.cuh,17072,112,13,"{'thrust::': 40, '#include\\s*<thrust/': 16, 'thrust\\s*::\\s*\\w+': 40, 'device_vector\\s*<': 7, 'host_vector\\s*<': 9}"
AnkaChan/Gaia,Simulator/Modules/BVH/PointCloudBVH.cuh,.cuh,11460,58,4,"{'thrust::': 22, 'thrust\\s*::\\s*\\w+': 22, 'device_vector\\s*<': 5, 'host_vector\\s*<': 9}"
AnkaChan/Gaia,Simulator/Modules/BVH/query.cuh,.cuh,14390,14,4,"{'thrust::': 7, 'thrust\\s*::\\s*\\w+': 7}"
AnkaChan/Gaia,Simulator/Modules/BVH/aabb.cuh,.cuh,5186,13,0,"{'thrust::': 6, '#include\\s*<thrust/': 1, 'thrust\\s*::\\s*\\w+': 6}"
koide3/gtsam_points,src/gtsam_points/types/gaussian_voxelmap_gpu.cu,.cu,21753,135,6,"{'thrust::': 66, '#include\\s*<thrust/': 3, 'thrust\\s*::\\s*\\w+': 66}"
koide3/gtsam_points,src/gtsam_points/types/gaussian_voxelmap_gpu_funcs.cu,.cu,15814,113,11,"{'thrust::': 55, '#include\\s*<thrust/': 3, 'thrust\\s*::\\s*\\w+': 55}"
koide3/gtsam_points,include/gtsam_points/cuda/kernels/lookup_voxels.cuh,.cuh,3510,24,3,"{'thrust::': 10, '#include\\s*<thrust/': 4, 'thrust\\s*::\\s*\\w+': 10}"
koide3/gtsam_points,src/gtsam_points/factors/integrated_vgicp_derivatives.cu,.cu,3274,24,0,"{'thrust::': 10, 'thrust\\s*::\\s*\\w+': 10, 'device_vector\\s*<': 4}"
koide3/gtsam_points,src/gtsam_points/factors/integrated_vgicp_derivatives_inliers.cu,.cu,3727,12,2,"{'thrust::': 4, '#include\\s*<thrust/': 4, 'thrust\\s*::\\s*\\w+': 4}"
koide3/gtsam_points,include/gtsam_points/cuda/kernels/untie.cuh,.cuh,667,9,0,"{'thrust::': 4, '#include\\s*<thrust/': 1, 'thrust\\s*::\\s*\\w+': 4}"
koide3/gtsam_points,src/gtsam_points/factors/integrated_vgicp_derivatives_linearize.cu,.cu,1892,8,0,"{'thrust::': 3, '#include\\s*<thrust/': 2, 'thrust\\s*::\\s*\\w+': 3}"
koide3/gtsam_points,src/gtsam_points/factors/integrated_vgicp_derivatives_compute.cu,.cu,1768,8,0,"{'thrust::': 3, '#include\\s*<thrust/': 2, 'thrust\\s*::\\s*\\w+': 3}"
koide3/gtsam_points,include/gtsam_points/cuda/kernels/vgicp_derivatives.cuh,.cuh,5132,5,0,"{'thrust::': 2, '#include\\s*<thrust/': 1, 'thrust\\s*::\\s*\\w+': 2}"
koide3/gtsam_points,src/gtsam_points/types/point_cloud_gpu.cu,.cu,13068,3,0,{'#include\\s*<thrust/': 3}
OpenGP/htrack,cudax/outer_product.cu,.cu,2063,53,0,"{'thrust::': 19, 'thrust\\s*::\\s*\\w+': 19, 'device_vector\\s*<': 15}"
OpenGP/htrack,cudax/CublasHelper.h,.h,10907,51,0,"{'thrust::': 21, 'thrust\\s*::\\s*\\w+': 21, 'device_vector\\s*<': 9}"
OpenGP/htrack,cudax/kernel.cu,.cu,6495,38,2,"{'thrust::': 17, '#include\\s*<thrust/': 2, 'thrust\\s*::\\s*\\w+': 17, 'device_vector\\s*<': 1, 'host_vector\\s*<': 1}"
OpenGP/htrack,cudax/PixelIndexer.h,.h,8639,31,0,"{'thrust::': 13, '#include\\s*<thrust/': 1, 'thrust\\s*::\\s*\\w+': 13, 'device_vector\\s*<': 4}"
OpenGP/htrack,cudax/kernel_debug.h,.h,3505,28,0,"{'thrust::': 11, '#include\\s*<thrust/': 2, 'thrust\\s*::\\s*\\w+': 11, 'device_vector\\s*<': 3, 'host_vector\\s*<': 1}"
OpenGP/htrack,cudax/kernel.h,.h,4409,25,0,"{'thrust::': 8, '#include\\s*<thrust/': 1, 'thrust\\s*::\\s*\\w+': 8, 'device_vector\\s*<': 8}"
OpenGP/htrack,cudax/kernel_init.h,.h,3598,24,0,"{'thrust::': 8, 'thrust\\s*::\\s*\\w+': 8, 'device_vector\\s*<': 8}"
OpenGP/htrack,cudax/externs.h,.h,2452,17,0,"{'thrust::': 5, '#include\\s*<thrust/': 2, 'thrust\\s*::\\s*\\w+': 5, 'device_vector\\s*<': 1, 'host_vector\\s*<': 4}"
OpenGP/htrack,apps/helloworld_thrust/main.cu,.cu,926,16,1,"{'thrust::': 5, '#include\\s*<thrust/': 4, 'thrust\\s*::\\s*\\w+': 5, 'device_vector\\s*<': 1, 'host_vector\\s*<': 1}"
OpenGP/htrack,cudax/kernel_upload.h,.h,1369,14,0,"{'thrust::': 7, 'thrust\\s*::\\s*\\w+': 7}"
SmileiPIC/Smilei,src/Particles/nvidiaParticles.cu,.cu,59019,271,12,"{'thrust::': 125, '#include\\s*<thrust/': 10, 'thrust\\s*::\\s*\\w+': 125, 'device_vector\\s*<': 11}"
SmileiPIC/Smilei,src/Particles/nvidiaParticles.h,.h,9773,57,0,"{'thrust::': 22, '#include\\s*<thrust/': 1, 'thrust\\s*::\\s*\\w+': 22, 'device_vector\\s*<': 12}"
SmileiPIC/Smilei,src/Tools/gpu.h,.h,23031,6,0,"{'thrust::': 3, 'thrust\\s*::\\s*\\w+': 3}"
gunrock/gunrock,unittests/algorithms/tc.cuh,.cuh,3009,36,0,"{'thrust::': 12, 'thrust\\s*::\\s*\\w+': 12, 'device_vector\\s*<': 8, 'host_vector\\s*<': 4}"
gunrock/gunrock,unittests/graph/graph.cuh,.cuh,4889,35,0,"{'thrust::': 12, 'thrust\\s*::\\s*\\w+': 12, 'device_vector\\s*<': 6, 'host_vector\\s*<': 5}"
gunrock/gunrock,examples/algorithms/dawn/dawn.cu,.cu,6808,30,0,"{'thrust::': 10, 'thrust\\s*::\\s*\\w+': 10, 'device_vector\\s*<': 6, 'host_vector\\s*<': 4}"
gunrock/gunrock,examples/experiments/copy_ctor.cu,.cu,2325,25,4,"{'thrust::': 8, '#include\\s*<thrust/': 6, 'thrust\\s*::\\s*\\w+': 8, 'device_vector\\s*<': 3}"
gunrock/gunrock,examples/experiments/spmm.cu,.cu,7016,20,0,"{'thrust::': 6, '#include\\s*<thrust/': 2, 'thrust\\s*::\\s*\\w+': 6, 'device_vector\\s*<': 3, 'host_vector\\s*<': 3}"
gunrock/gunrock,examples/experiments/enable_if.cu,.cu,1868,19,0,"{'thrust::': 7, '#include\\s*<thrust/': 4, 'thrust\\s*::\\s*\\w+': 7, 'device_vector\\s*<': 1}"
gunrock/gunrock,examples/algorithms/sssp/sssp.cu,.cu,4606,18,0,"{'thrust::': 6, 'thrust\\s*::\\s*\\w+': 6, 'device_vector\\s*<': 4, 'host_vector\\s*<': 2}"
gunrock/gunrock,examples/experiments/diamond.cu,.cu,2723,15,0,"{'thrust::': 5, '#include\\s*<thrust/': 2, 'thrust\\s*::\\s*\\w+': 5, 'device_vector\\s*<': 2, 'host_vector\\s*<': 1}"
gunrock/gunrock,unittests/utils/type_limits.cuh,.cuh,1868,11,2,"{'thrust::': 4, '#include\\s*<thrust/': 3, 'thrust\\s*::\\s*\\w+': 4}"
gunrock/gunrock,examples/algorithms/bfs/bfs.cu,.cu,4148,12,0,"{'thrust::': 4, 'thrust\\s*::\\s*\\w+': 4, 'device_vector\\s*<': 2, 'host_vector\\s*<': 2}"
dealii/dealii,bundled/boost-1.84.0/include/boost/numeric/odeint/external/thrust/thrust_algebra.hpp,.hpp,8129,79,30,"{'thrust::': 38, '#include\\s*<thrust/': 3, 'thrust\\s*::\\s*\\w+': 38}"
dealii/dealii,bundled/boost-1.84.0/include/boost/numeric/odeint/external/thrust/thrust_operations.hpp,.hpp,7441,88,0,"{'thrust::': 43, '#include\\s*<thrust/': 2, 'thrust\\s*::\\s*\\w+': 43}"
dealii/dealii,bundled/boost-1.84.0/include/boost/numeric/odeint/external/thrust/thrust_resize.hpp,.hpp,8486,66,0,"{'thrust::': 29, '#include\\s*<thrust/': 8, 'thrust\\s*::\\s*\\w+': 29}"
dealii/dealii,bundled/boost-1.84.0/include/boost/numeric/odeint/external/thrust/thrust_operations_dispatcher.hpp,.hpp,2934,21,0,"{'thrust::': 6, '#include\\s*<thrust/': 7, 'thrust\\s*::\\s*\\w+': 6, 'device_vector\\s*<': 1, 'host_vector\\s*<': 1}"
dealii/dealii,bundled/boost-1.84.0/include/boost/numeric/odeint/external/thrust/thrust_algebra_dispatcher.hpp,.hpp,2857,21,0,"{'thrust::': 6, '#include\\s*<thrust/': 7, 'thrust\\s*::\\s*\\w+': 6, 'device_vector\\s*<': 1, 'host_vector\\s*<': 1}"
dealii/dealii,bundled/kokkos-4.5.01/algorithms/src/sorting/impl/Kokkos_SortByKeyImpl.hpp,.hpp,16133,14,2,"{'thrust::': 4, '#include\\s*<thrust/': 6, 'thrust\\s*::\\s*\\w+': 4}"
dealii/dealii,bundled/kokkos-4.5.01/algorithms/src/sorting/impl/Kokkos_SortImpl.hpp,.hpp,15634,14,2,"{'thrust::': 4, '#include\\s*<thrust/': 6, 'thrust\\s*::\\s*\\w+': 4}"
dealii/dealii,bundled/boost-1.84.0/include/boost/numeric/odeint/external/thrust/thrust.hpp,.hpp,937,1,0,{'thrust\\.h': 1}
torch/DEPRECEATED-torch7-distro,extra/cuda/lib/THC/THCTensorMath.cu,.cu,33434,126,14,"{'thrust::': 61, '#include\\s*<thrust/': 4, 'thrust\\s*::\\s*\\w+': 61}"
torch/DEPRECEATED-torch7-distro,extra/cuda/lib/THC/THCTensorRandom.cu,.cu,4681,17,4,"{'thrust::': 8, '#include\\s*<thrust/': 1, 'thrust\\s*::\\s*\\w+': 8}"
torch/DEPRECEATED-torch7-distro,extra/cuda/pkg/cunn/AbsCriterion.cu,.cu,2858,20,1,"{'thrust::': 8, '#include\\s*<thrust/': 4, 'thrust\\s*::\\s*\\w+': 8}"
torch/DEPRECEATED-torch7-distro,extra/cuda/pkg/cunn/MSECriterion.cu,.cu,6350,20,1,"{'thrust::': 8, '#include\\s*<thrust/': 4, 'thrust\\s*::\\s*\\w+': 8}"
torch/DEPRECEATED-torch7-distro,extra/cuda/pkg/cunn/HardTanh.cu,.cu,2371,14,2,"{'thrust::': 7, 'thrust\\s*::\\s*\\w+': 7}"
torch/DEPRECEATED-torch7-distro,extra/cuda/pkg/cunn/Sqrt.cu,.cu,2430,14,2,"{'thrust::': 7, 'thrust\\s*::\\s*\\w+': 7}"
torch/DEPRECEATED-torch7-distro,extra/cuda/pkg/cunn/Square.cu,.cu,2145,14,2,"{'thrust::': 7, 'thrust\\s*::\\s*\\w+': 7}"
torch/DEPRECEATED-torch7-distro,extra/cuda/pkg/cunn/Abs.cu,.cu,2228,14,2,"{'thrust::': 7, 'thrust\\s*::\\s*\\w+': 7}"
torch/DEPRECEATED-torch7-distro,extra/cuda/pkg/cunn/Tanh.cu,.cu,2152,14,2,"{'thrust::': 7, 'thrust\\s*::\\s*\\w+': 7}"
torch/DEPRECEATED-torch7-distro,extra/cuda/pkg/cunn/Sigmoid.cu,.cu,2203,14,2,"{'thrust::': 7, 'thrust\\s*::\\s*\\w+': 7}"
zju3dv/mlp_maps,lib/csrc/kilonerf_cuda/cub-1.8.0/test/test_iterator.cu,.cu,25549,56,0,"{'thrust::': 27, '#include\\s*<thrust/': 2, 'thrust\\s*::\\s*\\w+': 27}"
zju3dv/mlp_maps,lib/csrc/kilonerf_cuda/cub-1.8.0/test/test_device_select_if.cu,.cu,37640,52,0,"{'thrust::': 24, '#include\\s*<thrust/': 4, 'thrust\\s*::\\s*\\w+': 24}"
zju3dv/mlp_maps,lib/csrc/kilonerf_cuda/cub-1.8.0/test/test_device_scan.cu,.cu,33600,26,2,"{'thrust::': 12, '#include\\s*<thrust/': 2, 'thrust\\s*::\\s*\\w+': 12}"
zju3dv/mlp_maps,lib/csrc/kilonerf_cuda/cub-1.8.0/test/test_device_radix_sort.cu,.cu,46469,25,2,"{'thrust::': 11, '#include\\s*<thrust/': 3, 'thrust\\s*::\\s*\\w+': 11}"
zju3dv/mlp_maps,lib/csrc/kilonerf_cuda/reorder.cu,.cu,1857,19,2,"{'thrust::': 8, '#include\\s*<thrust/': 3, 'thrust\\s*::\\s*\\w+': 8}"
zju3dv/mlp_maps,lib/csrc/kilonerf_cuda/cub-1.8.0/test/test_device_reduce_by_key.cu,.cu,30363,19,1,"{'thrust::': 8, '#include\\s*<thrust/': 3, 'thrust\\s*::\\s*\\w+': 8}"
zju3dv/mlp_maps,lib/csrc/kilonerf_cuda/cub-1.8.0/test/test_device_run_length_encode.cu,.cu,31192,19,1,"{'thrust::': 8, '#include\\s*<thrust/': 3, 'thrust\\s*::\\s*\\w+': 8}"
zju3dv/mlp_maps,lib/csrc/kilonerf_cuda/cub-1.8.0/test/test_device_select_unique.cu,.cu,21518,12,0,"{'thrust::': 4, '#include\\s*<thrust/': 4, 'thrust\\s*::\\s*\\w+': 4}"
zju3dv/mlp_maps,lib/csrc/kilonerf_cuda/cub-1.8.0/test/test_device_reduce.cu,.cu,49902,10,2,"{'thrust::': 4, '#include\\s*<thrust/': 2, 'thrust\\s*::\\s*\\w+': 4}"
zju3dv/mlp_maps,lib/csrc/kilonerf_cuda/cub-1.8.0/cub/iterator/arg_index_input_iterator.cuh,.cuh,8781,9,0,"{'thrust::': 3, '#include\\s*<thrust/': 3, 'thrust\\s*::\\s*\\w+': 3}"
OriginQ/QPanda-2,Core/VirtualQuantumProcessor/GPUGates/GPUGatesWrapper.cu,.cu,72598,217,0,"{'thrust::': 107, 'thrust\\s*::\\s*\\w+': 107, 'host_vector\\s*<': 3}"
OriginQ/QPanda-2,Core/VirtualQuantumProcessor/GPUGates/FunGates.cu,.cu,38050,37,1,"{'thrust::': 18, '#include\\s*<thrust/': 1, 'thrust\\s*::\\s*\\w+': 18}"
OriginQ/QPanda-2,include/Core/VirtualQuantumProcessor/GPUGates/GPUStruct.cuh,.cuh,2671,31,0,"{'thrust::': 9, '#include\\s*<thrust/': 8, 'thrust\\s*::\\s*\\w+': 9, 'device_vector\\s*<': 4, 'host_vector\\s*<': 1}"
MuGdxy/muda,src/muda/ext/geo/lbvh/bvh.h,.h,14250,97,13,"{'thrust::': 39, '#include\\s*<thrust/': 16, 'thrust\\s*::\\s*\\w+': 39, 'host_vector\\s*<': 3}"
MuGdxy/muda,test/unit_test/lbvh_test.cu,.cu,7796,34,7,"{'thrust::': 16, '#include\\s*<thrust/': 1, 'thrust\\s*::\\s*\\w+': 16, 'device_vector\\s*<': 1}"
MuGdxy/muda,test/unit_test/thrust_test.cu,.cu,4153,24,4,"{'thrust::': 9, '#include\\s*<thrust/': 5, 'thrust\\s*::\\s*\\w+': 9, 'device_vector\\s*<': 1}"
MuGdxy/muda,src/muda/container/vector.h,.h,5081,28,0,"{'thrust::': 10, '#include\\s*<thrust/': 3, 'thrust\\s*::\\s*\\w+': 10, 'device_vector\\s*<': 2, 'host_vector\\s*<': 3}"
MuGdxy/muda,src/muda/ext/geo/lbvh/bvh_viewer.h,.h,13950,20,4,"{'thrust::': 10, 'thrust\\s*::\\s*\\w+': 10}"
MuGdxy/muda,src/muda/container/var.h,.h,2456,18,0,"{'thrust::': 7, '#include\\s*<thrust/': 4, 'thrust\\s*::\\s*\\w+': 7}"
MuGdxy/muda,example/thrust_support/viewer.cu,.cu,1931,13,0,"{'thrust::': 5, '#include\\s*<thrust/': 1, 'thrust\\s*::\\s*\\w+': 5, 'device_vector\\s*<': 2}"
MuGdxy/muda,src/muda/ext/geo/lbvh/aabb.h,.h,5319,13,0,"{'thrust::': 6, '#include\\s*<thrust/': 1, 'thrust\\s*::\\s*\\w+': 6}"
MuGdxy/muda,example/hello_muda/muda_vs_cuda.cu,.cu,999,5,0,"{'thrust::': 2, 'thrust\\s*::\\s*\\w+': 2, 'device_vector\\s*<': 1}"
MuGdxy/muda,test/unit_test/graph_test.cu,.cu,4452,4,0,{'host_vector\\s*<': 4}
ashawkey/cubvh,include/gpu/spcumc.cuh,.cuh,41841,254,14,"{'thrust::': 103, '#include\\s*<thrust/': 16, 'thrust\\s*::\\s*\\w+': 103, 'device_vector\\s*<': 32}"
ashawkey/cubvh,src/api_gpu.cu,.cu,6128,10,0,"{'thrust::': 4, 'thrust\\s*::\\s*\\w+': 4, 'device_vector\\s*<': 2}"
ANNetGPGPU/ANNetGPGPU,src/experimental/BPKernel.cu,.cu,9590,136,21,"{'thrust::': 55, 'thrust\\s*::\\s*\\w+': 55, 'device_vector\\s*<': 26}"
ANNetGPGPU/ANNetGPGPU,src/SOMNetGPU.cu,.cu,14538,74,9,"{'thrust::': 29, '#include\\s*<thrust/': 3, 'thrust\\s*::\\s*\\w+': 29, 'device_vector\\s*<': 11, 'host_vector\\s*<': 2}"
ANNetGPGPU/ANNetGPGPU,src/containers/2DArray.h,.h,6283,11,0,"{'thrust::': 5, 'thrust\\s*::\\s*\\w+': 5, 'device_vector\\s*<': 1}"
ANNetGPGPU/ANNetGPGPU,src/SOMExport.h,.h,1251,8,0,"{'thrust::': 2, '#include\\s*<thrust/': 2, 'thrust\\s*::\\s*\\w+': 2, 'device_vector\\s*<': 2}"
ANNetGPGPU/ANNetGPGPU,src/containers/CentroidGPU.h,.h,2254,7,0,"{'thrust::': 2, '#include\\s*<thrust/': 1, 'thrust\\s*::\\s*\\w+': 2, 'host_vector\\s*<': 2}"
ANNetGPGPU/ANNetGPGPU,src/experimental/BPNetGPU.h,.h,1232,6,0,"{'thrust::': 2, 'thrust\\s*::\\s*\\w+': 2, 'device_vector\\s*<': 2}"
ANNetGPGPU/ANNetGPGPU,src/SOMNetGPU.h,.h,2488,3,0,"{'thrust::': 1, 'thrust\\s*::\\s*\\w+': 1, 'device_vector\\s*<': 1}"
ethereal-developers/OpenScan,android/scanlibrary/src/main/jni/sdk/native/jni/include/opencv2/core/cuda/detail/reduce_key_val.hpp,.hpp,23843,111,0,"{'thrust::': 55, '#include\\s*<thrust/': 1, 'thrust\\s*::\\s*\\w+': 55}"
ethereal-developers/OpenScan,android/scanlibrary/src/main/jni/sdk/native/jni/include/opencv2/core/cuda/reduce.hpp,.hpp,11979,81,10,"{'thrust::': 40, '#include\\s*<thrust/': 1, 'thrust\\s*::\\s*\\w+': 40}"
ethereal-developers/OpenScan,android/scanlibrary/src/main/jni/sdk/native/jni/include/opencv2/core/cuda/detail/reduce.hpp,.hpp,15702,65,0,"{'thrust::': 32, '#include\\s*<thrust/': 1, 'thrust\\s*::\\s*\\w+': 32}"
js1010/cuhnsw,cpp/src/cuhnsw_build.cu,.cu,12343,229,0,"{'thrust::': 97, 'thrust\\s*::\\s*\\w+': 97, 'device_vector\\s*<': 33, 'host_vector\\s*<': 2}"
js1010/cuhnsw,cpp/include/cuhnsw.hpp,.hpp,3072,10,0,"{'thrust::': 1, '#include\\s*<thrust/': 7, 'thrust\\s*::\\s*\\w+': 1, 'device_vector\\s*<': 1}"
js1010/cuhnsw,cpp/include/cuda_base_kernels.cuh,.cuh,1118,7,0,{'#include\\s*<thrust/': 7}
js1010/cuhnsw,cpp/src/cuhnsw_base.cu,.cu,12572,4,0,"{'thrust::': 2, 'thrust\\s*::\\s*\\w+': 2}"
CubbyFlow/CubbyFlow,Sources/Core/CUDA/CUDASPHSystemData3.cu,.cu,3056,29,2,"{'thrust::': 13, '#include\\s*<thrust/': 3, 'thrust\\s*::\\s*\\w+': 13}"
CubbyFlow/CubbyFlow,Sources/Core/CUDA/CUDAPCISPHSolver3.cu,.cu,13597,31,0,"{'thrust::': 15, '#include\\s*<thrust/': 1, 'thrust\\s*::\\s*\\w+': 15}"
CubbyFlow/CubbyFlow,Sources/Core/CUDA/CUDASPHSystemData2.cu,.cu,3054,29,2,"{'thrust::': 13, '#include\\s*<thrust/': 3, 'thrust\\s*::\\s*\\w+': 13}"
CubbyFlow/CubbyFlow,Sources/Core/CUDA/CUDAPCISPHSolver2.cu,.cu,13579,31,0,"{'thrust::': 15, '#include\\s*<thrust/': 1, 'thrust\\s*::\\s*\\w+': 15}"
CubbyFlow/CubbyFlow,Sources/Core/CUDA/CUDAParticleSystemData3.cu,.cu,10358,21,2,"{'thrust::': 9, '#include\\s*<thrust/': 3, 'thrust\\s*::\\s*\\w+': 9}"
CubbyFlow/CubbyFlow,Sources/Core/CUDA/CUDAParticleSystemData2.cu,.cu,10322,21,2,"{'thrust::': 9, '#include\\s*<thrust/': 3, 'thrust\\s*::\\s*\\w+': 9}"
CubbyFlow/CubbyFlow,Sources/Core/CUDA/CUDAPointHashGridSearcher2.cu,.cu,5278,17,3,"{'thrust::': 7, '#include\\s*<thrust/': 3, 'thrust\\s*::\\s*\\w+': 7}"
CubbyFlow/CubbyFlow,Sources/Core/CUDA/CUDAPointHashGridSearcher3.cu,.cu,5494,17,3,"{'thrust::': 7, '#include\\s*<thrust/': 3, 'thrust\\s*::\\s*\\w+': 7}"
CubbyFlow/CubbyFlow,Includes/Core/CUDA/ThrustUtils.hpp,.hpp,1459,17,0,"{'thrust::': 8, '#include\\s*<thrust/': 1, 'thrust\\s*::\\s*\\w+': 8}"
CubbyFlow/CubbyFlow,Includes/Core/CUDA/CUDAPointHashGridSearcher3-Impl.hpp,.hpp,6175,8,0,"{'thrust::': 3, '#include\\s*<thrust/': 2, 'thrust\\s*::\\s*\\w+': 3}"
MatrixAINetwork/MATRIX_AI,ParallelShapelet/src/shapelet.cu,.cu,17727,56,3,"{'thrust::': 28, 'thrust\\s*::\\s*\\w+': 28}"
MatrixAINetwork/MATRIX_AI,ParallelShapelet/src/distanceoncpu.cu,.cu,5866,54,5,"{'thrust::': 25, '#include\\s*<thrust/': 4, 'thrust\\s*::\\s*\\w+': 25}"
MatrixAINetwork/MATRIX_AI,ParallelShapelet/src/pub.cu,.cu,9484,35,8,"{'thrust::': 14, '#include\\s*<thrust/': 5, 'thrust\\s*::\\s*\\w+': 14, 'device_vector\\s*<': 2}"
MatrixAINetwork/MATRIX_AI,ParallelShapelet/src/infogain.cu,.cu,4503,40,1,"{'thrust::': 17, '#include\\s*<thrust/': 6, 'thrust\\s*::\\s*\\w+': 17}"
MatrixAINetwork/MATRIX_AI,ParallelShapelet/src/pub.h,.h,2216,16,0,"{'thrust::': 5, '#include\\s*<thrust/': 5, 'thrust\\s*::\\s*\\w+': 5, 'device_vector\\s*<': 1}"
MatrixAINetwork/MATRIX_AI,ParallelShapelet/src/min.cu,.cu,4279,8,1,"{'thrust::': 2, '#include\\s*<thrust/': 4, 'thrust\\s*::\\s*\\w+': 2}"
MatrixAINetwork/MATRIX_AI,ParallelShapelet/src/prunedtw.cu,.cu,16546,6,0,"{'thrust::': 1, '#include\\s*<thrust/': 4, 'thrust\\s*::\\s*\\w+': 1}"
MatrixAINetwork/MATRIX_AI,ParallelShapelet/src/min.h,.h,1277,5,0,"{'thrust::': 2, '#include\\s*<thrust/': 1, 'thrust\\s*::\\s*\\w+': 2}"
MatrixAINetwork/MATRIX_AI,ParallelShapelet/src/shapelet.h,.h,1053,3,0,"{'thrust::': 1, '#include\\s*<thrust/': 1, 'thrust\\s*::\\s*\\w+': 1}"
MatrixAINetwork/MATRIX_AI,ParallelShapelet/src/distanceoncpu.h,.h,1099,2,0,"{'thrust::': 1, 'thrust\\s*::\\s*\\w+': 1}"
meiqua/pose_refine,cuda_icp/icp.cu,.cu,18963,95,5,"{'thrust::': 39, '#include\\s*<thrust/': 2, 'thrust\\s*::\\s*\\w+': 39, 'device_vector\\s*<': 10, 'host_vector\\s*<': 5}"
meiqua/pose_refine,cuda_renderer/renderer.cu,.cu,17149,92,6,"{'thrust::': 39, 'thrust\\s*::\\s*\\w+': 39, 'device_vector\\s*<': 14}"
meiqua/pose_refine,cuda_renderer/renderer.h,.h,11427,15,0,"{'thrust::': 6, '#include\\s*<thrust/': 3, 'thrust\\s*::\\s*\\w+': 6}"
meiqua/pose_refine,cuda_icp/scene/common.h,.h,2174,12,0,"{'thrust::': 6, 'thrust\\s*::\\s*\\w+': 6}"
meiqua/pose_refine,cuda_icp/scene/pcd_scene/pcd_scene.cu,.cu,814,6,0,"{'thrust::': 3, 'thrust\\s*::\\s*\\w+': 3}"
meiqua/pose_refine,cuda_icp/scene/depth_scene/depth_scene.cu,.cu,1012,4,0,"{'thrust::': 2, 'thrust\\s*::\\s*\\w+': 2}"
meiqua/pose_refine,cuda_icp/geometry.h,.h,9451,3,0,{'#include\\s*<thrust/': 3}
meiqua/pose_refine,cuda_icp/icp.h,.h,8722,2,0,{'#include\\s*<thrust/': 2}
meiqua/pose_refine,cuda_icp/scene/common.cu,.cu,864,2,0,"{'thrust::': 1, 'thrust\\s*::\\s*\\w+': 1}"
ashwin/gDel3D,GDelFlipping/src/gDel3D/GPU/ThrustWrapper.cu,.cu,9171,61,7,"{'thrust::': 30, '#include\\s*<thrust/': 1, 'thrust\\s*::\\s*\\w+': 30}"
ashwin/gDel3D,GDelFlipping/src/gDel3D/GpuDelaunay.cu,.cu,40731,54,4,"{'thrust::': 27, 'thrust\\s*::\\s*\\w+': 27}"
ashwin/gDel3D,GDelFlipping/src/gDel3D/GPU/GPUDecl.h,.h,11337,34,0,"{'thrust::': 16, 'thrust\\s*::\\s*\\w+': 16, 'host_vector\\s*<': 2}"
ashwin/gDel3D,GDelFlipping/src/gDel3D/CPU/CPUDecl.h,.h,6068,26,0,"{'thrust::': 9, '#include\\s*<thrust/': 1, 'thrust\\s*::\\s*\\w+': 9, 'host_vector\\s*<': 7}"
ashwin/gDel3D,GDelFlipping/src/gDel3D/CommonTypes.h,.h,14375,25,0,"{'thrust::': 5, '#include\\s*<thrust/': 10, 'thrust\\s*::\\s*\\w+': 5, 'host_vector\\s*<': 5}"
ashwin/gDel3D,GDelFlipping/src/gDel3D/GPU/ThrustWrapper.h,.h,6043,12,0,"{'thrust::': 6, 'thrust\\s*::\\s*\\w+': 6}"
ashwin/gDel3D,GDelFlipping/src/gDel3D/CPU/Splaying.h,.h,3808,6,0,"{'thrust::': 2, 'thrust\\s*::\\s*\\w+': 2, 'host_vector\\s*<': 2}"
ashwin/gDel3D,GDelFlipping/src/gDel3D/GPU/HostToKernel.h,.h,3026,2,0,"{'thrust::': 1, 'thrust\\s*::\\s*\\w+': 1}"
pghysels/STRUMPACK,src/sparse/ordering/NDBFS.cu,.cu,35578,148,10,"{'thrust::': 64, '#include\\s*<thrust/': 11, 'thrust\\s*::\\s*\\w+': 64, 'device_vector\\s*<': 9}"
pghysels/STRUMPACK,src/sparse/fronts/FrontGPUSPD.cu,.cu,28950,33,0,"{'thrust::': 16, '#include\\s*<thrust/': 1, 'thrust\\s*::\\s*\\w+': 16}"
pghysels/STRUMPACK,src/sparse/fronts/FrontCUDA.cu,.cu,26882,33,0,"{'thrust::': 16, '#include\\s*<thrust/': 1, 'thrust\\s*::\\s*\\w+': 16}"
NVIDIA/VisRTX,devices/rtx/scene/light/HDRI.cu,.cu,11737,45,6,"{'thrust::': 18, '#include\\s*<thrust/': 9, 'thrust\\s*::\\s*\\w+': 18}"
NVIDIA/VisRTX,devices/rtx/frame/Frame.cu,.cu,20551,47,2,"{'thrust::': 22, '#include\\s*<thrust/': 3, 'thrust\\s*::\\s*\\w+': 22}"
NVIDIA/VisRTX,tsd/apps/interactive/demos/animated_volume/jacobi3D.cu,.cu,3157,43,2,"{'thrust::': 18, '#include\\s*<thrust/': 5, 'thrust\\s*::\\s*\\w+': 18, 'device_vector\\s*<': 2}"
NVIDIA/VisRTX,devices/rtx/scene/surface/geometry/Sphere.cu,.cu,5337,21,2,"{'thrust::': 9, '#include\\s*<thrust/': 3, 'thrust\\s*::\\s*\\w+': 9}"
NVIDIA/VisRTX,devices/rtx/frame/Denoiser.cu,.cu,5422,16,2,"{'thrust::': 7, '#include\\s*<thrust/': 2, 'thrust\\s*::\\s*\\w+': 7}"
NVIDIA/VisRTX,tsd/apps/interactive/demos/animated_particles/particle_system.cu,.cu,1953,12,2,"{'thrust::': 4, '#include\\s*<thrust/': 4, 'thrust\\s*::\\s*\\w+': 4}"
NVIDIA/VisRTX,tsd/src/tsd/rendering/pipeline/passes/detail/parallel_for.h,.h,933,11,2,"{'thrust::': 4, '#include\\s*<thrust/': 3, 'thrust\\s*::\\s*\\w+': 4}"
NVIDIA/VisRTX,tsd/src/tsd/core/algorithms/detail/computeScalarRangeImpl.hpp,.hpp,1989,8,0,"{'thrust::': 3, '#include\\s*<thrust/': 2, 'thrust\\s*::\\s*\\w+': 3}"
NVIDIA/CUDALibrarySamples,MathDx/nvCOMPDx/common/batch_data.hpp,.hpp,8483,46,0,"{'thrust::': 15, '#include\\s*<thrust/': 1, 'thrust\\s*::\\s*\\w+': 15, 'device_vector\\s*<': 15}"
NVIDIA/CUDALibrarySamples,nvCOMP/examples/BatchData.h,.h,6703,39,0,"{'thrust::': 13, '#include\\s*<thrust/': 1, 'thrust\\s*::\\s*\\w+': 13, 'device_vector\\s*<': 12}"
NVIDIA/CUDALibrarySamples,nvCOMP/benchmarks/benchmark_template_chunked.cuh,.cuh,42583,32,0,"{'thrust::': 11, '#include\\s*<thrust/': 1, 'thrust\\s*::\\s*\\w+': 11, 'device_vector\\s*<': 9}"
NVIDIA/CUDALibrarySamples,MathDx/cuBLASDx/reference/reference.hpp,.hpp,9816,21,4,"{'thrust::': 6, 'thrust\\s*::\\s*\\w+': 6, 'device_vector\\s*<': 9}"
NVIDIA/CUDALibrarySamples,MathDx/cuFFTDx/07_convolution_3d/reference.hpp,.hpp,10132,13,3,"{'thrust::': 5, '#include\\s*<thrust/': 3, 'thrust\\s*::\\s*\\w+': 5}"
NVIDIA/CUDALibrarySamples,MathDx/cuBLASDx/16_dgemm_emulation/dgemm_emulation.cu,.cu,22901,15,0,"{'#include\\s*<thrust/': 4, 'device_vector\\s*<': 11}"
NVIDIA/CUDALibrarySamples,MathDx/cuBLASDx/13_gemm_fft/gemm_fft_performance.cu,.cu,21058,8,2,"{'thrust::': 4, 'thrust\\s*::\\s*\\w+': 4}"
NVIDIA/CUDALibrarySamples,MathDx/cuBLASDx/reference/naive_reference.cu,.cu,7326,9,0,{'device_vector\\s*<': 9}
NVIDIA/CUDALibrarySamples,MathDx/cuBLASDx/13_gemm_fft/gemm_fft_fp16.cu,.cu,17132,8,0,"{'thrust::': 4, 'thrust\\s*::\\s*\\w+': 4}"
NVIDIA/CUDALibrarySamples,MathDx/cuBLASDx/common/common.hpp,.hpp,28362,8,0,"{'thrust::': 1, '#include\\s*<thrust/': 2, 'thrust\\s*::\\s*\\w+': 1, 'device_vector\\s*<': 4}"
stotko/stdgpu,src/stdgpu/impl/iterator_detail.h,.h,9626,38,0,"{'thrust::': 18, '#include\\s*<thrust/': 2, 'thrust\\s*::\\s*\\w+': 18}"
stotko/stdgpu,examples/cuda/ranges.cu,.cu,3242,17,4,"{'thrust::': 7, '#include\\s*<thrust/': 3, 'thrust\\s*::\\s*\\w+': 7}"
stotko/stdgpu,src/stdgpu/iterator.h,.h,15434,18,0,"{'thrust::': 8, '#include\\s*<thrust/': 2, 'thrust\\s*::\\s*\\w+': 8}"
stotko/stdgpu,examples/cuda/unordered_set.cu,.cu,3091,11,1,"{'thrust::': 4, '#include\\s*<thrust/': 3, 'thrust\\s*::\\s*\\w+': 4}"
stotko/stdgpu,examples/cuda/iterator.cu,.cu,2103,11,1,"{'thrust::': 4, '#include\\s*<thrust/': 3, 'thrust\\s*::\\s*\\w+': 4}"
stotko/stdgpu,examples/cuda/vector.cu,.cu,2985,9,1,"{'thrust::': 3, '#include\\s*<thrust/': 3, 'thrust\\s*::\\s*\\w+': 3}"
stotko/stdgpu,examples/cuda/deque.cu,.cu,3313,9,1,"{'thrust::': 3, '#include\\s*<thrust/': 3, 'thrust\\s*::\\s*\\w+': 3}"
stotko/stdgpu,examples/cuda/atomic.cu,.cu,2545,9,1,"{'thrust::': 3, '#include\\s*<thrust/': 3, 'thrust\\s*::\\s*\\w+': 3}"
stotko/stdgpu,examples/cuda/unordered_map.cu,.cu,3779,9,1,"{'thrust::': 3, '#include\\s*<thrust/': 3, 'thrust\\s*::\\s*\\w+': 3}"
stotko/stdgpu,examples/cuda/mutex_array.cu,.cu,3839,8,1,"{'thrust::': 3, '#include\\s*<thrust/': 2, 'thrust\\s*::\\s*\\w+': 3}"
ginkgo-project/ginkgo,common/cuda_hip/components/bitvector.hpp,.hpp,6478,24,4,"{'thrust::': 9, '#include\\s*<thrust/': 5, 'thrust\\s*::\\s*\\w+': 9, 'thrust\\.h': 1}"
ginkgo-project/ginkgo,common/cuda_hip/base/math.hpp,.hpp,10174,27,0,"{'thrust::': 13, '#include\\s*<thrust/': 1, 'thrust\\s*::\\s*\\w+': 13}"
ginkgo-project/ginkgo,cuda/base/types.hpp,.hpp,10124,27,0,"{'thrust::': 13, '#include\\s*<thrust/': 1, 'thrust\\s*::\\s*\\w+': 13}"
ginkgo-project/ginkgo,hip/base/types.hip.hpp,.hpp,10824,27,0,"{'thrust::': 13, '#include\\s*<thrust/': 1, 'thrust\\s*::\\s*\\w+': 13}"
ginkgo-project/ginkgo,hip/components/memory.hip.hpp,.hpp,10107,24,0,"{'thrust::': 12, 'thrust\\s*::\\s*\\w+': 12}"
ginkgo-project/ginkgo,common/cuda_hip/components/uninitialized_array.hpp,.hpp,2995,17,0,"{'thrust::': 8, 'thrust\\s*::\\s*\\w+': 8, 'thrust\\.h': 1}"
ginkgo-project/ginkgo,common/cuda_hip/components/atomic.hpp,.hpp,11201,12,0,"{'thrust::': 6, 'thrust\\s*::\\s*\\w+': 6}"
ginkgo-project/ginkgo,common/cuda_hip/base/thrust.hpp,.hpp,1190,9,0,"{'thrust::': 3, '#include\\s*<thrust/': 3, 'thrust\\s*::\\s*\\w+': 3}"
ginkgo-project/ginkgo,common/cuda_hip/base/batch_multi_vector_kernels.hpp,.hpp,11099,8,0,"{'thrust::': 4, 'thrust\\s*::\\s*\\w+': 4}"
ginkgo-project/ginkgo,cuda/test/base/math.cu,.cu,4044,8,0,"{'thrust::': 4, 'thrust\\s*::\\s*\\w+': 4}"
ColfaxResearch/cutlass-kernels,src/fmha-pipeline/fmha_forward.cu,.cu,30936,92,3,"{'thrust::': 31, '#include\\s*<thrust/': 2, 'thrust\\s*::\\s*\\w+': 31, 'device_vector\\s*<': 13, 'host_vector\\s*<': 15}"
ColfaxResearch/cutlass-kernels,src/fmha/fmha_forward.cu,.cu,33820,62,0,"{'thrust::': 20, '#include\\s*<thrust/': 2, 'thrust\\s*::\\s*\\w+': 20, 'device_vector\\s*<': 7, 'host_vector\\s*<': 13}"
ColfaxResearch/cutlass-kernels,src/cute-gemm-tma-gma/gemm.cu,.cu,26178,38,0,"{'thrust::': 12, '#include\\s*<thrust/': 2, 'thrust\\s*::\\s*\\w+': 12, 'device_vector\\s*<': 5, 'host_vector\\s*<': 7}"
ColfaxResearch/cutlass-kernels,include/utils/random.hpp,.hpp,3312,6,0,"{'thrust::': 2, 'thrust\\s*::\\s*\\w+': 2, 'host_vector\\s*<': 2}"
ColfaxResearch/cutlass-kernels,src/fmha-pipeline/fmha_pipe_ws.h,.h,14606,2,0,{'#include\\s*<thrust/': 2}
ColfaxResearch/cutlass-kernels,src/fmha-pipeline/fmha_pipe_nows.h,.h,13183,2,0,{'#include\\s*<thrust/': 2}
ColfaxResearch/cutlass-kernels,src/fmha-pipeline/fmha_nopipe.h,.h,12974,2,0,{'#include\\s*<thrust/': 2}
visinf/dpp,visinf_package/THC/THCTensorMathReduce.cuh,.cuh,23721,48,4,"{'thrust::': 21, '#include\\s*<thrust/': 6, 'thrust\\s*::\\s*\\w+': 21}"
visinf/dpp,visinf_package/THC/generic/THCTensorMathReduce.cu,.cu,12691,30,2,"{'thrust::': 15, 'thrust\\s*::\\s*\\w+': 15}"
visinf/dpp,visinf_package/THC/generic/THCTensorSort.cu,.cu,14148,26,0,"{'thrust::': 13, 'thrust\\s*::\\s*\\w+': 13}"
visinf/dpp,visinf_package/THC/generic/THCTensorMath.cu,.cu,14224,22,1,"{'thrust::': 11, 'thrust\\s*::\\s*\\w+': 11}"
visinf/dpp,visinf_package/THC/THCTensorMath.cu,.cu,2890,20,1,"{'thrust::': 5, '#include\\s*<thrust/': 10, 'thrust\\s*::\\s*\\w+': 5}"
visinf/dpp,visinf_package/THC/THCHalf.cu,.cu,3340,14,2,"{'thrust::': 6, '#include\\s*<thrust/': 2, 'thrust\\s*::\\s*\\w+': 6}"
visinf/dpp,visinf_package/THC/generic/THCTensorMasked.cu,.cu,7380,16,0,"{'thrust::': 8, 'thrust\\s*::\\s*\\w+': 8}"
visinf/dpp,visinf_package/THC/generic/THCStorage.cu,.cu,2876,6,0,"{'thrust::': 3, 'thrust\\s*::\\s*\\w+': 3}"
visinf/dpp,visinf_package/THC/THCTensorMathReduce.cu,.cu,961,4,0,"{'thrust::': 2, 'thrust\\s*::\\s*\\w+': 2}"
visinf/dpp,visinf_package/THC/THCTensorMasked.cuh,.cuh,1383,3,0,{'#include\\s*<thrust/': 3}
plumed/plumed2,plugins/cudaCoord/Coordination.cu,.cu,37509,142,0,"{'thrust::': 65, '#include\\s*<thrust/': 2, 'thrust\\s*::\\s*\\w+': 65, 'device_vector\\s*<': 10}"
plumed/plumed2,plugins/cudaCoord/cudaHelpers.cuh,.cuh,16123,64,0,"{'thrust::': 24, '#include\\s*<thrust/': 1, 'thrust\\s*::\\s*\\w+': 24, 'device_vector\\s*<': 11, 'host_vector\\s*<': 4}"
facebookresearch/pytorch3d,pytorch3d/csrc/utils/geometry_utils.cuh,.cuh,27812,104,7,"{'thrust::': 52, 'thrust\\s*::\\s*\\w+': 52}"
facebookresearch/pytorch3d,pytorch3d/csrc/rasterize_meshes/rasterize_meshes.cu,.cu,30125,47,2,"{'thrust::': 23, '#include\\s*<thrust/': 1, 'thrust\\s*::\\s*\\w+': 23}"
facebookresearch/pytorch3d,pytorch3d/csrc/point_mesh/point_mesh_cuda.cu,.cu,30904,28,0,"{'thrust::': 14, 'thrust\\s*::\\s*\\w+': 14}"
facebookresearch/pytorch3d,pytorch3d/csrc/utils/float_math.cuh,.cuh,4771,9,2,"{'thrust::': 4, '#include\\s*<thrust/': 1, 'thrust\\s*::\\s*\\w+': 4}"
ToruNiina/lbvh,lbvh/bvh.cuh,.cuh,16354,111,13,"{'thrust::': 40, '#include\\s*<thrust/': 15, 'thrust\\s*::\\s*\\w+': 40, 'device_vector\\s*<': 7, 'host_vector\\s*<': 9}"
ToruNiina/lbvh,main.cu,.cu,6101,32,7,"{'thrust::': 15, '#include\\s*<thrust/': 1, 'thrust\\s*::\\s*\\w+': 15, 'device_vector\\s*<': 1}"
ToruNiina/lbvh,lbvh/query.cuh,.cuh,10583,14,4,"{'thrust::': 7, 'thrust\\s*::\\s*\\w+': 7}"
ToruNiina/lbvh,lbvh/aabb.cuh,.cuh,4970,13,0,"{'thrust::': 6, '#include\\s*<thrust/': 1, 'thrust\\s*::\\s*\\w+': 6}"
arrayfire/arrayfire,src/backend/cuda/set.cu,.cu,4348,62,1,"{'thrust::': 29, '#include\\s*<thrust/': 4, 'thrust\\s*::\\s*\\w+': 29}"
arrayfire/arrayfire,src/backend/cuda/kernel/sift.hpp,.hpp,55251,39,0,"{'thrust::': 16, '#include\\s*<thrust/': 7, 'thrust\\s*::\\s*\\w+': 16}"
arrayfire/arrayfire,src/backend/cuda/kernel/regions.hpp,.hpp,16476,29,2,"{'thrust::': 10, '#include\\s*<thrust/': 9, 'thrust\\s*::\\s*\\w+': 10}"
arrayfire/arrayfire,src/backend/cuda/ThrustArrayFirePolicy.hpp,.hpp,1833,14,1,"{'thrust::': 6, '#include\\s*<thrust/': 2, 'thrust\\s*::\\s*\\w+': 6}"
arrayfire/arrayfire,src/backend/cuda/ThrustAllocator.cuh,.cuh,1468,10,0,"{'thrust::': 4, '#include\\s*<thrust/': 2, 'thrust\\s*::\\s*\\w+': 4}"
arrayfire/arrayfire,src/backend/cuda/kernel/sort.hpp,.hpp,2594,7,2,"{'thrust::': 3, '#include\\s*<thrust/': 1, 'thrust\\s*::\\s*\\w+': 3}"
arrayfire/arrayfire,src/backend/cuda/kernel/thrust_sort_by_key_impl.hpp,.hpp,1716,7,0,"{'thrust::': 3, '#include\\s*<thrust/': 1, 'thrust\\s*::\\s*\\w+': 3}"
arrayfire/arrayfire,src/backend/cuda/thrust_utils.hpp,.hpp,866,5,0,"{'thrust::': 1, '#include\\s*<thrust/': 2, 'thrust\\s*::\\s*\\w+': 1, 'device_vector\\s*<': 1}"
hlrs-vis/covise,src/OpenCOVER/DrivingSim/gaalet/cpp/examples/RotationCuda/RotationCuda.cu,.cu,1077,17,1,"{'thrust::': 5, '#include\\s*<thrust/': 3, 'thrust\\s*::\\s*\\w+': 5, 'device_vector\\s*<': 2, 'host_vector\\s*<': 2}"
hlrs-vis/covise,src/OpenCOVER/plugins/general/Visionaray/two_array_ref.h,.h,3017,16,0,"{'thrust::': 6, '#include\\s*<thrust/': 1, 'thrust\\s*::\\s*\\w+': 6, 'device_vector\\s*<': 3}"
hlrs-vis/covise,src/OpenCOVER/plugins/general/Visionaray/common.h,.h,6180,15,0,"{'thrust::': 5, 'thrust\\s*::\\s*\\w+': 5, 'device_vector\\s*<': 5}"
hlrs-vis/covise,src/OpenCOVER/plugins/general/Visionaray/pathtrace_gpu.h,.h,1725,13,0,"{'thrust::': 4, '#include\\s*<thrust/': 1, 'thrust\\s*::\\s*\\w+': 4, 'device_vector\\s*<': 4}"
hlrs-vis/covise,src/OpenCOVER/plugins/general/Visionaray/render_gpu.h,.h,1763,13,0,"{'thrust::': 4, '#include\\s*<thrust/': 1, 'thrust\\s*::\\s*\\w+': 4, 'device_vector\\s*<': 4}"
hlrs-vis/covise,src/OpenCOVER/plugins/general/Visionaray/render_gpu.cu,.cu,3792,12,0,"{'thrust::': 4, 'thrust\\s*::\\s*\\w+': 4, 'device_vector\\s*<': 4}"
hlrs-vis/covise,src/OpenCOVER/plugins/general/Visionaray/pathtrace_gpu.cu,.cu,2569,12,0,"{'thrust::': 4, 'thrust\\s*::\\s*\\w+': 4, 'device_vector\\s*<': 4}"
hlrs-vis/covise,src/OpenCOVER/plugins/hlrs/SPH/UniformGrid.cu,.cu,9804,9,1,"{'thrust::': 4, '#include\\s*<thrust/': 1, 'thrust\\s*::\\s*\\w+': 4}"
hlrs-vis/covise,src/OpenCOVER/plugins/hlrs/SPH/SimSnowSPH.cu,.cu,23137,9,1,"{'thrust::': 3, '#include\\s*<thrust/': 3, 'thrust\\s*::\\s*\\w+': 3}"
hlrs-vis/covise,src/OpenCOVER/DrivingSim/VehicleUtil/gealg/GeometricAlgebra.h,.h,84085,9,0,"{'thrust::': 4, '#include\\s*<thrust/': 1, 'thrust\\s*::\\s*\\w+': 4}"
amiradridi/Job-Resume-Matching,venv/Lib/site-packages/torch/include/c10/util/complex_math.h,.h,10902,44,0,"{'thrust::': 22, 'thrust\\s*::\\s*\\w+': 22}"
amiradridi/Job-Resume-Matching,venv/Lib/site-packages/torch/include/c10/util/complex.h,.h,17970,33,0,"{'thrust::': 16, '#include\\s*<thrust/': 1, 'thrust\\s*::\\s*\\w+': 16}"
amiradridi/Job-Resume-Matching,venv/Lib/site-packages/torch/include/ATen/native/cuda/CompositeRandomAccessor.h,.h,929,11,0,"{'thrust::': 5, '#include\\s*<thrust/': 1, 'thrust\\s*::\\s*\\w+': 5}"
amiradridi/Job-Resume-Matching,venv/Lib/site-packages/torch/include/ATen/native/cuda/ROCmLoops.cuh,.cuh,13226,10,0,"{'thrust::': 5, 'thrust\\s*::\\s*\\w+': 5}"
amiradridi/Job-Resume-Matching,venv/Lib/site-packages/torch/include/ATen/native/cuda/MemoryAccess.cuh,.cuh,13329,9,0,"{'thrust::': 4, '#include\\s*<thrust/': 1, 'thrust\\s*::\\s*\\w+': 4}"
amiradridi/Job-Resume-Matching,venv/Lib/site-packages/torch/include/ATen/native/cuda/Loops.cuh,.cuh,9780,9,0,"{'thrust::': 4, '#include\\s*<thrust/': 1, 'thrust\\s*::\\s*\\w+': 4}"
amiradridi/Job-Resume-Matching,venv/Lib/site-packages/torch/include/ATen/native/cuda/reduction_template.cuh,.cuh,21096,4,0,"{'thrust::': 2, 'thrust\\s*::\\s*\\w+': 2}"
amiradridi/Job-Resume-Matching,venv/Lib/site-packages/torch/include/ATen/native/SharedReduceOps.h,.h,15766,3,0,"{'thrust::': 1, '#include\\s*<thrust/': 1, 'thrust\\s*::\\s*\\w+': 1}"
amiradridi/Job-Resume-Matching,venv/Lib/site-packages/torch/include/ATen/native/cuda/Reduce.cuh,.cuh,46447,3,0,"{'thrust::': 1, '#include\\s*<thrust/': 1, 'thrust\\s*::\\s*\\w+': 1}"
amiradridi/Job-Resume-Matching,venv/Lib/site-packages/torch/include/ATen/cuda/cub.cuh,.cuh,13706,2,0,"{'thrust::': 1, 'thrust\\s*::\\s*\\w+': 1}"
WindQAQ/MPM,src/mpm_solver.cu,.cu,18573,105,2,"{'thrust::': 51, '#include\\s*<thrust/': 3, 'thrust\\s*::\\s*\\w+': 51}"
WindQAQ/MPM,src/particle.cu,.cu,5454,8,1,"{'thrust::': 4, 'thrust\\s*::\\s*\\w+': 4}"
WindQAQ/MPM,inc/mpm_solver.h,.h,1292,8,0,"{'thrust::': 2, '#include\\s*<thrust/': 2, 'thrust\\s*::\\s*\\w+': 2, 'device_vector\\s*<': 2}"
WindQAQ/MPM,inc/particle.h,.h,1302,4,0,"{'thrust::': 1, '#include\\s*<thrust/': 2, 'thrust\\s*::\\s*\\w+': 1}"
WindQAQ/MPM,src/main.cu,.cu,4847,1,0,{'#include\\s*<thrust/': 1}
Xtra-Computing/thundergbm,src/thundergbm/hist_cut.cu,.cu,11206,66,9,"{'thrust::': 32, '#include\\s*<thrust/': 2, 'thrust\\s*::\\s*\\w+': 32}"
Xtra-Computing/thundergbm,include/thundergbm/objective/regression_obj.h,.h,5713,8,2,"{'thrust::': 4, 'thrust\\s*::\\s*\\w+': 4}"
Xtra-Computing/thundergbm,src/thundergbm/metric/multiclass_metric.cu,.cu,1670,8,2,"{'thrust::': 4, 'thrust\\s*::\\s*\\w+': 4}"
Xtra-Computing/thundergbm,include/thundergbm/util/cub_wrapper.h,.h,7727,6,1,"{'thrust::': 3, 'thrust\\s*::\\s*\\w+': 3}"
Xtra-Computing/thundergbm,src/thundergbm/tree.cu,.cu,4929,4,1,"{'thrust::': 2, 'thrust\\s*::\\s*\\w+': 2}"
Xtra-Computing/thundergbm,src/thundergbm/metric/pointwise_metric.cu,.cu,793,4,1,"{'thrust::': 2, 'thrust\\s*::\\s*\\w+': 2}"
Xtra-Computing/thundergbm,src/thundergbm/builder/exact_tree_builder.cu,.cu,19296,4,0,"{'thrust::': 2, 'thrust\\s*::\\s*\\w+': 2}"
Xtra-Computing/thundergbm,src/thundergbm/builder/hist_tree_builder_single.cu,.cu,53635,4,0,"{'thrust::': 2, 'thrust\\s*::\\s*\\w+': 2}"
Xtra-Computing/thundergbm,src/thundergbm/builder/shard.cu,.cu,811,4,0,"{'thrust::': 2, 'thrust\\s*::\\s*\\w+': 2}"
Xtra-Computing/thundergbm,include/thundergbm/common.h,.h,2846,2,0,"{'thrust::': 1, 'thrust\\s*::\\s*\\w+': 1}"
HaohaoNJU/CenterPoint,src/iou3d_nms_kernel.cu,.cu,30826,94,1,"{'thrust::': 37, '#include\\s*<thrust/': 7, 'thrust\\s*::\\s*\\w+': 37, 'device_vector\\s*<': 12, 'host_vector\\s*<': 1}"
HaohaoNJU/CenterPoint,src/preprocess.cu,.cu,8593,21,1,"{'thrust::': 7, '#include\\s*<thrust/': 7, 'thrust\\s*::\\s*\\w+': 7}"
HaohaoNJU/CenterPoint,include/postprocess.h,.h,2585,7,0,"{'thrust::': 1, '#include\\s*<thrust/': 4, 'thrust\\s*::\\s*\\w+': 1, 'host_vector\\s*<': 1}"
VIA-Research/uPIMulator,python_cpp/uPIMulator_frontend/benchmark/TS/baselines/gpu/STREAMP.cu,.cu,23501,34,3,"{'thrust::': 15, '#include\\s*<thrust/': 4, 'thrust\\s*::\\s*\\w+': 15}"
VIA-Research/uPIMulator,golang_vm/uPIMulator/benchmark/RED/baselines/gpu/app_baseline.cu,.cu,5372,14,1,"{'thrust::': 4, '#include\\s*<thrust/': 4, 'thrust\\s*::\\s*\\w+': 4, 'device_vector\\s*<': 1, 'host_vector\\s*<': 1}"
VIA-Research/uPIMulator,python_cpp/uPIMulator_frontend/benchmark/RED/baselines/gpu/app_baseline.cu,.cu,5372,14,1,"{'thrust::': 4, '#include\\s*<thrust/': 4, 'thrust\\s*::\\s*\\w+': 4, 'device_vector\\s*<': 1, 'host_vector\\s*<': 1}"
VIA-Research/uPIMulator,golang/uPIMulator/benchmark/RED/baselines/gpu/app_baseline.cu,.cu,5372,14,1,"{'thrust::': 4, '#include\\s*<thrust/': 4, 'thrust\\s*::\\s*\\w+': 4, 'device_vector\\s*<': 1, 'host_vector\\s*<': 1}"
VIA-Research/uPIMulator,golang_vm/uPIMulator/benchmark/SCAN-RSS/baselines/gpu/app_baseline.cu,.cu,5418,14,0,"{'thrust::': 4, '#include\\s*<thrust/': 4, 'thrust\\s*::\\s*\\w+': 4, 'device_vector\\s*<': 1, 'host_vector\\s*<': 1}"
VIA-Research/uPIMulator,python_cpp/uPIMulator_frontend/benchmark/SCAN-RSS/baselines/gpu/app_baseline.cu,.cu,5418,14,0,"{'thrust::': 4, '#include\\s*<thrust/': 4, 'thrust\\s*::\\s*\\w+': 4, 'device_vector\\s*<': 1, 'host_vector\\s*<': 1}"
VIA-Research/uPIMulator,golang/uPIMulator/benchmark/SCAN-RSS/baselines/gpu/app_baseline.cu,.cu,5418,14,0,"{'thrust::': 4, '#include\\s*<thrust/': 4, 'thrust\\s*::\\s*\\w+': 4, 'device_vector\\s*<': 1, 'host_vector\\s*<': 1}"
parallel101/course,08/06_thrust/06/main.cu,.cu,1274,30,2,"{'thrust::': 11, '#include\\s*<thrust/': 4, 'thrust\\s*::\\s*\\w+': 11, 'device_vector\\s*<': 2, 'host_vector\\s*<': 2}"
parallel101/course,08/06_thrust/05/main.cu,.cu,1120,26,2,"{'thrust::': 9, '#include\\s*<thrust/': 4, 'thrust\\s*::\\s*\\w+': 9, 'device_vector\\s*<': 2, 'host_vector\\s*<': 2}"
parallel101/course,08/06_thrust/04/main.cu,.cu,1379,24,0,"{'thrust::': 8, '#include\\s*<thrust/': 4, 'thrust\\s*::\\s*\\w+': 8, 'device_vector\\s*<': 2, 'host_vector\\s*<': 2}"
parallel101/course,08/06_thrust/03/main.cu,.cu,1096,19,0,"{'thrust::': 6, '#include\\s*<thrust/': 3, 'thrust\\s*::\\s*\\w+': 6, 'device_vector\\s*<': 2, 'host_vector\\s*<': 2}"
parallel101/course,08/06_thrust/02/main.cu,.cu,1002,14,0,"{'thrust::': 4, '#include\\s*<thrust/': 2, 'thrust\\s*::\\s*\\w+': 4, 'device_vector\\s*<': 2, 'host_vector\\s*<': 2}"
parallel101/course,08/06_thrust/01/main.cu,.cu,856,5,0,"{'thrust::': 2, '#include\\s*<thrust/': 1, 'thrust\\s*::\\s*\\w+': 2}"
KemengHuang/GPU_IPC,GPU_IPC/mlbvh.cu,.cu,67668,59,4,"{'thrust::': 28, '#include\\s*<thrust/': 3, 'thrust\\s*::\\s*\\w+': 28}"
KemengHuang/GPU_IPC,GPU_IPC/GIPC.cu,.cu,436586,39,2,"{'thrust::': 18, '#include\\s*<thrust/': 3, 'thrust\\s*::\\s*\\w+': 18}"
KemengHuang/GPU_IPC,GPU_IPC/MASPreconditioner.cu,.cu,58233,18,0,"{'thrust::': 8, '#include\\s*<thrust/': 2, 'thrust\\s*::\\s*\\w+': 8}"
NVIDIA-Merlin/HugeCTR,tools/dlrm_script/dlrm_raw_utils.hpp,.hpp,26126,10,4,"{'thrust::': 4, 'thrust\\s*::\\s*\\w+': 4, 'device_vector\\s*<': 2}"
NVIDIA-Merlin/HugeCTR,HugeCTR/include/hashtable/cudf/concurrent_unordered_map.cuh,.cuh,29402,11,3,"{'thrust::': 5, '#include\\s*<thrust/': 1, 'thrust\\s*::\\s*\\w+': 5}"
NVIDIA-Merlin/HugeCTR,test/utest/prims/reduce.h,.h,5241,13,0,"{'thrust::': 5, '#include\\s*<thrust/': 1, 'thrust\\s*::\\s*\\w+': 5, 'device_vector\\s*<': 2}"
NVIDIA-Merlin/HugeCTR,tools/dlrm_script/hash/concurrent_unordered_map.cuh,.cuh,20431,11,2,"{'thrust::': 5, '#include\\s*<thrust/': 1, 'thrust\\s*::\\s*\\w+': 5}"
NVIDIA-Merlin/HugeCTR,HugeCTR/src/embeddings/distributed_slot_sparse_embedding_hash.cu,.cu,51988,10,2,"{'thrust::': 4, '#include\\s*<thrust/': 2, 'thrust\\s*::\\s*\\w+': 4}"
NVIDIA-Merlin/HugeCTR,HugeCTR/src/embeddings/localized_slot_sparse_embedding_hash.cu,.cu,64654,10,2,"{'thrust::': 4, '#include\\s*<thrust/': 2, 'thrust\\s*::\\s*\\w+': 4}"
NVIDIA-Merlin/HugeCTR,sparse_operation_kit/kit_src/variable/impl/dynamic_embedding_table/cudf/concurrent_unordered_map.cuh,.cuh,24094,7,1,"{'thrust::': 3, '#include\\s*<thrust/': 1, 'thrust\\s*::\\s*\\w+': 3}"
NVIDIA-Merlin/HugeCTR,third_party/dynamic_embedding_table/cuCollections/include/cuco/dynamic_map.cuh,.cuh,7119,7,0,"{'thrust::': 2, '#include\\s*<thrust/': 1, 'thrust\\s*::\\s*\\w+': 2, 'device_vector\\s*<': 2}"
NVIDIA-Merlin/HugeCTR,sparse_operation_kit/kit_src/variable/impl/dynamic_embedding_table/cuCollections/include/cuco/dynamic_map.cuh,.cuh,7136,7,0,"{'thrust::': 2, '#include\\s*<thrust/': 1, 'thrust\\s*::\\s*\\w+': 2, 'device_vector\\s*<': 2}"
NVIDIA-Merlin/HugeCTR,tools/dlrm_script/hash/helper_functions.cuh,.cuh,7570,3,1,"{'thrust::': 1, '#include\\s*<thrust/': 1, 'thrust\\s*::\\s*\\w+': 1}"
amusecode/amuse,src/amuse_etics/interface.cu,.cu,10810,56,7,"{'thrust::': 22, '#include\\s*<thrust/': 3, 'thrust\\s*::\\s*\\w+': 22, 'device_vector\\s*<': 8, 'host_vector\\s*<': 1}"
amusecode/amuse,src/amuse_etics/src/integrate.cu,.cu,3144,29,3,"{'thrust::': 12, '#include\\s*<thrust/': 2, 'thrust\\s*::\\s*\\w+': 12, 'device_vector\\s*<': 3}"
amusecode/amuse,src/amuse_etics/src/integrate.hpp,.hpp,754,10,0,"{'thrust::': 3, '#include\\s*<thrust/': 1, 'thrust\\s*::\\s*\\w+': 3, 'device_vector\\s*<': 3}"
amusecode/amuse,src/amuse_etics/src/main.cu,.cu,10591,7,1,"{'thrust::': 1, '#include\\s*<thrust/': 5, 'thrust\\s*::\\s*\\w+': 1}"
NVIDIA/nvbench,examples/axes.cu,.cu,7087,31,0,"{'thrust::': 12, '#include\\s*<thrust/': 1, 'thrust\\s*::\\s*\\w+': 12, 'device_vector\\s*<': 6}"
NVIDIA/nvbench,examples/exec_tag_timer.cu,.cu,2820,20,0,"{'thrust::': 7, '#include\\s*<thrust/': 4, 'thrust\\s*::\\s*\\w+': 7, 'device_vector\\s*<': 2}"
NVIDIA/nvbench,examples/exec_tag_sync.cu,.cu,2245,13,0,"{'thrust::': 5, '#include\\s*<thrust/': 3, 'thrust\\s*::\\s*\\w+': 4, 'device_vector\\s*<': 1}"
NVIDIA/nvbench,examples/auto_throughput.cu,.cu,3001,11,0,"{'thrust::': 4, '#include\\s*<thrust/': 1, 'thrust\\s*::\\s*\\w+': 4, 'device_vector\\s*<': 2}"
NVIDIA/nvbench,examples/throughput.cu,.cu,2407,11,0,"{'thrust::': 4, '#include\\s*<thrust/': 1, 'thrust\\s*::\\s*\\w+': 4, 'device_vector\\s*<': 2}"
NVIDIA/nvbench,examples/stream.cu,.cu,2340,11,0,"{'thrust::': 4, '#include\\s*<thrust/': 1, 'thrust\\s*::\\s*\\w+': 4, 'device_vector\\s*<': 2}"
NVIDIA/nvbench,examples/custom_criterion.cu,.cu,2626,11,0,"{'thrust::': 4, '#include\\s*<thrust/': 1, 'thrust\\s*::\\s*\\w+': 4, 'device_vector\\s*<': 2}"
NVIDIA/nvbench,examples/skip.cu,.cu,4734,1,0,{'#include\\s*<thrust/': 1}
owensgroup/RXMesh,include/rxmesh/matrix/gmg/gmg.h,.h,44888,22,0,"{'thrust::': 9, '#include\\s*<thrust/': 3, 'thrust\\s*::\\s*\\w+': 9, 'device_vector\\s*<': 1}"
owensgroup/RXMesh,include/rxmesh/matrix/direct_solver.h,.h,13167,20,0,"{'thrust::': 10, 'thrust\\s*::\\s*\\w+': 10}"
owensgroup/RXMesh,include/rxmesh/rxmesh_dynamic.cu,.cu,116634,18,0,"{'thrust::': 6, '#include\\s*<thrust/': 3, 'thrust\\s*::\\s*\\w+': 6, 'device_vector\\s*<': 3}"
owensgroup/RXMesh,apps/SECPriority/main.cu,.cu,2405,11,0,"{'thrust::': 3, '#include\\s*<thrust/': 2, 'thrust\\s*::\\s*\\w+': 3, 'device_vector\\s*<': 2, 'host_vector\\s*<': 1}"
owensgroup/RXMesh,include/rxmesh/matrix/gmg/hashtable.h,.h,11800,10,1,"{'thrust::': 4, '#include\\s*<thrust/': 2, 'thrust\\s*::\\s*\\w+': 4}"
owensgroup/RXMesh,include/rxmesh/matrix/mgnd_permute.cuh,.cuh,5606,6,0,"{'thrust::': 2, '#include\\s*<thrust/': 2, 'thrust\\s*::\\s*\\w+': 2}"
owensgroup/RXMesh,include/rxmesh/kernels/query_dispatcher.cuh,.cuh,23851,6,0,"{'thrust::': 3, 'thrust\\s*::\\s*\\w+': 3}"
owensgroup/RXMesh,apps/Filtering/filtering_rxmesh_kernel.cuh,.cuh,18919,5,0,"{'thrust::': 2, '#include\\s*<thrust/': 1, 'thrust\\s*::\\s*\\w+': 2}"
owensgroup/RXMesh,include/rxmesh/matrix/nd_permute.cuh,.cuh,51941,4,0,"{'thrust::': 2, 'thrust\\s*::\\s*\\w+': 2}"
owensgroup/RXMesh,include/rxmesh/matrix/gmg/gmg_kernels.h,.h,12219,4,0,"{'thrust::': 2, 'thrust\\s*::\\s*\\w+': 2}"
agency-library/agency,testing/unorganized/cuda/transpose.cu,.cu,9113,39,0,"{'thrust::': 14, '#include\\s*<thrust/': 2, 'thrust\\s*::\\s*\\w+': 14, 'device_vector\\s*<': 3, 'host_vector\\s*<': 6}"
agency-library/agency,examples/cuda/transpose.cu,.cu,2647,11,0,"{'thrust::': 3, '#include\\s*<thrust/': 2, 'thrust\\s*::\\s*\\w+': 3, 'device_vector\\s*<': 2, 'host_vector\\s*<': 1}"
agency-library/agency,agency/cuda/memory/resource/managed_resource.hpp,.hpp,1974,10,0,"{'thrust::': 4, '#include\\s*<thrust/': 2, 'thrust\\s*::\\s*\\w+': 4}"
agency-library/agency,agency/cuda/memory/resource/device_resource.hpp,.hpp,1693,10,0,"{'thrust::': 4, '#include\\s*<thrust/': 2, 'thrust\\s*::\\s*\\w+': 4}"
agency-library/agency,agency/cuda/memory/resource/pinned_resource.hpp,.hpp,1270,10,0,"{'thrust::': 4, '#include\\s*<thrust/': 2, 'thrust\\s*::\\s*\\w+': 4}"
agency-library/agency,testing/unorganized/cuda/fill.cu,.cu,673,9,0,"{'thrust::': 3, '#include\\s*<thrust/': 2, 'thrust\\s*::\\s*\\w+': 3, 'device_vector\\s*<': 1}"
agency-library/agency,agency/cuda/detail/terminate.hpp,.hpp,1267,6,0,"{'thrust::': 2, '#include\\s*<thrust/': 2, 'thrust\\s*::\\s*\\w+': 2}"
agency-library/agency,testing/unorganized/cuda/test_shared.cu,.cu,1671,6,0,"{'thrust::': 2, '#include\\s*<thrust/': 1, 'thrust\\s*::\\s*\\w+': 2, 'device_vector\\s*<': 1}"
agency-library/agency,agency/detail/shape.hpp,.hpp,8334,3,0,"{'thrust::': 1, '#include\\s*<thrust/': 1, 'thrust\\s*::\\s*\\w+': 1}"
agency-library/agency,agency/cuda/detail/future/async_future.hpp,.hpp,15741,2,0,"{'thrust::': 1, 'thrust\\s*::\\s*\\w+': 1}"
rapidsai/rmm,cpp/tests/device_buffer_tests.cu,.cu,19480,24,0,"{'thrust::': 11, '#include\\s*<thrust/': 2, 'thrust\\s*::\\s*\\w+': 11}"
rapidsai/rmm,cpp/include/rmm/device_uvector.hpp,.hpp,22360,17,0,"{'thrust::': 8, '#include\\s*<thrust/': 1, 'thrust\\s*::\\s*\\w+': 8}"
rapidsai/rmm,cpp/benchmarks/device_uvector/device_uvector_bench.cu,.cu,6629,11,0,"{'thrust::': 3, '#include\\s*<thrust/': 2, 'thrust\\s*::\\s*\\w+': 3, 'device_vector\\s*<': 3}"
rapidsai/rmm,cpp/include/rmm/mr/device/thrust_allocator_adaptor.hpp,.hpp,5017,11,0,"{'thrust::': 4, '#include\\s*<thrust/': 3, 'thrust\\s*::\\s*\\w+': 4}"
rapidsai/rmm,cpp/include/rmm/exec_policy.hpp,.hpp,2981,10,0,"{'thrust::': 4, '#include\\s*<thrust/': 2, 'thrust\\s*::\\s*\\w+': 4}"
rapidsai/rmm,cpp/include/rmm/mr/device/fixed_size_memory_resource.hpp,.hpp,10812,6,2,"{'thrust::': 2, '#include\\s*<thrust/': 2, 'thrust\\s*::\\s*\\w+': 2}"
rapidsai/rmm,cpp/tests/mr/device/thrust_allocator_tests.cu,.cu,2567,5,1,"{'thrust::': 1, '#include\\s*<thrust/': 1, 'thrust\\s*::\\s*\\w+': 1, 'device_vector\\s*<': 2}"
rapidsai/rmm,cpp/include/rmm/device_vector.hpp,.hpp,1126,6,0,"{'thrust::': 2, '#include\\s*<thrust/': 1, 'thrust\\s*::\\s*\\w+': 2, 'device_vector\\s*<': 1}"
rapidsai/rmm,cpp/include/rmm/device_buffer.hpp,.hpp,14456,2,0,"{'thrust::': 1, 'thrust\\s*::\\s*\\w+': 1}"
rapidsai/rmm,cpp/include/rmm/mr/device/pool_memory_resource.hpp,.hpp,20283,2,0,{'#include\\s*<thrust/': 2}
tensorflow/recommenders-addons,tensorflow_recommenders_addons/dynamic_embedding/core/lib/nvhash/cudf/concurrent_unordered_map.cuh,.cuh,50806,11,3,"{'thrust::': 5, '#include\\s*<thrust/': 1, 'thrust\\s*::\\s*\\w+': 5}"
tensorflow/recommenders-addons,tensorflow_recommenders_addons/dynamic_embedding/core/lib/nvhash/cub/cub/iterator/arg_index_input_iterator.cuh,.cuh,8781,9,0,"{'thrust::': 3, '#include\\s*<thrust/': 3, 'thrust\\s*::\\s*\\w+': 3}"
tensorflow/recommenders-addons,tensorflow_recommenders_addons/dynamic_embedding/core/lib/nvhash/nv_hashtable.cuh,.cuh,19755,8,0,"{'thrust::': 4, 'thrust\\s*::\\s*\\w+': 4}"
tensorflow/recommenders-addons,tensorflow_recommenders_addons/dynamic_embedding/core/lib/nvhash/cub/cub/iterator/constant_input_iterator.cuh,.cuh,7650,8,0,"{'thrust::': 3, '#include\\s*<thrust/': 2, 'thrust\\s*::\\s*\\w+': 3}"
tensorflow/recommenders-addons,tensorflow_recommenders_addons/dynamic_embedding/core/lib/nvhash/cub/cub/iterator/cache_modified_output_iterator.cuh,.cuh,8322,8,0,"{'thrust::': 3, '#include\\s*<thrust/': 2, 'thrust\\s*::\\s*\\w+': 3}"
tensorflow/recommenders-addons,tensorflow_recommenders_addons/dynamic_embedding/core/lib/nvhash/cub/cub/iterator/cache_modified_input_iterator.cuh,.cuh,8104,8,0,"{'thrust::': 3, '#include\\s*<thrust/': 2, 'thrust\\s*::\\s*\\w+': 3}"
tensorflow/recommenders-addons,tensorflow_recommenders_addons/dynamic_embedding/core/lib/nvhash/cub/cub/iterator/transform_input_iterator.cuh,.cuh,8611,8,0,"{'thrust::': 3, '#include\\s*<thrust/': 2, 'thrust\\s*::\\s*\\w+': 3}"
tensorflow/recommenders-addons,tensorflow_recommenders_addons/dynamic_embedding/core/lib/nvhash/cub/cub/iterator/tex_obj_input_iterator.cuh,.cuh,10546,8,0,"{'thrust::': 3, '#include\\s*<thrust/': 2, 'thrust\\s*::\\s*\\w+': 3}"
tensorflow/recommenders-addons,tensorflow_recommenders_addons/dynamic_embedding/core/lib/nvhash/cub/cub/iterator/discard_output_iterator.cuh,.cuh,6817,8,0,"{'thrust::': 3, '#include\\s*<thrust/': 2, 'thrust\\s*::\\s*\\w+': 3}"
tensorflow/recommenders-addons,tensorflow_recommenders_addons/dynamic_embedding/core/lib/nvhash/cub/cub/iterator/tex_ref_input_iterator.cuh,.cuh,12430,8,0,"{'thrust::': 3, '#include\\s*<thrust/': 2, 'thrust\\s*::\\s*\\w+': 3}"
JamesPerlman/TurboNeRF,src/utils/stream-compaction.cuh,.cuh,2165,32,0,"{'thrust::': 14, '#include\\s*<thrust/': 4, 'thrust\\s*::\\s*\\w+': 14}"
JamesPerlman/TurboNeRF,src/utils/parallel-utils.cuh,.cuh,2668,20,2,"{'thrust::': 8, '#include\\s*<thrust/': 4, 'thrust\\s*::\\s*\\w+': 8}"
JamesPerlman/TurboNeRF,src/core/nerf-network.cu,.cu,24722,14,2,"{'thrust::': 6, '#include\\s*<thrust/': 2, 'thrust\\s*::\\s*\\w+': 6}"
JamesPerlman/TurboNeRF,src/core/trainer.cu,.cu,12106,9,0,"{'thrust::': 4, '#include\\s*<thrust/': 1, 'thrust\\s*::\\s*\\w+': 4}"
JamesPerlman/TurboNeRF,src/utils/bit-utils.cuh,.cuh,2192,7,1,"{'thrust::': 3, '#include\\s*<thrust/': 1, 'thrust\\s*::\\s*\\w+': 3}"
JamesPerlman/TurboNeRF,src/models/bounding-box.cuh,.cuh,4909,7,0,"{'thrust::': 3, '#include\\s*<thrust/': 1, 'thrust\\s*::\\s*\\w+': 3}"
JamesPerlman/TurboNeRF,src/controllers/nerf-training-controller.cu,.cu,7245,1,0,{'#include\\s*<thrust/': 1}
zenustech/zeno,projects/CUDA/SpatialAccel.cuh,.cuh,28650,24,1,"{'thrust::': 11, '#include\\s*<thrust/': 2, 'thrust\\s*::\\s*\\w+': 11}"
zenustech/zeno,projects/CuLagrange/fem/rapid_cloth/RapidClothPrimitives.cu,.cu,6584,8,0,"{'thrust::': 4, 'thrust\\s*::\\s*\\w+': 4}"
zenustech/zeno,projects/CuEulerian/navierstokes/NS_linearsolver.cu,.cu,78256,6,0,"{'thrust::': 3, 'thrust\\s*::\\s*\\w+': 3}"
zenustech/zeno,projects/CuEulerian/levelset/Grid_creator.cu,.cu,29105,6,0,"{'thrust::': 3, 'thrust\\s*::\\s*\\w+': 3}"
zenustech/zeno,projects/CuLagrange/fem/ClothInit.cu,.cu,34861,4,0,"{'thrust::': 2, 'thrust\\s*::\\s*\\w+': 2}"
zenustech/zeno,projects/CuLagrange/fem/FastClothInit.cu,.cu,34847,4,0,"{'thrust::': 2, 'thrust\\s*::\\s*\\w+': 2}"
zenustech/zeno,projects/CuLagrange/fem/SolverUtils.cuh,.cuh,17944,4,0,"{'thrust::': 2, 'thrust\\s*::\\s*\\w+': 2}"
zenustech/zeno,projects/CuLagrange/fem/SolverLinearSystem.cu,.cu,71339,4,0,"{'thrust::': 2, 'thrust\\s*::\\s*\\w+': 2}"
zenustech/zeno,projects/CuLagrange/fem/FastClothPipeline.cu,.cu,47227,4,0,"{'thrust::': 2, 'thrust\\s*::\\s*\\w+': 2}"
zenustech/zeno,projects/CuLagrange/fem/ClothPipeline.cu,.cu,21975,4,0,"{'thrust::': 2, 'thrust\\s*::\\s*\\w+': 2}"
ashvardanian/ParallelReductionsBenchmark,reduce_cuda.cuh,.cuh,11312,49,2,"{'thrust::': 16, '#include\\s*<thrust/': 5, 'thrust\\s*::\\s*\\w+': 16, 'device_vector\\s*<': 9, 'host_vector\\s*<': 3}"
ashvardanian/ParallelReductionsBenchmark,reduce_cublas.cuh,.cuh,6689,27,2,"{'thrust::': 9, '#include\\s*<thrust/': 4, 'thrust\\s*::\\s*\\w+': 9, 'device_vector\\s*<': 5}"
spirit-code/spirit,core/thirdparty/cub/iterator/arg_index_input_iterator.cuh,.cuh,8781,9,0,"{'thrust::': 3, '#include\\s*<thrust/': 3, 'thrust\\s*::\\s*\\w+': 3}"
spirit-code/spirit,core/thirdparty/cub/iterator/constant_input_iterator.cuh,.cuh,7650,8,0,"{'thrust::': 3, '#include\\s*<thrust/': 2, 'thrust\\s*::\\s*\\w+': 3}"
spirit-code/spirit,core/thirdparty/cub/iterator/cache_modified_output_iterator.cuh,.cuh,8322,8,0,"{'thrust::': 3, '#include\\s*<thrust/': 2, 'thrust\\s*::\\s*\\w+': 3}"
spirit-code/spirit,core/thirdparty/cub/iterator/cache_modified_input_iterator.cuh,.cuh,8104,8,0,"{'thrust::': 3, '#include\\s*<thrust/': 2, 'thrust\\s*::\\s*\\w+': 3}"
spirit-code/spirit,core/thirdparty/cub/iterator/transform_input_iterator.cuh,.cuh,8611,8,0,"{'thrust::': 3, '#include\\s*<thrust/': 2, 'thrust\\s*::\\s*\\w+': 3}"
spirit-code/spirit,core/thirdparty/cub/iterator/tex_obj_input_iterator.cuh,.cuh,10546,8,0,"{'thrust::': 3, '#include\\s*<thrust/': 2, 'thrust\\s*::\\s*\\w+': 3}"
spirit-code/spirit,core/thirdparty/cub/iterator/discard_output_iterator.cuh,.cuh,6817,8,0,"{'thrust::': 3, '#include\\s*<thrust/': 2, 'thrust\\s*::\\s*\\w+': 3}"
spirit-code/spirit,core/thirdparty/cub/iterator/tex_ref_input_iterator.cuh,.cuh,12430,8,0,"{'thrust::': 3, '#include\\s*<thrust/': 2, 'thrust\\s*::\\s*\\w+': 3}"
spirit-code/spirit,core/thirdparty/cub/iterator/counting_input_iterator.cuh,.cuh,7369,8,0,"{'thrust::': 3, '#include\\s*<thrust/': 2, 'thrust\\s*::\\s*\\w+': 3}"
spirit-code/spirit,core/include/engine/Backend_par.hpp,.hpp,5710,4,0,"{'thrust::': 2, 'thrust\\s*::\\s*\\w+': 2}"
st-tech/ppf-contact-solver,src/cpp/vec/vec.hpp,.hpp,6596,34,2,"{'thrust::': 15, '#include\\s*<thrust/': 4, 'thrust\\s*::\\s*\\w+': 15}"
st-tech/ppf-contact-solver,src/cpp/utility/utility.cu,.cu,11830,18,3,"{'thrust::': 8, '#include\\s*<thrust/': 2, 'thrust\\s*::\\s*\\w+': 8}"
st-tech/ppf-contact-solver,src/cpp/csrmat/csrmat.cu,.cu,17713,10,0,"{'thrust::': 2, '#include\\s*<thrust/': 6, 'thrust\\s*::\\s*\\w+': 2}"
st-tech/ppf-contact-solver,src/cpp/utility/dispatcher.cu,.cu,2796,8,0,"{'thrust::': 3, '#include\\s*<thrust/': 2, 'thrust\\s*::\\s*\\w+': 3}"
sundyCoder/DEye,extra/tensorflow-r1.4/external/cub_archive/cub/iterator/arg_index_input_iterator.cuh,.cuh,8781,9,0,"{'thrust::': 3, '#include\\s*<thrust/': 3, 'thrust\\s*::\\s*\\w+': 3}"
sundyCoder/DEye,extra/tensorflow-r1.4/external/cub_archive/cub/iterator/constant_input_iterator.cuh,.cuh,7650,8,0,"{'thrust::': 3, '#include\\s*<thrust/': 2, 'thrust\\s*::\\s*\\w+': 3}"
sundyCoder/DEye,extra/tensorflow-r1.4/external/cub_archive/cub/iterator/cache_modified_output_iterator.cuh,.cuh,8322,8,0,"{'thrust::': 3, '#include\\s*<thrust/': 2, 'thrust\\s*::\\s*\\w+': 3}"
sundyCoder/DEye,extra/tensorflow-r1.4/external/cub_archive/cub/iterator/cache_modified_input_iterator.cuh,.cuh,8104,8,0,"{'thrust::': 3, '#include\\s*<thrust/': 2, 'thrust\\s*::\\s*\\w+': 3}"
sundyCoder/DEye,extra/tensorflow-r1.4/external/cub_archive/cub/iterator/transform_input_iterator.cuh,.cuh,8611,8,0,"{'thrust::': 3, '#include\\s*<thrust/': 2, 'thrust\\s*::\\s*\\w+': 3}"
sundyCoder/DEye,extra/tensorflow-r1.4/external/cub_archive/cub/iterator/tex_obj_input_iterator.cuh,.cuh,10546,8,0,"{'thrust::': 3, '#include\\s*<thrust/': 2, 'thrust\\s*::\\s*\\w+': 3}"
sundyCoder/DEye,extra/tensorflow-r1.4/external/cub_archive/cub/iterator/discard_output_iterator.cuh,.cuh,6817,8,0,"{'thrust::': 3, '#include\\s*<thrust/': 2, 'thrust\\s*::\\s*\\w+': 3}"
sundyCoder/DEye,extra/tensorflow-r1.4/external/cub_archive/cub/iterator/tex_ref_input_iterator.cuh,.cuh,12430,8,0,"{'thrust::': 3, '#include\\s*<thrust/': 2, 'thrust\\s*::\\s*\\w+': 3}"
sundyCoder/DEye,extra/tensorflow-r1.4/external/cub_archive/cub/iterator/counting_input_iterator.cuh,.cuh,7369,8,0,"{'thrust::': 3, '#include\\s*<thrust/': 2, 'thrust\\s*::\\s*\\w+': 3}"
ArchaeaSoftware/cudahandbook,nbody2/nbody.cu,.cu,47592,20,0,"{'thrust::': 8, 'thrust\\s*::\\s*\\w+': 8, 'device_vector\\s*<': 4}"
ArchaeaSoftware/cudahandbook,nbody2/nbody.h,.h,9817,20,0,"{'thrust::': 6, '#include\\s*<thrust/': 2, 'thrust\\s*::\\s*\\w+': 6, 'device_vector\\s*<': 6}"
ArchaeaSoftware/cudahandbook,scan/streamCompact/timeStreamCompact_odd.cu,.cu,6461,13,0,"{'thrust::': 5, '#include\\s*<thrust/': 3, 'thrust\\s*::\\s*\\w+': 5}"
ArchaeaSoftware/cudahandbook,scan/int/scanThrust.cuh,.cuh,1774,7,1,"{'thrust::': 3, '#include\\s*<thrust/': 1, 'thrust\\s*::\\s*\\w+': 3}"
ArchaeaSoftware/cudahandbook,scan/streamCompact/testStreamCompact_odd.cu,.cu,6268,3,0,{'#include\\s*<thrust/': 3}
ArchaeaSoftware/cudahandbook,scan/warp/testScanWarp.cu,.cu,12500,2,0,{'#include\\s*<thrust/': 2}
ArchaeaSoftware/cudahandbook,scan/warp/testScanBlock.cu,.cu,15563,2,0,{'#include\\s*<thrust/': 2}
ArchaeaSoftware/cudahandbook,scan/int/timeScan.cu,.cu,5973,2,0,{'#include\\s*<thrust/': 2}
ArchaeaSoftware/cudahandbook,scan/int/testScan.cu,.cu,5895,2,0,{'#include\\s*<thrust/': 2}
GPUSPH/gpusph,src/cuda/buildneibs.cu,.cu,18010,42,5,"{'thrust::': 19, '#include\\s*<thrust/': 4, 'thrust\\s*::\\s*\\w+': 19}"
GPUSPH/gpusph,src/cuda/forces.cu,.cu,40878,23,2,"{'thrust::': 10, '#include\\s*<thrust/': 3, 'thrust\\s*::\\s*\\w+': 10}"
gtn-org/gtn,gtn/cuda/cuda.cu,.cu,3273,39,1,"{'thrust::': 18, '#include\\s*<thrust/': 3, 'thrust\\s*::\\s*\\w+': 18}"
gtn-org/gtn,gtn/cuda/compose.cu,.cu,28732,22,1,"{'thrust::': 9, '#include\\s*<thrust/': 4, 'thrust\\s*::\\s*\\w+': 9}"
gtn-org/gtn,gtn/cuda/shortest.cu,.cu,12097,6,0,"{'thrust::': 2, '#include\\s*<thrust/': 2, 'thrust\\s*::\\s*\\w+': 2}"
gtn-org/gtn,gtn/hd_span.h,.h,8629,2,0,"{'thrust::': 1, 'thrust\\s*::\\s*\\w+': 1}"
Zielon/INSTA-pytorch,bvh/src/bvh_cuda_op.cu,.cu,37321,57,5,"{'thrust::': 20, '#include\\s*<thrust/': 8, 'thrust\\s*::\\s*\\w+': 20, 'device_vector\\s*<': 9}"
Zielon/INSTA-pytorch,bvh/include/aabb.hpp,.hpp,3620,2,1,"{'thrust::': 1, 'thrust\\s*::\\s*\\w+': 1}"
Zielon/INSTA-pytorch,bvh/src/aabb.hpp,.hpp,3620,2,1,"{'thrust::': 1, 'thrust\\s*::\\s*\\w+': 1}"
CMU-SAFARI/prim-benchmarks,TS/baselines/gpu/STREAMP.cu,.cu,23501,34,3,"{'thrust::': 15, '#include\\s*<thrust/': 4, 'thrust\\s*::\\s*\\w+': 15}"
CMU-SAFARI/prim-benchmarks,RED/baselines/gpu/app_baseline.cu,.cu,5372,14,1,"{'thrust::': 4, '#include\\s*<thrust/': 4, 'thrust\\s*::\\s*\\w+': 4, 'device_vector\\s*<': 1, 'host_vector\\s*<': 1}"
CMU-SAFARI/prim-benchmarks,SCAN-RSS/baselines/gpu/app_baseline.cu,.cu,5418,14,0,"{'thrust::': 4, '#include\\s*<thrust/': 4, 'thrust\\s*::\\s*\\w+': 4, 'device_vector\\s*<': 1, 'host_vector\\s*<': 1}"
zhouxian/FluidLab,fluidlab/fluidengine/renderers/gl_renderer_src/FlexRenderer/external/cub-1.3.2/cub/iterator/arg_index_input_iterator.cuh,.cuh,8466,9,0,"{'thrust::': 3, '#include\\s*<thrust/': 3, 'thrust\\s*::\\s*\\w+': 3}"
zhouxian/FluidLab,fluidlab/fluidengine/renderers/gl_renderer_src/FlexRenderer/external/cub-1.3.2/cub/iterator/constant_input_iterator.cuh,.cuh,7644,8,0,"{'thrust::': 3, '#include\\s*<thrust/': 2, 'thrust\\s*::\\s*\\w+': 3}"
zhouxian/FluidLab,fluidlab/fluidengine/renderers/gl_renderer_src/FlexRenderer/external/cub-1.3.2/cub/iterator/cache_modified_output_iterator.cuh,.cuh,8211,8,0,"{'thrust::': 3, '#include\\s*<thrust/': 2, 'thrust\\s*::\\s*\\w+': 3}"
zhouxian/FluidLab,fluidlab/fluidengine/renderers/gl_renderer_src/FlexRenderer/external/cub-1.3.2/cub/iterator/cache_modified_input_iterator.cuh,.cuh,7986,8,0,"{'thrust::': 3, '#include\\s*<thrust/': 2, 'thrust\\s*::\\s*\\w+': 3}"
zhouxian/FluidLab,fluidlab/fluidengine/renderers/gl_renderer_src/FlexRenderer/external/cub-1.3.2/cub/iterator/transform_input_iterator.cuh,.cuh,8604,8,0,"{'thrust::': 3, '#include\\s*<thrust/': 2, 'thrust\\s*::\\s*\\w+': 3}"
zhouxian/FluidLab,fluidlab/fluidengine/renderers/gl_renderer_src/FlexRenderer/external/cub-1.3.2/cub/iterator/tex_obj_input_iterator.cuh,.cuh,10401,8,0,"{'thrust::': 3, '#include\\s*<thrust/': 2, 'thrust\\s*::\\s*\\w+': 3}"
zhouxian/FluidLab,fluidlab/fluidengine/renderers/gl_renderer_src/FlexRenderer/external/cub-1.3.2/cub/iterator/tex_ref_input_iterator.cuh,.cuh,12152,8,0,"{'thrust::': 3, '#include\\s*<thrust/': 2, 'thrust\\s*::\\s*\\w+': 3}"
zhouxian/FluidLab,fluidlab/fluidengine/renderers/gl_renderer_src/FlexRenderer/external/cub-1.3.2/cub/iterator/counting_input_iterator.cuh,.cuh,7300,8,0,"{'thrust::': 3, '#include\\s*<thrust/': 2, 'thrust\\s*::\\s*\\w+': 3}"
JenifferWuUCLA/pulmonary-nodules-MaskRCNN,Faster-RCNN-Git/incubator-mxnet/src/operator/tensor/sort_op-inl.cuh,.cuh,6000,23,0,"{'thrust::': 10, '#include\\s*<thrust/': 3, 'thrust\\s*::\\s*\\w+': 10}"
JenifferWuUCLA/pulmonary-nodules-MaskRCNN,Faster-RCNN-Git/incubator-mxnet/src/kvstore/kvstore_utils.cu,.cu,3795,9,1,"{'thrust::': 3, '#include\\s*<thrust/': 3, 'thrust\\s*::\\s*\\w+': 3}"
JenifferWuUCLA/pulmonary-nodules-MaskRCNN,Faster-RCNN-Git/incubator-mxnet/src/operator/contrib/proposal.cu,.cu,23544,9,0,"{'thrust::': 3, '#include\\s*<thrust/': 3, 'thrust\\s*::\\s*\\w+': 3}"
JenifferWuUCLA/pulmonary-nodules-MaskRCNN,Faster-RCNN-Git/incubator-mxnet/src/operator/contrib/multi_proposal.cu,.cu,24142,9,0,"{'thrust::': 3, '#include\\s*<thrust/': 3, 'thrust\\s*::\\s*\\w+': 3}"
JenifferWuUCLA/pulmonary-nodules-MaskRCNN,Resources/TensorFlow/tensorflow/core/kernels/where_op_gpu.cu.h,.h,13142,6,0,"{'thrust::': 3, 'thrust\\s*::\\s*\\w+': 3}"
JenifferWuUCLA/pulmonary-nodules-MaskRCNN,Faster-RCNN-Git/incubator-mxnet/src/operator/tensor/matrix_op-inl.h,.h,68994,5,0,"{'thrust::': 2, '#include\\s*<thrust/': 1, 'thrust\\s*::\\s*\\w+': 2}"
codereport/Content,Talks/2024-10-C++UnderTheSea/examples/thrust.cu,.cu,695,16,5,"{'thrust::': 6, '#include\\s*<thrust/': 4, 'thrust\\s*::\\s*\\w+': 6}"
codereport/Content,Talks/2021-04-GTC/ThrustAndTheCppStandardAlgorithms/reduce_by_key.cu,.cu,623,8,2,"{'thrust::': 3, '#include\\s*<thrust/': 2, 'thrust\\s*::\\s*\\w+': 3}"
codereport/Content,Talks/2021-04-GTC/ThrustAndTheCppStandardAlgorithms/counting_iterator.cu,.cu,578,6,1,"{'thrust::': 2, '#include\\s*<thrust/': 2, 'thrust\\s*::\\s*\\w+': 2}"
codereport/Content,Talks/2021-04-GTC/ThrustAndTheCppStandardAlgorithms/tabulate_on_device.cu,.cu,374,7,0,"{'thrust::': 2, '#include\\s*<thrust/': 2, 'thrust\\s*::\\s*\\w+': 2, 'device_vector\\s*<': 1}"
codereport/Content,Talks/2021-04-GTC/ThrustAndTheCppStandardAlgorithms/sum_evens.cu,.cu,446,5,1,"{'thrust::': 2, '#include\\s*<thrust/': 1, 'thrust\\s*::\\s*\\w+': 2}"
codereport/Content,Talks/2021-04-GTC/ThrustAndTheCppStandardAlgorithms/gather.cu,.cu,504,3,0,"{'thrust::': 1, '#include\\s*<thrust/': 1, 'thrust\\s*::\\s*\\w+': 1}"
codereport/Content,Talks/2021-04-GTC/ThrustAndTheCppStandardAlgorithms/copy_if.cu,.cu,1213,3,0,"{'thrust::': 1, '#include\\s*<thrust/': 1, 'thrust\\s*::\\s*\\w+': 1}"
codereport/Content,Talks/2021-04-GTC/ThrustAndTheCppStandardAlgorithms/tabulate.cu,.cu,313,3,0,"{'thrust::': 1, '#include\\s*<thrust/': 1, 'thrust\\s*::\\s*\\w+': 1}"
bbuhrow/yafu,cub/cub/device/device_merge_sort.cuh,.cuh,33485,15,0,"{'thrust::': 6, 'thrust\\s*::\\s*\\w+': 6, 'device_vector\\s*<': 3}"
bbuhrow/yafu,cub/cub/device/device_partition.cuh,.cuh,24740,4,0,"{'thrust::': 2, 'thrust\\s*::\\s*\\w+': 2}"
bbuhrow/yafu,cub/cub/iterator/arg_index_input_iterator.cuh,.cuh,8668,3,0,{'#include\\s*<thrust/': 3}
bbuhrow/yafu,cub/cub/device/dispatch/dispatch_segmented_sort.cuh,.cuh,64027,3,0,{'#include\\s*<thrust/': 3}
bbuhrow/yafu,cub/cub/iterator/constant_input_iterator.cuh,.cuh,7558,2,0,{'#include\\s*<thrust/': 2}
bbuhrow/yafu,cub/cub/iterator/cache_modified_output_iterator.cuh,.cuh,8228,2,0,{'#include\\s*<thrust/': 2}
bbuhrow/yafu,cub/cub/iterator/cache_modified_input_iterator.cuh,.cuh,8008,2,0,{'#include\\s*<thrust/': 2}
bbuhrow/yafu,cub/cub/iterator/transform_input_iterator.cuh,.cuh,8378,2,0,{'#include\\s*<thrust/': 2}
bbuhrow/yafu,cub/cub/iterator/tex_obj_input_iterator.cuh,.cuh,11339,2,0,{'#include\\s*<thrust/': 2}
bbuhrow/yafu,cub/cub/iterator/discard_output_iterator.cuh,.cuh,6543,2,0,{'#include\\s*<thrust/': 2}
Chia-Network/bladebit,cuda/cub/device/device_merge_sort.cuh,.cuh,33485,15,0,"{'thrust::': 6, 'thrust\\s*::\\s*\\w+': 6, 'device_vector\\s*<': 3}"
Chia-Network/bladebit,cuda/cub/device/device_partition.cuh,.cuh,25403,4,0,"{'thrust::': 2, 'thrust\\s*::\\s*\\w+': 2}"
Chia-Network/bladebit,cuda/cub/iterator/arg_index_input_iterator.cuh,.cuh,8668,3,0,{'#include\\s*<thrust/': 3}
Chia-Network/bladebit,cuda/cub/device/dispatch/dispatch_segmented_sort.cuh,.cuh,64082,3,0,{'#include\\s*<thrust/': 3}
Chia-Network/bladebit,cuda/cub/iterator/constant_input_iterator.cuh,.cuh,7558,2,0,{'#include\\s*<thrust/': 2}
Chia-Network/bladebit,cuda/cub/iterator/cache_modified_output_iterator.cuh,.cuh,8228,2,0,{'#include\\s*<thrust/': 2}
Chia-Network/bladebit,cuda/cub/iterator/cache_modified_input_iterator.cuh,.cuh,8008,2,0,{'#include\\s*<thrust/': 2}
Chia-Network/bladebit,cuda/cub/iterator/transform_input_iterator.cuh,.cuh,8378,2,0,{'#include\\s*<thrust/': 2}
Chia-Network/bladebit,cuda/cub/iterator/tex_obj_input_iterator.cuh,.cuh,11339,2,0,{'#include\\s*<thrust/': 2}
Chia-Network/bladebit,cuda/cub/iterator/discard_output_iterator.cuh,.cuh,6543,2,0,{'#include\\s*<thrust/': 2}
benfred/implicit,implicit/gpu/knn.cu,.cu,9892,18,3,"{'thrust::': 6, '#include\\s*<thrust/': 6, 'thrust\\s*::\\s*\\w+': 6}"
benfred/implicit,implicit/gpu/matrix.cu,.cu,9169,15,3,"{'thrust::': 6, '#include\\s*<thrust/': 3, 'thrust\\s*::\\s*\\w+': 6}"
benfred/implicit,implicit/gpu/random.cu,.cu,1218,11,1,"{'thrust::': 4, '#include\\s*<thrust/': 3, 'thrust\\s*::\\s*\\w+': 4}"
benfred/implicit,implicit/gpu/bpr.cu,.cu,4837,6,0,"{'thrust::': 2, '#include\\s*<thrust/': 2, 'thrust\\s*::\\s*\\w+': 2}"
ztxz16/fastllm,src/devices/cuda/fastllm-cuda.cu,.cu,259161,43,5,"{'thrust::': 18, '#include\\s*<thrust/': 6, 'thrust\\s*::\\s*\\w+': 18, 'device_vector\\s*<': 1}"
ztxz16/fastllm,src/devices/cuda/fastllm-ggml-cuda.cu,.cu,48273,6,0,{'#include\\s*<thrust/': 6}
morris821028/UVa,OnlineJudge/JudgeGirl/GPGPU-Programming/main.cu,.cu,3639,20,1,"{'thrust::': 7, '#include\\s*<thrust/': 6, 'thrust\\s*::\\s*\\w+': 7}"
morris821028/UVa,OnlineJudge/JudgeGirl/20016. Labeling String (CUDA)/labeling.cu,.cu,814,18,1,"{'thrust::': 7, '#include\\s*<thrust/': 4, 'thrust\\s*::\\s*\\w+': 7}"
morris821028/UVa,OnlineJudge/JudgeGirl/20016. Labeling String (CUDA)/labeling-test.cu,.cu,769,12,1,"{'thrust::': 4, '#include\\s*<thrust/': 4, 'thrust\\s*::\\s*\\w+': 4}"
alibaba/ai-matrix,micro_benchmark/gemm/tensor.h,.h,2225,26,0,"{'thrust::': 12, '#include\\s*<thrust/': 2, 'thrust\\s*::\\s*\\w+': 12}"
alibaba/ai-matrix,macro_benchmark/Faster_RCNN/caffe-fast-rcnn/src/caffe/util/math_functions.cu,.cu,12962,5,0,"{'thrust::': 1, '#include\\s*<thrust/': 3, 'thrust\\s*::\\s*\\w+': 1}"
alibaba/ai-matrix,macro_benchmark/DSSD/src/caffe/util/math_functions.cu,.cu,12962,5,0,"{'thrust::': 1, '#include\\s*<thrust/': 3, 'thrust\\s*::\\s*\\w+': 1}"
alibaba/ai-matrix,macro_benchmark/DSSD/src/caffe/util/bbox_util.cu,.cu,25554,4,1,"{'thrust::': 2, 'thrust\\s*::\\s*\\w+': 2}"
alibaba/ai-matrix,macro_benchmark/SSD_VGG16_Caffe/src/caffe/util/math_functions.cu,.cu,12962,5,0,"{'thrust::': 1, '#include\\s*<thrust/': 3, 'thrust\\s*::\\s*\\w+': 1}"
alibaba/ai-matrix,macro_benchmark/SSD_VGG16_Caffe/src/caffe/util/bbox_util.cu,.cu,25554,4,1,"{'thrust::': 2, 'thrust\\s*::\\s*\\w+': 2}"
kuiwuchn/GPUMPM,src/System/CudaDevice/CudaHostUtils.hpp,.hpp,1411,22,0,"{'thrust::': 9, '#include\\s*<thrust/': 2, 'thrust\\s*::\\s*\\w+': 9, 'device_vector\\s*<': 2}"
kuiwuchn/GPUMPM,src/Simulation/Particle/ParticleDomain.cu,.cu,5762,13,0,"{'thrust::': 5, '#include\\s*<thrust/': 3, 'thrust\\s*::\\s*\\w+': 5}"
kuiwuchn/GPUMPM,src/Simulation/DomainTransform/DomainTransformer.cu,.cu,4571,8,3,"{'thrust::': 4, 'thrust\\s*::\\s*\\w+': 4}"
kuiwuchn/GPUMPM,src/Simulation/DomainTransform/DomainTransformer.cuh,.cuh,2510,1,0,{'#include\\s*<thrust/': 1}
kuiwuchn/GPUMPM,src/Simulation/Particle/ParticleDomain.cuh,.cuh,2878,1,0,{'#include\\s*<thrust/': 1}
kuiwuchn/GPUMPM,src/Simulation/Grid/GridDomain.cuh,.cuh,2001,1,0,{'#include\\s*<thrust/': 1}
h2oai/h2o-tutorials,cuda-workshop/notebook/lab1/lab1b_solution.cu,.cu,996,25,1,"{'thrust::': 8, '#include\\s*<thrust/': 3, 'thrust\\s*::\\s*\\w+': 8, 'device_vector\\s*<': 3, 'host_vector\\s*<': 3}"
h2oai/h2o-tutorials,cuda-workshop/notebook/lab1/lab1b.cu,.cu,939,21,0,"{'thrust::': 6, '#include\\s*<thrust/': 3, 'thrust\\s*::\\s*\\w+': 6, 'device_vector\\s*<': 3, 'host_vector\\s*<': 3}"
sandialabs/omega_h,src/Omega_h_reduce.hpp,.hpp,5321,30,1,"{'thrust::': 14, '#include\\s*<thrust/': 2, 'thrust\\s*::\\s*\\w+': 14}"
sandialabs/omega_h,src/Omega_h_scan.hpp,.hpp,7876,13,2,"{'thrust::': 5, '#include\\s*<thrust/': 3, 'thrust\\s*::\\s*\\w+': 5}"
penn-graphics-research/claymore,Library/MnSystem/Cuda/HostUtils.hpp,.hpp,3014,22,0,"{'thrust::': 9, '#include\\s*<thrust/': 2, 'thrust\\s*::\\s*\\w+': 9, 'device_vector\\s*<': 2}"
penn-graphics-research/claymore,Library/MnBase/Algorithm/ParallelPatterns.cuh,.cuh,5254,14,1,"{'thrust::': 6, '#include\\s*<thrust/': 2, 'thrust\\s*::\\s*\\w+': 6}"
penn-graphics-research/claymore,Projects/GMPM/gmpm_simulator.cuh,.cuh,36078,4,0,"{'thrust::': 2, 'thrust\\s*::\\s*\\w+': 2}"
penn-graphics-research/claymore,Projects/MGSP/mgsp_benchmark.cuh,.cuh,35752,4,0,"{'thrust::': 2, 'thrust\\s*::\\s*\\w+': 2}"
botforge/CUDA-ScanMatcher-ICP,src/scanmatch.cu,.cu,21659,20,3,"{'thrust::': 10, 'thrust\\s*::\\s*\\w+': 10}"
botforge/CUDA-ScanMatcher-ICP,src/pointcloud.cu,.cu,9912,4,0,"{'thrust::': 2, 'thrust\\s*::\\s*\\w+': 2}"
botforge/CUDA-ScanMatcher-ICP,src/scanmatch.h,.h,1424,4,0,{'#include\\s*<thrust/': 4}
botforge/CUDA-ScanMatcher-ICP,src/pointcloud.h,.h,1229,4,0,{'#include\\s*<thrust/': 4}
botforge/CUDA-ScanMatcher-ICP,src/W.cu,.cu,9914,4,0,"{'thrust::': 2, 'thrust\\s*::\\s*\\w+': 2}"
botforge/CUDA-ScanMatcher-ICP,src/octree.h,.h,1746,4,0,{'#include\\s*<thrust/': 4}
BachiLi/redner,src/thrust_utils.h,.h,3145,32,0,"{'thrust::': 14, '#include\\s*<thrust/': 4, 'thrust\\s*::\\s*\\w+': 14}"
BachiLi/redner,src/envmap.h,.h,12880,10,0,"{'thrust::': 4, '#include\\s*<thrust/': 2, 'thrust\\s*::\\s*\\w+': 4}"
NVIDIA-ISAAC-ROS/isaac_ros_nvblox,nvblox_ros/src/lib/conversions/image_conversions_thrust.cu,.cu,6456,23,2,"{'thrust::': 10, '#include\\s*<thrust/': 2, 'thrust\\s*::\\s*\\w+': 10, 'thrust\\.h': 1}"
NVIDIA-ISAAC-ROS/isaac_ros_nvblox,nvblox_ros/src/lib/conversions/pointcloud_conversions.cu,.cu,9410,7,1,"{'thrust::': 2, '#include\\s*<thrust/': 2, 'thrust\\s*::\\s*\\w+': 2, 'device_vector\\s*<': 1}"
NVIDIA-ISAAC-ROS/isaac_ros_nvblox,nvblox_ros/include/nvblox_ros/conversions/pointcloud_conversions.hpp,.hpp,3419,4,0,"{'device_vector\\s*<': 3, 'host_vector\\s*<': 1}"
NVIDIA-ISAAC-ROS/isaac_ros_nvblox,nvblox_ros/include/nvblox_ros/conversions/esdf_slice_conversions.hpp,.hpp,3056,2,0,{'device_vector\\s*<': 2}
NVIDIA-ISAAC-ROS/isaac_ros_nvblox,nvblox_ros/include/nvblox_ros/rosbag_data_loader.hpp,.hpp,10142,1,0,{'thrust\\.h': 1}
NVIDIA-ISAAC-ROS/isaac_ros_nvblox,nvblox_ros/include/nvblox_ros/conversions/image_conversions.hpp,.hpp,4595,1,0,{'thrust\\.h': 1}
bryancatanzaro/copperhead,src/copperhead/runtime/tuple_utilities.hpp,.hpp,5283,33,0,"{'thrust::': 16, '#include\\s*<thrust/': 1, 'thrust\\s*::\\s*\\w+': 16}"
SJTU-IPADS/wukong,core/gpu/gpu_hash.cu,.cu,28780,15,1,"{'thrust::': 7, '#include\\s*<thrust/': 1, 'thrust\\s*::\\s*\\w+': 7}"
SJTU-IPADS/wukong,core/gpu/gpu_engine_cuda.hpp,.hpp,14924,12,0,"{'thrust::': 6, 'thrust\\s*::\\s*\\w+': 6}"
SJTU-IPADS/wukong,core/gpu/gpu_hash.hpp,.hpp,5599,4,0,{'#include\\s*<thrust/': 4}
dean0x7d/pybinding,cppcore/cuda/kpm/calc_moments.cu,.cu,8231,18,0,"{'#include\\s*<thrust/': 2, 'device_vector\\s*<': 10, 'host_vector\\s*<': 5, 'thrust\\.h': 1}"
dean0x7d/pybinding,cppcore/cuda/traits.cuh,.cuh,1904,7,0,"{'thrust::': 3, 'thrust\\s*::\\s*\\w+': 3, 'thrust\\.h': 1}"
dean0x7d/pybinding,cppcore/cuda/kpm/calc_moments.hpp,.hpp,1491,3,0,"{'host_vector\\s*<': 2, 'thrust\\.h': 1}"
dean0x7d/pybinding,cppcore/cuda/thrust.hpp,.hpp,307,2,0,{'#include\\s*<thrust/': 2}
dean0x7d/pybinding,cppcore/cuda/CMakeLists.txt,.txt,619,1,0,{'thrust\\.h': 1}
XuezheMax/megalodon,megalodon/csrc/kahan.h,.h,2512,15,1,"{'thrust::': 7, '#include\\s*<thrust/': 1, 'thrust\\s*::\\s*\\w+': 7}"
XuezheMax/megalodon,megalodon/csrc/fft.cuh,.cuh,23305,3,0,"{'thrust::': 1, '#include\\s*<thrust/': 1, 'thrust\\s*::\\s*\\w+': 1}"
XuezheMax/megalodon,megalodon/csrc/cuda_utils.cuh,.cuh,3721,2,0,{'#include\\s*<thrust/': 2}
XuezheMax/megalodon,megalodon/csrc/reduce.cuh,.cuh,7442,2,0,{'#include\\s*<thrust/': 2}
XuezheMax/megalodon,megalodon/csrc/softmax.cuh,.cuh,11101,1,0,{'#include\\s*<thrust/': 1}
XuezheMax/megalodon,megalodon/csrc/ops/timestep_norm_kernel.cu,.cu,68999,1,0,{'#include\\s*<thrust/': 1}
XuezheMax/megalodon,megalodon/csrc/ops/sequence_norm_kernel.cu,.cu,54342,1,0,{'#include\\s*<thrust/': 1}
LCH1238/bevdet-tensorrt-cpp,src/postprocess.cu,.cu,11220,15,1,"{'thrust::': 5, '#include\\s*<thrust/': 5, 'thrust\\s*::\\s*\\w+': 5}"
LCH1238/bevdet-tensorrt-cpp,include/iou3d_nms.h,.h,1264,7,0,{'#include\\s*<thrust/': 7}
LCH1238/bevdet-tensorrt-cpp,src/preprocess.cu,.cu,9621,1,0,{'#include\\s*<thrust/': 1}
xlvector/learning-dl,cuda/seq_runtime.cu,.cu,806,11,1,"{'thrust::': 3, '#include\\s*<thrust/': 4, 'thrust\\s*::\\s*\\w+': 3, 'device_vector\\s*<': 1}"
xlvector/learning-dl,cuda/seq.cu,.cu,536,11,1,"{'thrust::': 3, '#include\\s*<thrust/': 4, 'thrust\\s*::\\s*\\w+': 3, 'device_vector\\s*<': 1}"
risc0/risc0,risc0/circuit/recursion-sys/kernels/cuda/ffi.cu,.cu,11169,11,1,"{'thrust::': 4, '#include\\s*<thrust/': 3, 'thrust\\s*::\\s*\\w+': 4}"
risc0/risc0,risc0/circuit/rv32im-sys/kernels/cuda/ffi.cu,.cu,16692,6,1,"{'thrust::': 2, '#include\\s*<thrust/': 2, 'thrust\\s*::\\s*\\w+': 2}"
risc0/risc0,risc0/circuit/recursion-sys/kernels/cuda/context.h,.h,2279,3,0,"{'thrust::': 1, '#include\\s*<thrust/': 1, 'thrust\\s*::\\s*\\w+': 1}"
VAST-AI-Research/Deformable-Radial-Kernel-Splatting,submodules/simple-knn/simple_knn.cu,.cu,6437,22,0,"{'thrust::': 7, '#include\\s*<thrust/': 2, 'thrust\\s*::\\s*\\w+': 7, 'device_vector\\s*<': 6}"
NVIDIA-Merlin/HierarchicalKV,include/merlin/array_kernels.cuh,.cuh,4479,10,0,"{'thrust::': 5, 'thrust\\s*::\\s*\\w+': 5}"
NVIDIA-Merlin/HierarchicalKV,include/merlin_hashtable.cuh,.cuh,153399,7,0,"{'thrust::': 2, '#include\\s*<thrust/': 3, 'thrust\\s*::\\s*\\w+': 2}"
NVIDIA-Merlin/HierarchicalKV,include/merlin/allocator.cuh,.cuh,4514,5,0,"{'thrust::': 2, '#include\\s*<thrust/': 1, 'thrust\\s*::\\s*\\w+': 2}"
Xtra-Computing/FedTree,include/FedTree/util/cub_wrapper.h,.h,8953,12,2,"{'thrust::': 6, 'thrust\\s*::\\s*\\w+': 6}"
Xtra-Computing/FedTree,include/FedTree/Tree/hist_tree_builder.h,.h,6398,6,0,"{'thrust::': 2, '#include\\s*<thrust/': 2, 'thrust\\s*::\\s*\\w+': 2}"
Xtra-Computing/FedTree,include/FedTree/common.h,.h,12509,2,0,"{'thrust::': 1, 'thrust\\s*::\\s*\\w+': 1}"
deeplearningais/curfil,src/curfil/random_tree_image_gpu.cu,.cu,77509,20,1,"{'thrust::': 9, '#include\\s*<thrust/': 2, 'thrust\\s*::\\s*\\w+': 9}"
ovilab/atomify,libs/lammps/lib/kokkos/example/sort_array/sort_array.hpp,.hpp,6128,8,1,"{'thrust::': 3, '#include\\s*<thrust/': 2, 'thrust\\s*::\\s*\\w+': 3}"
ovilab/atomify,libs/lammps/lib/kokkos/example/grow_array/grow_array.hpp,.hpp,9332,8,1,"{'thrust::': 3, '#include\\s*<thrust/': 2, 'thrust\\s*::\\s*\\w+': 3}"
paboyle/Grid,Grid/simd/Simd.h,.h,14116,15,0,"{'thrust::': 7, '#include\\s*<thrust/': 1, 'thrust\\s*::\\s*\\w+': 7}"
paboyle/Grid,Grid/tensors/Tensor_SIMT.h,.h,6816,2,0,"{'thrust::': 1, 'thrust\\s*::\\s*\\w+': 1}"
aerostack2/aerostack2,as2_motion_controller/include/as2_motion_controller/controller_handler.hpp,.hpp,8367,3,0,"{'thrust::': 1, 'thrust\\s*::\\s*\\w+': 1, 'thrust\\.h': 1}"
aerostack2/aerostack2,as2_user_interfaces/as2_alphanumeric_viewer/include/as2_alphanumeric_viewer/alphanumeric_viewer.hpp,.hpp,8043,3,0,"{'thrust::': 1, 'thrust\\s*::\\s*\\w+': 1, 'thrust\\.h': 1}"
aerostack2/aerostack2,as2_motion_controller/plugins/differential_flatness_controller/include/differential_flatness_controller/differential_flatness_controller.hpp,.hpp,7043,1,0,{'thrust\\.h': 1}
aerostack2/aerostack2,as2_motion_controller/plugins/pid_speed_controller/include/pid_speed_controller/pid_speed_controller.hpp,.hpp,8954,1,0,{'thrust\\.h': 1}
aerostack2/aerostack2,as2_motion_controller/include/as2_motion_controller/controller_base.hpp,.hpp,6908,1,0,{'thrust\\.h': 1}
aerostack2/aerostack2,as2_core/tests/mocks/aerial_platform/mock_aerial_platform.hpp,.hpp,13316,1,0,{'thrust\\.h': 1}
aerostack2/aerostack2,as2_core/include/as2_core/aerial_platform.hpp,.hpp,13444,1,0,{'thrust\\.h': 1}
aerostack2/aerostack2,as2_core/include/as2_core/as2_basic_behavior.hpp,.hpp,4688,1,0,{'thrust\\.h': 1}
aerostack2/aerostack2,as2_motion_reference_handlers/include/as2_motion_reference_handlers/basic_motion_references.hpp,.hpp,3928,1,0,{'thrust\\.h': 1}
aerostack2/aerostack2,as2_behaviors/as2_behavior/include/as2_behavior/as2_basic_behavior.hpp,.hpp,4474,1,0,{'thrust\\.h': 1}
uos/lvr2,src/liblvr2/reconstruction/cuda/LBVHIndex.cu,.cu,24797,5,2,"{'thrust::': 2, '#include\\s*<thrust/': 1, 'thrust\\s*::\\s*\\w+': 2}"
uos/lvr2,src/liblvr2/reconstruction/cuda/CudaSurface.cu,.cu,39810,5,0,"{'thrust::': 2, 'thrust\\s*::\\s*\\w+': 2, 'device_vector\\s*<': 1}"
dlunion/tensorRTIntegrate,src/onnx_parser/Split.hpp,.hpp,4452,7,0,"{'thrust::': 2, '#include\\s*<thrust/': 1, 'thrust\\s*::\\s*\\w+': 2, 'device_vector\\s*<': 2}"
dlunion/tensorRTIntegrate,src/onnx_parser/Split.cu,.cu,4809,4,0,"{'thrust::': 2, 'thrust\\s*::\\s*\\w+': 2}"
lppllppl920/SAGE-SLAM,system/thirdparty/vision_core/include/VisionCore/MemoryPolicyCUDA.hpp,.hpp,8470,3,0,"{'thrust::': 1, '#include\\s*<thrust/': 1, 'thrust\\s*::\\s*\\w+': 1}"
lppllppl920/SAGE-SLAM,system/thirdparty/vision_core/include/VisionCore/Buffers/Buffer2D.hpp,.hpp,29572,3,0,"{'thrust::': 1, '#include\\s*<thrust/': 1, 'thrust\\s*::\\s*\\w+': 1}"
lppllppl920/SAGE-SLAM,system/thirdparty/vision_core/include/VisionCore/Buffers/Buffer3D.hpp,.hpp,23732,2,0,"{'thrust::': 1, 'thrust\\s*::\\s*\\w+': 1}"
lppllppl920/SAGE-SLAM,system/thirdparty/vision_core/include/VisionCore/Buffers/Buffer1D.hpp,.hpp,23761,2,0,"{'thrust::': 1, 'thrust\\s*::\\s*\\w+': 1}"
lppllppl920/SAGE-SLAM,system/thirdparty/vision_core/include/VisionCore/Buffers/Volume.hpp,.hpp,11624,1,0,{'#include\\s*<thrust/': 1}
mit-aera/FlightGoggles,flightgoggles_uav_dynamics/src/flightgoggles_uav_dynamics_node.hpp,.hpp,6260,5,0,"{'thrust::': 2, 'thrust\\s*::\\s*\\w+': 2, 'thrust\\.h': 1}"
mit-aera/FlightGoggles,flightgoggles_car_dynamics/src/flightgoggles_car_dynamics_node.hpp,.hpp,2823,5,0,"{'thrust::': 2, 'thrust\\s*::\\s*\\w+': 2, 'thrust\\.h': 1}"
reed-lau/cute-gemm,3rd/cutlass/include/cute/arch/mma_sm90.hpp,.hpp,47771,6,0,"{'thrust::': 3, 'thrust\\s*::\\s*\\w+': 3}"
reed-lau/cute-gemm,3rd/cutlass/include/cute/arch/mma_sm80.hpp,.hpp,68426,2,0,"{'thrust::': 1, 'thrust\\s*::\\s*\\w+': 1}"
reed-lau/cute-gemm,3rd/cutlass/include/cute/container/tuple.hpp,.hpp,21158,2,0,"{'thrust::': 1, 'thrust\\s*::\\s*\\w+': 1}"
arborx/ArborX,src/kokkos_ext/ArborX_KokkosExtSort.hpp,.hpp,7060,8,1,"{'thrust::': 3, '#include\\s*<thrust/': 2, 'thrust\\s*::\\s*\\w+': 3}"
ThomasKroes/exposure-render,Source/gradientmagnitude.cuh,.cuh,2611,7,1,"{'thrust::': 3, '#include\\s*<thrust/': 1, 'thrust\\s*::\\s*\\w+': 3}"
DawyD/bm3d-gpu,include/bm3d.hpp,.hpp,33385,6,0,"{'thrust::': 2, '#include\\s*<thrust/': 2, 'thrust\\s*::\\s*\\w+': 2}"
flybywiresim/aircraft,fbw-a380x/src/wasm/fbw_a380/src/FlyByWireInterface.h,.h,26347,3,0,"{'thrust::': 1, 'thrust\\s*::\\s*\\w+': 1, 'thrust\\.h': 1}"
flybywiresim/aircraft,fbw-a380x/src/wasm/fbw_a380/src/recording/FlightDataRecorder.h,.h,1702,1,0,{'thrust\\.h': 1}
netwarm007/GameEngineFromScratch,Framework/Algorism/BVH.hpp,.hpp,8989,3,1,"{'thrust::': 1, '#include\\s*<thrust/': 1, 'thrust\\s*::\\s*\\w+': 1}"
headwindsim/aircraft,hdw-a333x/src/wasm/fbw_a330/src/FlyByWireInterface.h,.h,24630,3,0,"{'thrust::': 1, 'thrust\\s*::\\s*\\w+': 1, 'thrust\\.h': 1}"
headwindsim/aircraft,hdw-a333x/src/wasm/fbw_a330/src/recording/FlightDataRecorder.h,.h,1586,1,0,{'thrust\\.h': 1}
